  0.0000, -1.0000,  2.0000,  0.0000, -1.0000,  2.0000,  0.0000, -1.0000,  2.0000,  0.0000, -1.0000,  2.0000
  0.0000, -1.0000,  2.0000,  0.0000, -1.0000,  2.0000,  0.0000, -1.0000,  2.0000,  0.0000, -1.0000,  2.0000
 -0.0003, -1.0002,  1.9990, -0.0003, -1.0006,  1.9988,  0.0004, -0.9995,  1.9974,  0.0004, -1.0000,  1.9977
 -0.0009, -1.0010,  1.9968, -0.0009, -1.0019,  1.9962,  0.0011, -0.9991,  1.9928,  0.0011, -1.0007,  1.9937
 -0.0015, -1.0025,  1.9932, -0.0015, -1.0040,  1.9921,  0.0019, -0.9994,  1.9866,  0.0019, -1.0020,  1.9881
 -0.0022, -1.0048,  1.9879, -0.0022, -1.0069,  1.9863,  0.0028, -1.0004,  1.9789,  0.0028, -1.0043,  1.9810
 -0.0027, -1.0077,  1.9808, -0.0027, -1.0104,  1.9788,  0.0036, -1.0024,  1.9699,  0.0036, -1.0074,  1.9726
 -0.0031, -1.0115,  1.9714, -0.0031, -1.0146,  1.9691,  0.0043, -1.0056,  1.9597,  0.0043, -1.0114,  1.9628
 -0.0038, -1.0159,  1.9617,  0.0026, -1.0193,  1.9828, -0.0009, -1.0140,  1.9750,  0.0049, -1.0166,  1.9532
 -0.0049, -1.0207,  1.9519,  0.0086, -1.0235,  2.0033, -0.0068, -1.0228,  1.9980,  0.0055, -1.0226,  1.9438
 -0.0062, -1.0259,  1.9418,  0.0143, -1.0269,  2.0289, -0.0127, -1.0308,  2.0263,  0.0060, -1.0290,  1.9342
 -0.0076, -1.0312,  1.9314,  0.0199, -1.0287,  2.0574, -0.0188, -1.0373,  2.0576,  0.0066, -1.0356,  1.9242
 -0.0091, -1.0365,  1.9204,  0.0253, -1.0281,  2.0868, -0.0250, -1.0414,  2.0899,  0.0071, -1.0422,  1.9134
 -0.0106, -1.0416,  1.9085,  0.0308, -1.0245,  2.1152, -0.0313, -1.0425,  2.1211,  0.0077, -1.0485,  1.9017
 -0.0120, -1.0463,  1.8954,  0.0364, -1.0174,  2.1403, -0.0378, -1.0401,  2.1492,  0.0083, -1.0543,  1.8888
 -0.0132, -1.0505,  1.8809,  0.0422, -1.0064,  2.1604, -0.0443, -1.0339,  2.1721,  0.0089, -1.0595,  1.8743
 -0.0141, -1.0539,  1.8645,  0.0481, -0.9915,  2.1733, -0.0508, -1.0237,  2.1879,  0.0094, -1.0638,  1.8581
 -0.0148, -1.0563,  1.8460,  0.0541, -0.9730,  2.1770, -0.0569, -1.0099,  2.1943,  0.0100, -1.0670,  1.8396
 -0.0151, -1.0575,  1.8248,  0.0601, -0.9513,  2.1695, -0.0624, -0.9926,  2.1895,  0.0106, -1.0686,  1.8184
 -0.0151, -1.0571,  1.8006,  0.0658, -0.9272,  2.1492, -0.0669, -0.9726,  2.1715,  0.0111, -1.0683,  1.7941
 -0.0145, -1.0549,  1.7728,  0.0706, -0.9026,  2.1173, -0.0699, -0.9517,  2.1415,  0.0115, -1.0657,  1.7659
 -0.0134, -1.0504,  1.7408,  0.0729, -0.8821,  2.0761, -0.0700, -0.9338,  2.1015,  0.0118, -1.0605,  1.7333
 -0.0119, -1.0441,  1.7040,  0.0694, -0.8833,  2.0724, -0.0646, -0.9348,  2.0979,  0.0119, -1.0534,  1.6967
 -0.0165, -1.0505,  1.7096,  0.0744, -0.8720,  2.0164, -0.0658, -0.9229,  2.0411,  0.0170, -1.0627,  1.7026
 -0.0211, -1.0602,  1.7270,  0.0814, -0.8590,  1.9608, -0.0692, -0.9095,  1.9849,  0.0221, -1.0761,  1.7209
 -0.0255, -1.0715,  1.7539,  0.0887, -0.8479,  1.9081, -0.0731, -0.8980,  1.9318,  0.0271, -1.0913,  1.7489
 -0.0298, -1.0836,  1.7891,  0.0960, -0.8404,  1.8604, -0.0772, -0.8901,  1.8838,  0.0323, -1.1076,  1.7856
 -0.0342, -1.0962,  1.8316,  0.1033, -0.8379,  1.8196, -0.0817, -0.8874,  1.8428,  0.0378, -1.1247,  1.8299
 -0.0387, -1.1085,  1.8802,  0.1107, -0.8416,  1.7875, -0.0865, -0.8910,  1.8107,  0.0438, -1.1419,  1.8808
 -0.0434, -1.1199,  1.9340,  0.1183, -0.8527,  1.7659, -0.0919, -0.9022,  1.7893,  0.0505, -1.1586,  1.9372
 -0.0486, -1.1295,  1.9918,  0.1265, -0.8716,  1.7559, -0.0980, -0.9215,  1.7796,  0.0580, -1.1740,  1.9981
 -0.0547, -1.1359,  2.0524,  0.1349, -0.8942,  1.7559, -0.1038, -0.9451,  1.7799,  0.0661, -1.1859,  2.0616
 -0.0592, -1.1323,  2.0562,  0.1386, -0.9239,  1.7869, -0.1056, -0.9753,  1.8089,  0.0710, -1.1831,  2.0654
 -0.0655, -1.1255,  2.1021,  0.1420, -0.9512,  1.8116, -0.1069, -1.0030,  1.8322,  0.0776, -1.1798,  2.1127
 -0.0718, -1.1123,  2.1418,  0.1450, -0.9762,  1.8309, -0.1079, -1.0283,  1.8501,  0.0837, -1.1705,  2.1543
 -0.0780, -1.0925,  2.1742,  0.1477, -0.9992,  1.8453, -0.1087, -1.0516,  1.8631,  0.0894, -1.1547,  2.1889
 -0.0841, -1.0669,  2.1990,  0.1498, -1.0204,  1.8553, -0.1092, -1.0729,  1.8718,  0.0946, -1.1328,  2.2162
 -0.0898, -1.0363,  2.2154,  0.1516, -1.0398,  1.8611, -0.1096, -1.0923,  1.8764,  0.0994, -1.1055,  2.2354
 -0.0949, -1.0017,  2.2229,  0.1528, -1.0575,  1.8629, -0.1097, -1.1099,  1.8772,  0.1035, -1.0737,  2.2459
 -0.0995, -0.9644,  2.2210,  0.1536, -1.0734,  1.8608, -0.1097, -1.1256,  1.8741,  0.1068, -1.0386,  2.2472
 -0.1034, -0.9260,  2.2103,  0.1538, -1.0875,  1.8548, -0.1095, -1.1393,  1.8672,  0.1092, -1.0018,  2.2397
 -0.1065, -0.8877,  2.1914,  0.1535, -1.0997,  1.8449, -0.1091, -1.1509,  1.8563,  0.1107, -0.9645,  2.2239
 -0.1088, -0.8505,  2.1650,  0.1527, -1.1097,  1.8308, -0.1086, -1.1603,  1.8413,  0.1112, -0.9280,  2.2006
 -0.1104, -0.8155,  2.1318,  0.1512, -1.1173,  1.8123, -0.1079, -1.1670,  1.8218,  0.1107, -0.8932,  2.1702
 -0.1111, -0.7832,  2.0926,  0.1492, -1.1223,  1.7889, -0.1070, -1.1707,  1.7973,  0.1091, -0.8609,  2.1334
 -0.1108, -0.7548,  2.0481,  0.1465, -1.1242,  1.7602, -0.1059, -1.1710,  1.7671,  0.1062, -0.8323,  2.0907
 -0.1087, -0.7334,  1.9999,  0.1431, -1.1227,  1.7253, -0.1045, -1.1675,  1.7305,  0.1012, -0.8106,  2.0436
 -0.1048, -0.7345,  1.9962,  0.1393, -1.1177,  1.6833, -0.1028, -1.1608,  1.6876,  0.0953, -0.8116,  2.0403
 -0.1059, -0.7229,  1.9430,  0.1367, -1.1258,  1.6874, -0.1022, -1.1685,  1.6893,  0.0937, -0.7989,  1.9879
 -0.1092, -0.7118,  1.8935,  0.1341, -1.1380,  1.7036, -0.1019, -1.1809,  1.7038,  0.0945, -0.7866,  1.9395
 -0.1131, -0.7044,  1.8497,  0.1319, -1.1526,  1.7296, -0.1022, -1.1962,  1.7285,  0.0965, -0.7782,  1.8969
 -0.1173, -0.7019,  1.8124,  0.1300, -1.1690,  1.7641, -0.1033, -1.2137,  1.7623,  0.0992, -0.7752,  1.8611
 -0.1216, -0.7053,  1.7824,  0.1285, -1.1867,  1.8061, -0.1052, -1.2331,  1.8042,  0.1025, -0.7782,  1.8329
 -0.1262, -0.7152,  1.7606,  0.1272, -1.2052,  1.8545, -0.1080, -1.2538,  1.8530,  0.1066, -0.7881,  1.8129
 -0.1312, -0.7321,  1.7472,  0.1263, -1.2237,  1.9083, -0.1117, -1.2751,  1.9076,  0.1115, -0.8053,  1.8017
 -0.1366, -0.7554,  1.7420,  0.1259, -1.2413,  1.9662, -0.1165, -1.2962,  1.9671,  0.1172, -0.8295,  1.7989
 -0.1425, -0.7797,  1.7417,  0.1271, -1.2552,  2.0264, -0.1222, -1.3140,  2.0287,  0.1226, -0.8556,  1.8011
 -0.1459, -0.8145,  1.7758,  0.1313, -1.2527,  2.0300, -0.1256, -1.3123,  2.0324,  0.1248, -0.8907,  1.8317
 -0.1492, -0.8463,  1.8035,  0.1352, -1.2506,  2.0764, -0.1315, -1.3133,  2.0798,  0.1263, -0.9226,  1.8560
 -0.1519, -0.8754,  1.8256,  0.1386, -1.2420,  2.1178, -0.1366, -1.3081,  2.1224,  0.1274, -0.9514,  1.8744
 -0.1541, -0.9020,  1.8426,  0.1414, -1.2260,  2.1528, -0.1409, -1.2955,  2.1590,  0.1281, -0.9775,  1.8876
 -0.1558, -0.9265,  1.8549,  0.1436, -1.2029,  2.1808, -0.1444, -1.2756,  2.1887,  0.1284, -1.0011,  1.8962
 -0.1569, -0.9490,  1.8629,  0.1453, -1.1729,  2.2008, -0.1469, -1.2486,  2.2108,  0.1284, -1.0224,  1.9006
 -0.1576, -0.9694,  1.8669,  0.1461, -1.1371,  2.2121, -0.1484, -1.2152,  2.2244,  0.1281, -1.0414,  1.9009
 -0.1577, -0.9878,  1.8670,  0.1461, -1.0966,  2.2140, -0.1488, -1.1765,  2.2289,  0.1276, -1.0582,  1.8975
 -0.1573, -1.0041,  1.8631,  0.1452, -1.0529,  2.2068, -0.1480, -1.1340,  2.2244,  0.1268, -1.0727,  1.8902
 -0.1564, -1.0183,  1.8553,  0.1436, -1.0076,  2.1910, -0.1460, -1.0892,  2.2114,  0.1258, -1.0849,  1.8792
 -0.1550, -1.0302,  1.8435,  0.1412, -0.9621,  2.1673, -0.1430, -1.0436,  2.1902,  0.1246, -1.0946,  1.8642
 -0.1531, -1.0396,  1.8274,  0.1382, -0.9176,  2.1362, -0.1390, -0.9985,  2.1615,  0.1232, -1.1016,  1.8449
 -0.1506, -1.0463,  1.8066,  0.1345, -0.8752,  2.0984, -0.1339, -0.9550,  2.1258,  0.1217, -1.1056,  1.8210
 -0.1475, -1.0499,  1.7808,  0.1299, -0.8365,  2.0547, -0.1277, -0.9147,  2.0837,  0.1201, -1.1063,  1.7919
 -0.1439, -1.0503,  1.7492,  0.1241, -0.8061,  2.0074, -0.1200, -0.8826,  2.0376,  0.1183, -1.1036,  1.7571
 -0.1399, -1.0477,  1.7102,  0.1198, -0.8063,  2.0040, -0.1142, -0.8824,  2.0345,  0.1163, -1.0991,  1.7172
 -0.1368, -1.0516,  1.7165,  0.1185, -0.7872,  1.9514, -0.1101, -0.8607,  1.9821,  0.1150, -1.1029,  1.7216
 -0.1339, -1.0584,  1.7333,  0.1193, -0.7679,  1.9017, -0.1081, -0.8388,  1.9325,  0.1139, -1.1102,  1.7371
 -0.1315, -1.0673,  1.7591,  0.1211, -0.7527,  1.8572, -0.1073, -0.8214,  1.8882,  0.1134, -1.1202,  1.7622
 -0.1294, -1.0779,  1.7927,  0.1233, -0.7432,  1.8193, -0.1074, -0.8100,  1.8506,  0.1138, -1.1323,  1.7957
 -0.1278, -1.0895,  1.8332,  0.1259, -0.7401,  1.7886, -0.1083, -0.8052,  1.8205,  0.1149, -1.1460,  1.8366
 -0.1266, -1.1017,  1.8796,  0.1289, -0.7440,  1.7659, -0.1100, -0.8077,  1.7986,  0.1169, -1.1608,  1.8839
 -0.1257, -1.1138,  1.9309,  0.1324, -0.7552,  1.7518, -0.1126, -0.8180,  1.7854,  0.1199, -1.1760,  1.9368
 -0.1255, -1.1248,  1.9860,  0.1365, -0.7735,  1.7461, -0.1158, -0.8357,  1.7808,  0.1239, -1.1908,  1.9940
 -0.1267, -1.1330,  2.0436,  0.1412, -0.7938,  1.7459, -0.1192, -0.8564,  1.7820,  0.1288, -1.2029,  2.0537
 -0.1311, -1.1303,  2.0471,  0.1449, -0.8274,  1.7793, -0.1212, -0.8903,  1.8125,  0.1326, -1.2012,  2.0571
 -0.1356, -1.1281,  2.0910,  0.1484, -0.8580,  1.8064, -0.1226, -0.9211,  1.8368,  0.1384, -1.2016,  2.1018
 -0.1396, -1.1203,  2.1293,  0.1514, -0.8860,  1.8279, -0.1236, -0.9489,  1.8553,  0.1432, -1.1966,  2.1410
 -0.1431, -1.1063,  2.1609,  0.1540, -0.9115,  1.8444, -0.1244, -0.9740,  1.8688,  0.1471, -1.1853,  2.1737
 -0.1460, -1.0865,  2.1852,  0.1561, -0.9350,  1.8564, -0.1248, -0.9968,  1.8777,  0.1501, -1.1680,  2.1994
 -0.1482, -1.0615,  2.2015,  0.1576, -0.9564,  1.8641, -0.1251, -1.0173,  1.8825,  0.1521, -1.1450,  2.2173
 -0.1495, -1.0321,  2.2093,  0.1587, -0.9759,  1.8679, -0.1251, -1.0358,  1.8834,  0.1530, -1.1171,  2.2269
 -0.1498, -0.9994,  2.2081,  0.1592, -0.9934,  1.8679, -0.1248, -1.0521,  1.8805,  0.1527, -1.0852,  2.2276
 -0.1491, -0.9646,  2.1984,  0.1593, -1.0090,  1.8640, -0.1244, -1.0662,  1.8739,  0.1513, -1.0506,  2.2199
 -0.1476, -0.9289,  2.1806,  0.1588, -1.0225,  1.8562, -0.1238, -1.0782,  1.8636,  0.1488, -1.0145,  2.2041
 -0.1452, -0.8934,  2.1556,  0.1577, -1.0338,  1.8445, -0.1230, -1.0878,  1.8493,  0.1453, -0.9780,  2.1809
 -0.1421, -0.8588,  2.1237,  0.1561, -1.0427,  1.8284, -0.1220, -1.0947,  1.8307,  0.1408, -0.9421,  2.1507
 -0.1383, -0.8259,  2.0858,  0.1540, -1.0489,  1.8077, -0.1208, -1.0988,  1.8075,  0.1354, -0.9076,  2.1141
 -0.1336, -0.7959,  2.0424,  0.1511, -1.0522,  1.7818, -0.1194, -1.0996,  1.7790,  0.1290, -0.8756,  2.0716
 -0.1278, -0.7724,  1.9953,  0.1477, -1.0522,  1.7502, -0.1178, -1.0969,  1.7446,  0.1214, -0.8501,  2.0251
 -0.1235, -0.7735,  1.9918,  0.1438, -1.0491,  1.7113, -0.1158, -1.0918,  1.7046,  0.1157, -0.8508,  2.0219
 -0.1225, -0.7605,  1.9403,  0.1404, -1.0528,  1.7174, -0.1144, -1.0960,  1.7100,  0.1119, -0.8350,  1.9698
 -0.1235, -0.7476,  1.8923,  0.1372, -1.0595,  1.7341, -0.1133, -1.1039,  1.7266,  0.1101, -0.8191,  1.9210
 -0.1253, -0.7381,  1.8498,  0.1345, -1.0683,  1.7597, -0.1128, -1.1146,  1.7527,  0.1095, -0.8069,  1.8777
 -0.1276, -0.7332,  1.8137,  0.1323, -1.0788,  1.7933, -0.1130, -1.1273,  1.7872,  0.1098, -0.7997,  1.8411
 -0.1304, -0.7338,  1.7848,  0.1304, -1.0903,  1.8338, -0.1141, -1.1417,  1.8291,  0.1109, -0.7982,  1.8119
 -0.1335, -0.7404,  1.7639,  0.1289, -1.1025,  1.8802, -0.1161, -1.1571,  1.8774,  0.1129, -0.8031,  1.7909
 -0.1372, -0.7536,  1.7515,  0.1278, -1.1144,  1.9315, -0.1190, -1.1728,  1.9310,  0.1157, -0.8147,  1.7785
 -0.1415, -0.7728,  1.7475,  0.1274, -1.1254,  1.9867, -0.1229, -1.1881,  1.9891,  0.1192, -0.8329,  1.7747
 -0.1464, -0.7934,  1.7491,  0.1284, -1.1334,  2.0444, -0.1277, -1.2006,  2.0495,  0.1229, -0.8536,  1.7768
 -0.1499, -0.8267,  1.7824,  0.1326, -1.1308,  2.0480, -0.1314, -1.1988,  2.0529,  0.1250, -0.8871,  1.8073
 -0.1533, -0.8571,  1.8093,  0.1369, -1.1285,  2.0920, -0.1371, -1.1994,  2.0978,  0.1265, -0.9176,  1.8318
 -0.1562, -0.8849,  1.8307,  0.1407, -1.1207,  2.1304, -0.1418, -1.1946,  2.1373,  0.1276, -0.9453,  1.8505
 -0.1585, -0.9104,  1.8470,  0.1438, -1.1067,  2.1620, -0.1458, -1.1836,  2.1703,  0.1284, -0.9703,  1.8641
 -0.1602, -0.9338,  1.8588,  0.1464, -1.0868,  2.1864, -0.1490, -1.1665,  2.1963,  0.1288, -0.9930,  1.8733
 -0.1615, -0.9552,  1.8664,  0.1482, -1.0617,  2.2028, -0.1512, -1.1437,  2.2145,  0.1290, -1.0135,  1.8783
 -0.1622, -0.9747,  1.8700,  0.1491, -1.0322,  2.2106, -0.1523, -1.1160,  2.2244,  0.1289, -1.0319,  1.8794
 -0.1625, -0.9922,  1.8698,  0.1491, -0.9994,  2.2094, -0.1522, -1.0843,  2.2253,  0.1286, -1.0482,  1.8768
 -0.1622, -1.0078,  1.8657,  0.1481, -0.9645,  2.1996, -0.1509, -1.0499,  2.2178,  0.1280, -1.0624,  1.8705
 -0.1613, -1.0214,  1.8578,  0.1463, -0.9287,  2.1818, -0.1485, -1.0139,  2.2023,  0.1273, -1.0744,  1.8604
 -0.1600, -1.0327,  1.8458,  0.1437, -0.8931,  2.1567, -0.1451, -0.9775,  2.1792,  0.1263, -1.0840,  1.8464
 -0.1581, -1.0416,  1.8296,  0.1404, -0.8584,  2.1249, -0.1407, -0.9417,  2.1492,  0.1252, -1.0911,  1.8281
 -0.1557, -1.0479,  1.8087,  0.1364, -0.8255,  2.0868, -0.1353, -0.9072,  2.1127,  0.1239, -1.0952,  1.8050
 -0.1526, -1.0512,  1.7827,  0.1316, -0.7953,  2.0434, -0.1288, -0.8752,  2.0703,  0.1224, -1.0961,  1.7767
 -0.1490, -1.0512,  1.7510,  0.1257, -0.7718,  1.9963, -0.1210, -0.8497,  2.0239,  0.1207, -1.0935,  1.7425
 -0.1449, -1.0480,  1.7121,  0.1212, -0.7729,  1.9929, -0.1152, -0.8503,  2.0206,  0.1186, -1.0883,  1.7026
 -0.1415, -1.0517,  1.7182,  0.1200, -0.7599,  1.9415, -0.1111, -0.8344,  1.9683,  0.1172, -1.0927,  1.7081
 -0.1383, -1.0583,  1.7349,  0.1209, -0.7469,  1.8936, -0.1091, -0.8183,  1.9194,  0.1160, -1.1008,  1.7249
 -0.1356, -1.0672,  1.7606,  0.1226, -0.7374,  1.8511, -0.1083, -0.8060,  1.8759,  0.1154, -1.1116,  1.7512
 -0.1333, -1.0777,  1.7941,  0.1248, -0.7325,  1.8151, -0.1083, -0.7986,  1.8391,  0.1157, -1.1246,  1.7858
 -0.1315, -1.0893,  1.8346,  0.1274, -0.7331,  1.7863, -0.1091, -0.7970,  1.8097,  0.1167, -1.1392,  1.8279
 -0.1300, -1.1014,  1.8810,  0.1305, -0.7398,  1.7655, -0.1108, -0.8017,  1.7884,  0.1186, -1.1548,  1.8764
 -0.1290, -1.1134,  1.9323,  0.1340, -0.7530,  1.7531, -0.1132, -0.8133,  1.7757,  0.1214, -1.1708,  1.9302
 -0.1287, -1.1244,  1.9876,  0.1382, -0.7722,  1.7492, -0.1164, -0.8314,  1.7717,  0.1252, -1.1863,  1.9884
 -0.1298, -1.1325,  2.0453,  0.1430, -0.7929,  1.7508, -0.1196, -0.8520,  1.7735,  0.1300, -1.1989,  2.0489
 -0.1340, -1.1299,  2.0488,  0.1466, -0.8262,  1.7841, -0.1217, -0.8855,  1.8041,  0.1339, -1.1971,  2.0524
 -0.1385, -1.1276,  2.0929,  0.1501, -0.8566,  1.8109, -0.1231, -0.9161,  1.8286,  0.1396, -1.1977,  2.0973
 -0.1424, -1.1197,  2.1313,  0.1531, -0.8843,  1.8322, -0.1242, -0.9438,  1.8474,  0.1443, -1.1931,  2.1369
 -0.1457, -1.1057,  2.1629,  0.1555, -0.9098,  1.8485, -0.1249, -0.9690,  1.8611,  0.1483, -1.1821,  2.1700
 -0.1484, -1.0859,  2.1873,  0.1574, -0.9332,  1.8602, -0.1254, -0.9918,  1.8704,  0.1513, -1.1650,  2.1960
 -0.1503, -1.0608,  2.2037,  0.1589, -0.9546,  1.8677, -0.1257, -1.0125,  1.8755,  0.1534, -1.1423,  2.2143
 -0.1513, -1.0313,  2.2115,  0.1598, -0.9741,  1.8713, -0.1257, -1.0310,  1.8768,  0.1544, -1.1146,  2.2242
 -0.1513, -0.9985,  2.2103,  0.1602, -0.9916,  1.8710, -0.1255, -1.0475,  1.8743,  0.1542, -1.0829,  2.2253
 -0.1503, -0.9636,  2.2005,  0.1601, -1.0072,  1.8669, -0.1251, -1.0619,  1.8681,  0.1529, -1.0485,  2.2178
 -0.1485, -0.9279,  2.1827,  0.1594, -1.0208,  1.8589, -0.1245, -1.0740,  1.8582,  0.1504, -1.0125,  2.2023
 -0.1458, -0.8923,  2.1575,  0.1582, -1.0321,  1.8469, -0.1237, -1.0838,  1.8443,  0.1469, -0.9761,  2.1794
 -0.1425, -0.8577,  2.1256,  0.1565, -1.0411,  1.8306, -0.1228, -1.0910,  1.8260,  0.1424, -0.9403,  2.1494
 -0.1384, -0.8247,  2.0876,  0.1542, -1.0474,  1.8097, -0.1216, -1.0953,  1.8031,  0.1369, -0.9058,  2.1130
 -0.1336, -0.7947,  2.0441,  0.1513, -1.0507,  1.7838, -0.1202, -1.0963,  1.7749,  0.1303, -0.8738,  2.0706
 -0.1277, -0.7712,  1.9970,  0.1477, -1.0507,  1.7520, -0.1186, -1.0937,  1.7407,  0.1225, -0.8483,  2.0241
 -0.1232, -0.7722,  1.9936,  0.1437, -1.0475,  1.7132, -0.1166, -1.0885,  1.7007,  0.1168, -0.8489,  2.0209
 -0.1221, -0.7592,  1.9422,  0.1403, -1.0512,  1.7192, -0.1152, -1.0928,  1.7064,  0.1128, -0.8329,  1.9686
 -0.1231, -0.7462,  1.8944,  0.1372, -1.0579,  1.7358, -0.1140, -1.1010,  1.7233,  0.1109, -0.8168,  1.9196
 -0.1249, -0.7367,  1.8520,  0.1346, -1.0668,  1.7614, -0.1135, -1.1118,  1.7497,  0.1101, -0.8044,  1.8761
 -0.1272, -0.7318,  1.8161,  0.1324, -1.0773,  1.7950, -0.1137, -1.1248,  1.7845,  0.1102, -0.7970,  1.8393
 -0.1299, -0.7324,  1.7874,  0.1305, -1.0889,  1.8354, -0.1148, -1.1394,  1.8267,  0.1112, -0.7953,  1.8099
 -0.1330, -0.7391,  1.7667,  0.1291, -1.1011,  1.8818, -0.1167, -1.1551,  1.8752,  0.1129, -0.8000,  1.7886
 -0.1367, -0.7523,  1.7544,  0.1281, -1.1131,  1.9330, -0.1195, -1.1712,  1.9292,  0.1155, -0.8115,  1.7759
 -0.1410, -0.7716,  1.7505,  0.1277, -1.1241,  1.9882, -0.1233, -1.1867,  1.9875,  0.1189, -0.8296,  1.7719
 -0.1459, -0.7923,  1.7523,  0.1288, -1.1322,  2.0459, -0.1281, -1.1995,  2.0481,  0.1223, -0.8500,  1.7737
 -0.1495, -0.8256,  1.7856,  0.1330, -1.1296,  2.0494, -0.1320, -1.1976,  2.0516,  0.1244, -0.8836,  1.8044
 -0.1529, -0.8560,  1.8124,  0.1374, -1.1273,  2.0935, -0.1376, -1.1983,  2.0965,  0.1259, -0.9142,  1.8289
 -0.1558, -0.8838,  1.8336,  0.1412, -1.1195,  2.1318, -0.1424, -1.1937,  2.1362,  0.1270, -0.9420,  1.8478
 -0.1582, -0.9094,  1.8499,  0.1444, -1.1055,  2.1635, -0.1463, -1.1828,  2.1693,  0.1277, -0.9672,  1.8616
 -0.1601, -0.9328,  1.8616,  0.1470, -1.0857,  2.1878, -0.1494, -1.1658,  2.1953,  0.1282, -0.9900,  1.8710
 -0.1614, -0.9543,  1.8690,  0.1488, -1.0606,  2.2042, -0.1516, -1.1431,  2.2137,  0.1284, -1.0107,  1.8762
 -0.1622, -0.9738,  1.8725,  0.1498, -1.0312,  2.2120, -0.1526, -1.1155,  2.2237,  0.1284, -1.0293,  1.8775
 -0.1624, -0.9914,  1.8721,  0.1498, -0.9984,  2.2107, -0.1525, -1.0838,  2.2248,  0.1281, -1.0458,  1.8750
 -0.1622, -1.0070,  1.8679,  0.1488, -0.9635,  2.2009, -0.1512, -1.0494,  2.2173,  0.1276, -1.0602,  1.8689
 -0.1614, -1.0206,  1.8599,  0.1469, -0.9277,  2.1831, -0.1488, -1.0134,  2.2019,  0.1269, -1.0724,  1.8590
 -0.1601, -1.0320,  1.8478,  0.1443, -0.8921,  2.1579, -0.1454, -0.9770,  2.1789,  0.1260, -1.0822,  1.8451
 -0.1583, -1.0410,  1.8315,  0.1410, -0.8575,  2.1260, -0.1409, -0.9411,  2.1490,  0.1249, -1.0895,  1.8269
 -0.1559, -1.0473,  1.8105,  0.1370, -0.8245,  2.0879, -0.1355, -0.9066,  2.1125,  0.1237, -1.0938,  1.8040
 -0.1529, -1.0507,  1.7845,  0.1322, -0.7944,  2.0444, -0.1289, -0.8745,  2.0702,  0.1222, -1.0949,  1.7758
 -0.1493, -1.0507,  1.7527,  0.1263, -0.7709,  1.9973, -0.1211, -0.8490,  2.0237,  0.1205, -1.0923,  1.7417
 -0.1452, -1.0475,  1.7138,  0.1218, -0.7720,  1.9939, -0.1153, -0.8495,  2.0204,  0.1185, -1.0871,  1.7018
 -0.1418, -1.0512,  1.7198,  0.1207, -0.7590,  1.9426, -0.1113, -0.8335,  1.9681,  0.1170, -1.0915,  1.7073
 -0.1386, -1.0578,  1.7364,  0.1215, -0.7460,  1.8948, -0.1093, -0.8173,  1.9190,  0.1157, -1.0997,  1.7242
 -0.1359, -1.0667,  1.7620,  0.1233, -0.7364,  1.8524, -0.1084, -0.8049,  1.8755,  0.1152, -1.1106,  1.7505
 -0.1336, -1.0771,  1.7955,  0.1255, -0.7316,  1.8164, -0.1084, -0.7974,  1.8386,  0.1153, -1.1237,  1.7853
 -0.1318, -1.0887,  1.8359,  0.1282, -0.7322,  1.7878, -0.1093, -0.7957,  1.8090,  0.1164, -1.1383,  1.8274
 -0.1304, -1.1009,  1.8822,  0.1313, -0.7389,  1.7670, -0.1109, -0.8003,  1.7877,  0.1182, -1.1540,  1.8759
 -0.1293, -1.1129,  1.9334,  0.1348, -0.7521,  1.7548, -0.1134, -0.8118,  1.7749,  0.1210, -1.1701,  1.9298
 -0.1289, -1.1239,  1.9886,  0.1391, -0.7714,  1.7509, -0.1166, -0.8298,  1.7707,  0.1248, -1.1857,  1.9881
 -0.1301, -1.1320,  2.0462,  0.1439, -0.7921,  1.7527, -0.1199, -0.8503,  1.7724,  0.1295, -1.1984,  2.0487
 -0.1343, -1.1294,  2.0497,  0.1475, -0.8254,  1.7859, -0.1219, -0.8838,  1.8030,  0.1335, -1.1966,  2.0521
 -0.1387, -1.1271,  2.0938,  0.1509, -0.8558,  1.8127, -0.1233, -0.9144,  1.8276,  0.1392, -1.1972,  2.0971
 -0.1426, -1.1193,  2.1322,  0.1539, -0.8836,  1.8339, -0.1244, -0.9422,  1.8465,  0.1440, -1.1926,  2.1367
 -0.1458, -1.1053,  2.1638,  0.1563, -0.9091,  1.8501, -0.1252, -0.9674,  1.8603,  0.1479, -1.1817,  2.1698
 -0.1484, -1.0855,  2.1881,  0.1581, -0.9326,  1.8618, -0.1257, -0.9904,  1.8696,  0.1511, -1.1647,  2.1958
 -0.1503, -1.0604,  2.2045,  0.1595, -0.9540,  1.8692, -0.1260, -1.0111,  1.8748,  0.1532, -1.1420,  2.2142
 -0.1512, -1.0310,  2.2123,  0.1603, -0.9735,  1.8727, -0.1260, -1.0297,  1.8762,  0.1543, -1.1143,  2.2242
 -0.1512, -0.9982,  2.2110,  0.1607, -0.9912,  1.8723, -0.1258, -1.0463,  1.8738,  0.1542, -1.0826,  2.2252
 -0.1502, -0.9633,  2.2012,  0.1605, -1.0068,  1.8681, -0.1254, -1.0607,  1.8676,  0.1529, -1.0482,  2.2178
 -0.1483, -0.9275,  2.1833,  0.1598, -1.0204,  1.8601, -0.1248, -1.0730,  1.8577,  0.1505, -1.0122,  2.2023
 -0.1456, -0.8920,  2.1581,  0.1585, -1.0318,  1.8480, -0.1240, -1.0828,  1.8439,  0.1470, -0.9758,  2.1794
 -0.1422, -0.8573,  2.1262,  0.1567, -1.0408,  1.8317, -0.1230, -1.0901,  1.8257,  0.1425, -0.9399,  2.1494
 -0.1381, -0.8244,  2.0882,  0.1543, -1.0471,  1.8107, -0.1218, -1.0945,  1.8029,  0.1370, -0.9054,  2.1130
 -0.1333, -0.7943,  2.0447,  0.1514, -1.0504,  1.7847, -0.1205, -1.0955,  1.7747,  0.1305, -0.8734,  2.0706
 -0.1274, -0.7708,  1.9975,  0.1478, -1.0505,  1.7529, -0.1189, -1.0930,  1.7405,  0.1226, -0.8479,  2.0241
 -0.1229, -0.7719,  1.9941,  0.1438, -1.0473,  1.7140, -0.1169, -1.0877,  1.7005,  0.1170, -0.8484,  2.0209
 -0.1218, -0.7589,  1.9428,  0.1404, -1.0510,  1.7200, -0.1155, -1.0921,  1.7062,  0.1130, -0.8324,  1.9685
 -0.1227, -0.7459,  1.8950,  0.1373, -1.0577,  1.7366, -0.1143, -1.1003,  1.7231,  0.1110, -0.8162,  1.9195
 -0.1245, -0.7364,  1.8527,  0.1346, -1.0665,  1.7621, -0.1137, -1.1112,  1.7496,  0.1102, -0.8037,  1.8760
 -0.1268, -0.7315,  1.8168,  0.1324, -1.0770,  1.7956, -0.1140, -1.1242,  1.7844,  0.1103, -0.7963,  1.8390
 -0.1295, -0.7322,  1.7881,  0.1306, -1.0886,  1.8360, -0.1150, -1.1389,  1.8266,  0.1112, -0.7945,  1.8095
 -0.1327, -0.7389,  1.7675,  0.1292, -1.1008,  1.8823, -0.1169, -1.1546,  1.8752,  0.1129, -0.7991,  1.7882
 -0.1363, -0.7521,  1.7553,  0.1282, -1.1128,  1.9335, -0.1197, -1.1707,  1.9291,  0.1154, -0.8106,  1.7755
 -0.1406, -0.7714,  1.7514,  0.1278, -1.1238,  1.9887, -0.1235, -1.1863,  1.9875,  0.1188, -0.8285,  1.7713
 -0.1456, -0.7921,  1.7532,  0.1289, -1.1320,  2.0463, -0.1282, -1.1990,  2.0481,  0.1221, -0.8490,  1.7731
 -0.1492, -0.8254,  1.7865,  0.1331, -1.1293,  2.0499, -0.1322, -1.1972,  2.0516,  0.1242, -0.8825,  1.8038
 -0.1527, -0.8559,  1.8132,  0.1375, -1.1271,  2.0939, -0.1378, -1.1979,  2.0965,  0.1256, -0.9132,  1.8284
 -0.1556, -0.8837,  1.8344,  0.1414, -1.1193,  2.1323, -0.1426, -1.1932,  2.1362,  0.1267, -0.9410,  1.8473
 -0.1580, -0.9093,  1.8506,  0.1446, -1.1053,  2.1639, -0.1465, -1.1824,  2.1693,  0.1275, -0.9662,  1.8612
 -0.1599, -0.9327,  1.8623,  0.1472, -1.0855,  2.1882, -0.1496, -1.1653,  2.1954,  0.1280, -0.9891,  1.8705
 -0.1612, -0.9542,  1.8697,  0.1491, -1.0604,  2.2046, -0.1517, -1.1427,  2.2137,  0.1282, -1.0099,  1.8758
 -0.1620, -0.9737,  1.8731,  0.1500, -1.0310,  2.2124, -0.1528, -1.1150,  2.2237,  0.1281, -1.0285,  1.8771
 -0.1623, -0.9914,  1.8727,  0.1500, -0.9982,  2.2111, -0.1527, -1.0833,  2.2248,  0.1279, -1.0451,  1.8747
 -0.1621, -1.0070,  1.8685,  0.1491, -0.9633,  2.2012, -0.1514, -1.0488,  2.2174,  0.1274, -1.0596,  1.8686
 -0.1614, -1.0206,  1.8604,  0.1472, -0.9275,  2.1834, -0.1489, -1.0128,  2.2019,  0.1267, -1.0718,  1.8588
 -0.1601, -1.0320,  1.8483,  0.1446, -0.8919,  2.1582, -0.1455, -0.9764,  2.1790,  0.1259, -1.0817,  1.8449
 -0.1583, -1.0410,  1.8319,  0.1412, -0.8573,  2.1263, -0.1410, -0.9405,  2.1491,  0.1248, -1.0891,  1.8268
 -0.1559, -1.0474,  1.8109,  0.1372, -0.8244,  2.0882, -0.1356, -0.9060,  2.1126,  0.1235, -1.0935,  1.8039
 -0.1529, -1.0507,  1.7849,  0.1324, -0.7943,  2.0447, -0.1290, -0.8739,  2.0702,  0.1221, -1.0945,  1.7757
 -0.1493, -1.0507,  1.7531,  0.1265, -0.7708,  1.9976, -0.1211, -0.8483,  2.0237,  0.1204, -1.0920,  1.7416
 -0.1453, -1.0476,  1.7142,  0.1221, -0.7718,  1.9942, -0.1154, -0.8489,  2.0205,  0.1183, -1.0869,  1.7017
 -0.1418, -1.0513,  1.7202,  0.1209, -0.7589,  1.9429, -0.1114, -0.8328,  1.9681,  0.1168, -1.0912,  1.7073
 -0.1387, -1.0579,  1.7367,  0.1218, -0.7459,  1.8951, -0.1094, -0.8166,  1.9190,  0.1156, -1.0994,  1.7241
 -0.1360, -1.0667,  1.7623,  0.1236, -0.7363,  1.8527, -0.1085, -0.8041,  1.8754,  0.1150, -1.1103,  1.7505
 -0.1337, -1.0772,  1.7957,  0.1258, -0.7315,  1.8168, -0.1086, -0.7966,  1.8385,  0.1152, -1.1234,  1.7852
 -0.1319, -1.0888,  1.8361,  0.1285, -0.7321,  1.7882, -0.1094, -0.7948,  1.8089,  0.1162, -1.1380,  1.8274
 -0.1304, -1.1009,  1.8824,  0.1316, -0.7388,  1.7675, -0.1111, -0.7994,  1.7875,  0.1181, -1.1537,  1.8759
 -0.1294, -1.1129,  1.9336,  0.1352, -0.7520,  1.7553, -0.1135, -0.8107,  1.7747,  0.1209, -1.1698,  1.9298
 -0.1290, -1.1239,  1.9888,  0.1394, -0.7713,  1.7514, -0.1168, -0.8287,  1.7705,  0.1246, -1.1854,  1.9881
 -0.1301, -1.1320,  2.0464,  0.1443, -0.7921,  1.7532, -0.1201, -0.8491,  1.7722,  0.1294, -1.1982,  2.0487
 -0.1343, -1.1294,  2.0499,  0.1479, -0.8254,  1.7864, -0.1221, -0.8827,  1.8029,  0.1333, -1.1963,  2.0521
 -0.1388, -1.1271,  2.0940,  0.1513, -0.8558,  1.8132, -0.1236, -0.9133,  1.8275,  0.1390, -1.1970,  2.0971
 -0.1426, -1.1193,  2.1323,  0.1542, -0.8836,  1.8344, -0.1247, -0.9411,  1.8464,  0.1438, -1.1923,  2.1367
 -0.1459, -1.1054,  2.1640,  0.1566, -0.9092,  1.8505, -0.1254, -0.9664,  1.8602,  0.1478, -1.1814,  2.1699
 -0.1484, -1.0855,  2.1883,  0.1584, -0.9327,  1.8622, -0.1260, -0.9893,  1.8696,  0.1509, -1.1643,  2.1959
 -0.1503, -1.0605,  2.2046,  0.1598, -0.9541,  1.8696, -0.1262, -1.0101,  1.8749,  0.1531, -1.1416,  2.2142
 -0.1512, -1.0310,  2.2124,  0.1606, -0.9737,  1.8731, -0.1262, -1.0288,  1.8762,  0.1542, -1.1140,  2.2242
 -0.1511, -0.9983,  2.2111,  0.1609, -0.9913,  1.8727, -0.1260, -1.0453,  1.8738,  0.1541, -1.0822,  2.2253
 -0.1501, -0.9634,  2.2013,  0.1606, -1.0070,  1.8684, -0.1256, -1.0598,  1.8678,  0.1529, -1.0477,  2.2179
 -0.1482, -0.9276,  2.1835,  0.1599, -1.0206,  1.8603, -0.1250, -1.0721,  1.8579,  0.1505, -1.0117,  2.2024
 -0.1455, -0.8920,  2.1583,  0.1586, -1.0320,  1.8482, -0.1242, -1.0820,  1.8440,  0.1470, -0.9753,  2.1795
 -0.1421, -0.8574,  2.1263,  0.1568, -1.0410,  1.8319, -0.1232, -1.0894,  1.8259,  0.1426, -0.9394,  2.1495
 -0.1380, -0.8245,  2.0883,  0.1544, -1.0473,  1.8109, -0.1220, -1.0938,  1.8031,  0.1371, -0.9049,  2.1130
 -0.1332, -0.7944,  2.0448,  0.1514, -1.0507,  1.7848, -0.1207, -1.0948,  1.7749,  0.1306, -0.8729,  2.0707
 -0.1273, -0.7709,  1.9977,  0.1478, -1.0507,  1.7530, -0.1191, -1.0923,  1.7408,  0.1227, -0.8473,  2.0242
 -0.1228, -0.7720,  1.9942,  0.1438, -1.0475,  1.7141, -0.1171, -1.0871,  1.7008,  0.1170, -0.8479,  2.0209
 -0.1217, -0.7590,  1.9429,  0.1404, -1.0512,  1.7201, -0.1156, -1.0915,  1.7065,  0.1130, -0.8318,  1.9685
 -0.1226, -0.7460,  1.8952,  0.1373, -1.0578,  1.7367, -0.1145, -1.0997,  1.7234,  0.1110, -0.8156,  1.9195
 -0.1244, -0.7365,  1.8528,  0.1347, -1.0667,  1.7622, -0.1139, -1.1107,  1.7498,  0.1102, -0.8030,  1.8759
 -0.1267, -0.7316,  1.8169,  0.1324, -1.0771,  1.7957, -0.1141, -1.1237,  1.7846,  0.1103, -0.7955,  1.8390
 -0.1294, -0.7323,  1.7883,  0.1306, -1.0888,  1.8361, -0.1152, -1.1384,  1.8268,  0.1112, -0.7937,  1.8094
 -0.1326, -0.7390,  1.7676,  0.1292, -1.1009,  1.8824, -0.1170, -1.1541,  1.8753,  0.1129, -0.7982,  1.7881
 -0.1362, -0.7522,  1.7554,  0.1282, -1.1130,  1.9336, -0.1199, -1.1703,  1.9293,  0.1155, -0.8096,  1.7753
 -0.1405, -0.7715,  1.7516,  0.1279, -1.1240,  1.9887, -0.1236, -1.1859,  1.9876,  0.1188, -0.8275,  1.7712
 -0.1454, -0.7923,  1.7534,  0.1290, -1.1321,  2.0464, -0.1284, -1.1987,  2.0482,  0.1221, -0.8479,  1.7730
 -0.1491, -0.8256,  1.7866,  0.1332, -1.1294,  2.0499, -0.1323, -1.1968,  2.0517,  0.1242, -0.8815,  1.8037
 -0.1526, -0.8560,  1.8134,  0.1376, -1.1272,  2.0939, -0.1379, -1.1975,  2.0967,  0.1256, -0.9121,  1.8283
 -0.1555, -0.8839,  1.8346,  0.1414, -1.1194,  2.1323, -0.1427, -1.1929,  2.1363,  0.1267, -0.9399,  1.8472
 -0.1579, -0.9095,  1.8508,  0.1447, -1.1054,  2.1640, -0.1466, -1.1820,  2.1694,  0.1275, -0.9652,  1.8611
 -0.1598, -0.9329,  1.8624,  0.1473, -1.0856,  2.1883, -0.1497, -1.1650,  2.1954,  0.1280, -0.9882,  1.8706
 -0.1612, -0.9544,  1.8698,  0.1492, -1.0605,  2.2046, -0.1518, -1.1424,  2.2138,  0.1282, -1.0089,  1.8758
 -0.1620, -0.9740,  1.8733,  0.1501, -1.0311,  2.2124, -0.1529, -1.1147,  2.2238,  0.1281, -1.0276,  1.8772
 -0.1623, -0.9916,  1.8728,  0.1501, -0.9983,  2.2111, -0.1527, -1.0831,  2.2249,  0.1279, -1.0442,  1.8749
 -0.1621, -1.0073,  1.8686,  0.1492, -0.9634,  2.2013, -0.1514, -1.0486,  2.2174,  0.1274, -1.0587,  1.8688
 -0.1614, -1.0209,  1.8605,  0.1473, -0.9276,  2.1835, -0.1490, -1.0126,  2.2020,  0.1268, -1.0710,  1.8589
 -0.1602, -1.0323,  1.8484,  0.1447, -0.8920,  2.1583, -0.1455, -0.9762,  2.1790,  0.1259, -1.0810,  1.8451
 -0.1583, -1.0413,  1.8320,  0.1413, -0.8574,  2.1263, -0.1410, -0.9404,  2.1491,  0.1248, -1.0883,  1.8270
 -0.1560, -1.0476,  1.8110,  0.1373, -0.8245,  2.0883, -0.1356, -0.9058,  2.1126,  0.1236, -1.0928,  1.8042
 -0.1530, -1.0509,  1.7849,  0.1325, -0.7944,  2.0448, -0.1290, -0.8738,  2.0703,  0.1221, -1.0939,  1.7760
 -0.1494, -1.0510,  1.7531,  0.1266, -0.7709,  1.9976, -0.1211, -0.8483,  2.0238,  0.1205, -1.0914,  1.7419
 -0.1454, -1.0478,  1.7142,  0.1222, -0.7719,  1.9942, -0.1154, -0.8488,  2.0205,  0.1184, -1.0863,  1.7020
 -0.1419, -1.0514,  1.7202,  0.1210, -0.7589,  1.9429, -0.1114, -0.8327,  1.9681,  0.1169, -1.0907,  1.7076
 -0.1388, -1.0581,  1.7367,  0.1219, -0.7459,  1.8951, -0.1094, -0.8165,  1.9190,  0.1156, -1.0989,  1.7244
 -0.1360, -1.0668,  1.7623,  0.1237, -0.7363,  1.8528, -0.1085, -0.8040,  1.8755,  0.1150, -1.1099,  1.7508
 -0.1338, -1.0773,  1.7957,  0.1260, -0.7315,  1.8169, -0.1086, -0.7965,  1.8385,  0.1152, -1.1229,  1.7855
 -0.1319, -1.0889,  1.8361,  0.1286, -0.7321,  1.7882, -0.1094, -0.7947,  1.8089,  0.1162, -1.1376,  1.8276
 -0.1305, -1.1010,  1.8824,  0.1317, -0.7388,  1.7676, -0.1111, -0.7993,  1.7875,  0.1181, -1.1533,  1.8762
 -0.1295, -1.1130,  1.9336,  0.1353, -0.7520,  1.7553, -0.1136, -0.8107,  1.7747,  0.1209, -1.1694,  1.9300
 -0.1291, -1.1240,  1.9888,  0.1396, -0.7713,  1.7515, -0.1168, -0.8287,  1.7705,  0.1246, -1.1850,  1.9883
 -0.1302, -1.1321,  2.0464,  0.1444, -0.7921,  1.7533, -0.1201, -0.8491,  1.7722,  0.1293, -1.1978,  2.0489
 -0.1344, -1.1295,  2.0499,  0.1480, -0.8253,  1.7865, -0.1222, -0.8826,  1.8029,  0.1333, -1.1959,  2.0523
 -0.1388, -1.1272,  2.0940,  0.1514, -0.8558,  1.8133, -0.1236, -0.9133,  1.8274,  0.1390, -1.1966,  2.0973
 -0.1427, -1.1194,  2.1323,  0.1543, -0.8836,  1.8345, -0.1247, -0.9411,  1.8463,  0.1438, -1.1920,  2.1369
 -0.1459, -1.1055,  2.1640,  0.1567, -0.9092,  1.8506, -0.1255, -0.9663,  1.8602,  0.1478, -1.1810,  2.1700
 -0.1485, -1.0856,  2.1883,  0.1585, -0.9326,  1.8623, -0.1260, -0.9893,  1.8696,  0.1509, -1.1640,  2.1960
 -0.1503, -1.0606,  2.2046,  0.1598, -0.9541,  1.8697, -0.1263, -1.0100,  1.8748,  0.1531, -1.1413,  2.2144
 -0.1512, -1.0311,  2.2124,  0.1606, -0.9737,  1.8731, -0.1263, -1.0287,  1.8762,  0.1542, -1.1136,  2.2243
 -0.1511, -0.9983,  2.2112,  0.1609, -0.9913,  1.8727, -0.1261, -1.0453,  1.8738,  0.1541, -1.0819,  2.2254
 -0.1501, -0.9634,  2.2013,  0.1607, -1.0070,  1.8685, -0.1257, -1.0598,  1.8677,  0.1529, -1.0475,  2.2180
 -0.1482, -0.9277,  2.1835,  0.1600, -1.0206,  1.8604, -0.1251, -1.0721,  1.8579,  0.1505, -1.0115,  2.2025
 -0.1455, -0.8921,  2.1583,  0.1587, -1.0320,  1.8483, -0.1243, -1.0820,  1.8440,  0.1471, -0.9751,  2.1795
 -0.1421, -0.8575,  2.1264,  0.1568, -1.0410,  1.8319, -0.1233, -1.0893,  1.8259,  0.1426, -0.9392,  2.1496
 -0.1380, -0.8245,  2.0883,  0.1544, -1.0473,  1.8109, -0.1221, -1.0937,  1.8031,  0.1372, -0.9047,  2.1131
 -0.1332, -0.7944,  2.0448,  0.1515, -1.0507,  1.7848, -0.1207, -1.0948,  1.7749,  0.1306, -0.8727,  2.0707
 -0.1272, -0.7709,  1.9977,  0.1479, -1.0507,  1.7530, -0.1191, -1.0923,  1.7408,  0.1227, -0.8472,  2.0242
 -0.1227, -0.7720,  1.9942,  0.1438, -1.0475,  1.7141, -0.1171, -1.0871,  1.7008,  0.1171, -0.8477,  2.0209
 -0.1216, -0.7590,  1.9430,  0.1404, -1.0512,  1.7201, -0.1157, -1.0915,  1.7065,  0.1131, -0.8317,  1.9685
 -0.1225, -0.7460,  1.8952,  0.1373, -1.0579,  1.7367, -0.1145, -1.0997,  1.7234,  0.1111, -0.8154,  1.9195
 -0.1243, -0.7365,  1.8529,  0.1346, -1.0667,  1.7622, -0.1140, -1.1106,  1.7498,  0.1102, -0.8029,  1.8759
 -0.1266, -0.7316,  1.8170,  0.1324, -1.0771,  1.7957, -0.1142, -1.1237,  1.7846,  0.1103, -0.7954,  1.8390
 -0.1293, -0.7323,  1.7883,  0.1306, -1.0888,  1.8361, -0.1152, -1.1384,  1.8268,  0.1112, -0.7936,  1.8094
 -0.1325, -0.7390,  1.7677,  0.1292, -1.1009,  1.8824, -0.1171, -1.1541,  1.8753,  0.1129, -0.7982,  1.7881
 -0.1362, -0.7522,  1.7555,  0.1283, -1.1130,  1.9336, -0.1199, -1.1703,  1.9293,  0.1154, -0.8095,  1.7753
 -0.1405, -0.7715,  1.7516,  0.1279, -1.1240,  1.9888, -0.1237, -1.1859,  1.9876,  0.1187, -0.8275,  1.7712
 -0.1454, -0.7923,  1.7535,  0.1290, -1.1321,  2.0464, -0.1284, -1.1987,  2.0482,  0.1221, -0.8478,  1.7729
 -0.1491, -0.8256,  1.7867,  0.1332, -1.1294,  2.0499, -0.1323, -1.1968,  2.0517,  0.1242, -0.8814,  1.8036
 -0.1525, -0.8560,  1.8134,  0.1376, -1.1272,  2.0940, -0.1380, -1.1975,  2.0966,  0.1256, -0.9121,  1.8283
 -0.1555, -0.8839,  1.8346,  0.1415, -1.1194,  2.1323, -0.1427, -1.1929,  2.1363,  0.1267, -0.9399,  1.8472
 -0.1579, -0.9095,  1.8508,  0.1447, -1.1054,  2.1640, -0.1466, -1.1820,  2.1694,  0.1274, -0.9651,  1.8611
 -0.1598, -0.9329,  1.8624,  0.1473, -1.0856,  2.1883, -0.1497, -1.1651,  2.1954,  0.1279, -0.9881,  1.8705
 -0.1611, -0.9544,  1.8698,  0.1492, -1.0605,  2.2046, -0.1518, -1.1424,  2.2138,  0.1281, -1.0089,  1.8758
 -0.1620, -0.9740,  1.8733,  0.1502, -1.0311,  2.2124, -0.1529, -1.1148,  2.2238,  0.1281, -1.0276,  1.8772
 -0.1623, -0.9916,  1.8729,  0.1502, -0.9983,  2.2112, -0.1527, -1.0831,  2.2249,  0.1279, -1.0442,  1.8749
 -0.1621, -1.0073,  1.8686,  0.1492, -0.9634,  2.2013, -0.1514, -1.0486,  2.2174,  0.1274, -1.0587,  1.8688
 -0.1614, -1.0209,  1.8605,  0.1474, -0.9276,  2.1835, -0.1490, -1.0127,  2.2020,  0.1267, -1.0710,  1.8589
 -0.1601, -1.0323,  1.8484,  0.1447, -0.8920,  2.1583, -0.1455, -0.9763,  2.1790,  0.1259, -1.0810,  1.8451
 -0.1583, -1.0413,  1.8320,  0.1414, -0.8574,  2.1263, -0.1410, -0.9404,  2.1491,  0.1248, -1.0883,  1.8270
 -0.1560, -1.0476,  1.8110,  0.1374, -0.8244,  2.0883, -0.1356, -0.9059,  2.1126,  0.1236, -1.0928,  1.8042
 -0.1530, -1.0509,  1.7849,  0.1326, -0.7943,  2.0448, -0.1290, -0.8738,  2.0703,  0.1221, -1.0939,  1.7761
 -0.1494, -1.0510,  1.7531,  0.1267, -0.7708,  1.9976, -0.1211, -0.8483,  2.0238,  0.1204, -1.0914,  1.7420
 -0.1454, -1.0478,  1.7142,  0.1222, -0.7719,  1.9942, -0.1154, -0.8488,  2.0205,  0.1184, -1.0863,  1.7020
 -0.1419, -1.0514,  1.7202,  0.1211, -0.7589,  1.9429, -0.1114, -0.8327,  1.9681,  0.1168, -1.0907,  1.7076
 -0.1388, -1.0580,  1.7368,  0.1220, -0.7459,  1.8951, -0.1094, -0.8165,  1.9190,  0.1156, -1.0989,  1.7245
 -0.1360, -1.0668,  1.7623,  0.1237, -0.7363,  1.8528, -0.1085, -0.8040,  1.8755,  0.1150, -1.1099,  1.7508
 -0.1338, -1.0773,  1.7958,  0.1260, -0.7315,  1.8169, -0.1086, -0.7965,  1.8385,  0.1152, -1.1229,  1.7855
 -0.1319, -1.0888,  1.8362,  0.1287, -0.7321,  1.7882, -0.1095, -0.7948,  1.8089,  0.1162, -1.1376,  1.8277
 -0.1305, -1.1010,  1.8825,  0.1318, -0.7388,  1.7676, -0.1111, -0.7993,  1.7875,  0.1180, -1.1533,  1.8762
 -0.1295, -1.1130,  1.9337,  0.1354, -0.7520,  1.7554, -0.1136, -0.8107,  1.7747,  0.1208, -1.1694,  1.9301
 -0.1291, -1.1239,  1.9888,  0.1396, -0.7713,  1.7515, -0.1168, -0.8287,  1.7705,  0.1246, -1.1850,  1.9883
 -0.1302, -1.1320,  2.0465,  0.1444, -0.7920,  1.7533, -0.1201, -0.8491,  1.7722,  0.1293, -1.1978,  2.0489
 -0.1344, -1.1294,  2.0500,  0.1480, -0.8253,  1.7866, -0.1222, -0.8827,  1.8028,  0.1332, -1.1960,  2.0523
 -0.1388, -1.1271,  2.0941,  0.1514, -0.8557,  1.8133, -0.1236, -0.9133,  1.8274,  0.1389, -1.1966,  2.0973
 -0.1426, -1.1192,  2.1324,  0.1543, -0.8836,  1.8345, -0.1247, -0.9411,  1.8463,  0.1437, -1.1920,  2.1369
 -0.1459, -1.1052,  2.1641,  0.1567, -0.9092,  1.8507, -0.1255, -0.9664,  1.8602,  0.1477, -1.1810,  2.1700
 -0.1484, -1.0854,  2.1884,  0.1585, -0.9326,  1.8623, -0.1260, -0.9893,  1.8696,  0.1509, -1.1640,  2.1960
 -0.1503, -1.0603,  2.2047,  0.1599, -0.9541,  1.8697, -0.1263, -1.0101,  1.8748,  0.1531, -1.1413,  2.2144
 -0.1512, -1.0308,  2.2125,  0.1607, -0.9736,  1.8732, -0.1263, -1.0288,  1.8762,  0.1542, -1.1136,  2.2243
 -0.1511, -0.9979,  2.2112,  0.1609, -0.9913,  1.8727, -0.1261, -1.0454,  1.8738,  0.1541, -1.0820,  2.2254
 -0.1501, -0.9630,  2.2014,  0.1607, -1.0070,  1.8685, -0.1257, -1.0599,  1.8677,  0.1529, -1.0475,  2.2180
 -0.1481, -0.9272,  2.1835,  0.1600, -1.0206,  1.8604, -0.1251, -1.0722,  1.8579,  0.1505, -1.0115,  2.2025
 -0.1454, -0.8916,  2.1583,  0.1587, -1.0320,  1.8483, -0.1243, -1.0821,  1.8440,  0.1471, -0.9751,  2.1795
 -0.1420, -0.8570,  2.1264,  0.1569, -1.0410,  1.8319, -0.1233, -1.0894,  1.8259,  0.1426, -0.9393,  2.1496
 -0.1379, -0.8240,  2.0883,  0.1545, -1.0473,  1.8109, -0.1221, -1.0938,  1.8031,  0.1372, -0.9048,  2.1131
 -0.1331, -0.7939,  2.0448,  0.1515, -1.0507,  1.7848, -0.1207, -1.0949,  1.7749,  0.1306, -0.8728,  2.0707
 -0.1271, -0.7704,  1.9977,  0.1479, -1.0507,  1.7530, -0.1191, -1.0924,  1.7408,  0.1228, -0.8473,  2.0242
 -0.1226, -0.7714,  1.9942,  0.1438, -1.0476,  1.7141, -0.1171, -1.0872,  1.7008,  0.1171, -0.8478,  2.0209
 -0.1215, -0.7584,  1.9429,  0.1404, -1.0512,  1.7201, -0.1157, -1.0916,  1.7065,  0.1131, -0.8317,  1.9685
 -0.1224, -0.7454,  1.8951,  0.1373, -1.0579,  1.7367, -0.1145, -1.0998,  1.7234,  0.1111, -0.8155,  1.9194
 -0.1242, -0.7358,  1.8528,  0.1347, -1.0667,  1.7623, -0.1140, -1.1107,  1.7498,  0.1102, -0.8030,  1.8759
 -0.1265, -0.7309,  1.8169,  0.1324, -1.0771,  1.7957, -0.1142, -1.1238,  1.7846,  0.1103, -0.7955,  1.8389
 -0.1292, -0.7315,  1.7882,  0.1306, -1.0887,  1.8361, -0.1152, -1.1385,  1.8267,  0.1112, -0.7937,  1.8094
 -0.1324, -0.7382,  1.7675,  0.1292, -1.1009,  1.8824, -0.1171, -1.1542,  1.8753,  0.1129, -0.7983,  1.7880
 -0.1360, -0.7513,  1.7553,  0.1283, -1.1129,  1.9337, -0.1199, -1.1703,  1.9292,  0.1155, -0.8097,  1.7752
 -0.1403, -0.7706,  1.7515,  0.1279, -1.1239,  1.9888, -0.1237, -1.1860,  1.9876,  0.1188, -0.8276,  1.7711
 -0.1452, -0.7913,  1.7534,  0.1290, -1.1320,  2.0464, -0.1284, -1.1988,  2.0482,  0.1221, -0.8480,  1.7728
 -0.1489, -0.8246,  1.7866,  0.1332, -1.1293,  2.0500, -0.1323, -1.1969,  2.0516,  0.1242, -0.8816,  1.8035
 -0.1524, -0.8550,  1.8134,  0.1376, -1.1270,  2.0940, -0.1380, -1.1976,  2.0966,  0.1256, -0.9122,  1.8282
 -0.1553, -0.8829,  1.8346,  0.1415, -1.1192,  2.1324, -0.1427, -1.1930,  2.1362,  0.1267, -0.9400,  1.8471
 -0.1577, -0.9085,  1.8508,  0.1447, -1.1052,  2.1640, -0.1466, -1.1822,  2.1693,  0.1275, -0.9653,  1.8610
 -0.1596, -0.9320,  1.8624,  0.1474, -1.0853,  2.1883, -0.1497, -1.1652,  2.1954,  0.1279, -0.9883,  1.8704
 -0.1610, -0.9535,  1.8699,  0.1492, -1.0602,  2.2047, -0.1518, -1.1425,  2.2137,  0.1282, -1.0091,  1.8757
 -0.1618, -0.9730,  1.8733,  0.1502, -1.0307,  2.2125, -0.1529, -1.1149,  2.2237,  0.1281, -1.0278,  1.8771
 -0.1622, -0.9907,  1.8729,  0.1502, -0.9979,  2.2112, -0.1527, -1.0832,  2.2248,  0.1279, -1.0444,  1.8747
 -0.1620, -1.0064,  1.8687,  0.1492, -0.9630,  2.2013, -0.1514, -1.0488,  2.2174,  0.1274, -1.0589,  1.8686
 -0.1613, -1.0200,  1.8606,  0.1474, -0.9272,  2.1835, -0.1490, -1.0128,  2.2019,  0.1267, -1.0712,  1.8588
 -0.1600, -1.0315,  1.8485,  0.1447, -0.8916,  2.1583, -0.1455, -0.9764,  2.1790,  0.1259, -1.0812,  1.8450
 -0.1582, -1.0405,  1.8322,  0.1414, -0.8569,  2.1263, -0.1410, -0.9406,  2.1490,  0.1248, -1.0886,  1.8269
 -0.1558, -1.0469,  1.8112,  0.1374, -0.8240,  2.0882, -0.1356, -0.9060,  2.1126,  0.1236, -1.0930,  1.8040
 -0.1529, -1.0502,  1.7851,  0.1325, -0.7938,  2.0447, -0.1290, -0.8740,  2.0702,  0.1221, -1.0941,  1.7759
 -0.1493, -1.0503,  1.7533,  0.1267, -0.7703,  1.9976, -0.1211, -0.8485,  2.0237,  0.1204, -1.0917,  1.7418
 -0.1453, -1.0471,  1.7145,  0.1222, -0.7713,  1.9942, -0.1154, -0.8490,  2.0204,  0.1184, -1.0865,  1.7019
 -0.1418, -1.0508,  1.7204,  0.1210, -0.7583,  1.9428, -0.1114, -0.8329,  1.9681,  0.1168, -1.0909,  1.7074
 -0.1387, -1.0575,  1.7370,  0.1219, -0.7453,  1.8950, -0.1094, -0.8167,  1.9190,  0.1156, -1.0991,  1.7243
 -0.1360, -1.0663,  1.7625,  0.1237, -0.7357,  1.8527, -0.1085, -0.8042,  1.8754,  0.1150, -1.1101,  1.7506
 -0.1337, -1.0768,  1.7960,  0.1259, -0.7307,  1.8168, -0.1086, -0.7967,  1.8384,  0.1151, -1.1231,  1.7854
 -0.1319, -1.0884,  1.8364,  0.1286, -0.7313,  1.7881, -0.1095, -0.7950,  1.8089,  0.1161, -1.1378,  1.8275
 -0.1305, -1.1005,  1.8827,  0.1317, -0.7379,  1.7674, -0.1111, -0.7996,  1.7874,  0.1180, -1.1535,  1.8760
 -0.1294, -1.1125,  1.9339,  0.1353, -0.7511,  1.7552, -0.1136, -0.8110,  1.7746,  0.1208, -1.1696,  1.9299
 -0.1291, -1.1235,  1.9890,  0.1395, -0.7703,  1.7513, -0.1169, -0.8289,  1.7704,  0.1246, -1.1852,  1.9882
 -0.1302, -1.1316,  2.0466,  0.1443, -0.7910,  1.7532, -0.1202, -0.8493,  1.7721,  0.1293, -1.1980,  2.0488
 -0.1344, -1.1290,  2.0501,  0.1479, -0.8243,  1.7864, -0.1222, -0.8829,  1.8027,  0.1332, -1.1961,  2.0522
 -0.1388, -1.1267,  2.0942,  0.1513, -0.8547,  1.8132, -0.1237, -0.9136,  1.8273,  0.1389, -1.1968,  2.0972
 -0.1426, -1.1188,  2.1325,  0.1542, -0.8826,  1.8344, -0.1248, -0.9414,  1.8462,  0.1437, -1.1922,  2.1368
 -0.1458, -1.1048,  2.1642,  0.1566, -0.9082,  1.8506, -0.1256, -0.9666,  1.8601,  0.1477, -1.1812,  2.1699
 -0.1484, -1.0850,  2.1885,  0.1584, -0.9316,  1.8623, -0.1261, -0.9896,  1.8695,  0.1509, -1.1642,  2.1959
 -0.1502, -1.0599,  2.2048,  0.1597, -0.9531,  1.8697, -0.1263, -1.0104,  1.8747,  0.1531, -1.1415,  2.2143
 -0.1512, -1.0304,  2.2125,  0.1605, -0.9727,  1.8732, -0.1263, -1.0291,  1.8761,  0.1542, -1.1138,  2.2242
 -0.1511, -0.9976,  2.2113,  0.1608, -0.9903,  1.8728, -0.1261, -1.0457,  1.8737,  0.1541, -1.0822,  2.2253
 -0.1500, -0.9627,  2.2014,  0.1606, -1.0060,  1.8686, -0.1257, -1.0601,  1.8676,  0.1528, -1.0477,  2.2179
 -0.1481, -0.9270,  2.1835,  0.1598, -1.0197,  1.8605, -0.1251, -1.0724,  1.8577,  0.1505, -1.0117,  2.2024
 -0.1454, -0.8914,  2.1583,  0.1585, -1.0311,  1.8484, -0.1243, -1.0824,  1.8439,  0.1470, -0.9753,  2.1795
 -0.1420, -0.8568,  2.1264,  0.1567, -1.0402,  1.8321, -0.1233, -1.0897,  1.8258,  0.1426, -0.9395,  2.1495
 -0.1379, -0.8239,  2.0883,  0.1543, -1.0466,  1.8111, -0.1221, -1.0941,  1.8029,  0.1371, -0.9049,  2.1130
 -0.1331, -0.7938,  2.0448,  0.1513, -1.0499,  1.7850, -0.1208, -1.0952,  1.7748,  0.1306, -0.8730,  2.0707
 -0.1271, -0.7703,  1.9976,  0.1477, -1.0500,  1.7532, -0.1192, -1.0927,  1.7406,  0.1227, -0.8474,  2.0241
 -0.1226, -0.7713,  1.9942,  0.1437, -1.0469,  1.7144, -0.1172, -1.0875,  1.7007,  0.1171, -0.8479,  2.0209
 -0.1215, -0.7583,  1.9429,  0.1403, -1.0506,  1.7204, -0.1157, -1.0919,  1.7063,  0.1131, -0.8319,  1.9685
 -0.1224, -0.7453,  1.8951,  0.1372, -1.0573,  1.7369, -0.1145, -1.1001,  1.7232,  0.1111, -0.8157,  1.9194
 -0.1242, -0.7357,  1.8527,  0.1345, -1.0661,  1.7625, -0.1140, -1.1110,  1.7496,  0.1102, -0.8032,  1.8759
 -0.1265, -0.7309,  1.8168,  0.1323, -1.0766,  1.7959, -0.1142, -1.1241,  1.7844,  0.1103, -0.7956,  1.8389
 -0.1292, -0.7314,  1.7881,  0.1305, -1.0882,  1.8363, -0.1152, -1.1387,  1.8266,  0.1112, -0.7939,  1.8094
 -0.1324, -0.7381,  1.7674,  0.1292, -1.1004,  1.8826, -0.1171, -1.1545,  1.8751,  0.1129, -0.7984,  1.7880
 -0.1360, -0.7513,  1.7552,  0.1282, -1.1124,  1.9338, -0.1199, -1.1706,  1.9291,  0.1154, -0.8098,  1.7752
 -0.1403, -0.7706,  1.7514,  0.1278, -1.1234,  1.9890, -0.1237, -1.1863,  1.9874,  0.1187, -0.8277,  1.7711
 -0.1452, -0.7913,  1.7532,  0.1289, -1.1315,  2.0466, -0.1284, -1.1991,  2.0480,  0.1221, -0.8481,  1.7728
 -0.1489, -0.8246,  1.7865,  0.1331, -1.1289,  2.0501, -0.1323, -1.1972,  2.0515,  0.1242, -0.8817,  1.8035
 -0.1523, -0.8550,  1.8132,  0.1376, -1.1266,  2.0942, -0.1379, -1.1979,  2.0964,  0.1256, -0.9124,  1.8282
 -0.1553, -0.8829,  1.8344,  0.1414, -1.1188,  2.1325, -0.1427, -1.1934,  2.1360,  0.1267, -0.9402,  1.8471
 -0.1577, -0.9085,  1.8506,  0.1447, -1.1048,  2.1641, -0.1466, -1.1825,  2.1692,  0.1274, -0.9655,  1.8610
 -0.1596, -0.9319,  1.8623,  0.1473, -1.0849,  2.1884, -0.1497, -1.1656,  2.1952,  0.1279, -0.9884,  1.8704
 -0.1610, -0.9534,  1.8697,  0.1491, -1.0598,  2.2047, -0.1518, -1.1429,  2.2136,  0.1281, -1.0092,  1.8757
 -0.1618, -0.9730,  1.8732,  0.1501, -1.0303,  2.2125, -0.1528, -1.1154,  2.2236,  0.1281, -1.0279,  1.8771
 -0.1621, -0.9906,  1.8728,  0.1501, -0.9975,  2.2112, -0.1527, -1.0837,  2.2247,  0.1279, -1.0446,  1.8748
 -0.1619, -1.0063,  1.8686,  0.1491, -0.9626,  2.2013, -0.1513, -1.0493,  2.2173,  0.1274, -1.0591,  1.8687
 -0.1612, -1.0200,  1.8605,  0.1473, -0.9269,  2.1835, -0.1489, -1.0133,  2.2018,  0.1267, -1.0714,  1.8588
 -0.1600, -1.0314,  1.8484,  0.1447, -0.8913,  2.1582, -0.1454, -0.9770,  2.1789,  0.1259, -1.0814,  1.8450
 -0.1582, -1.0404,  1.8320,  0.1413, -0.8566,  2.1263, -0.1410, -0.9411,  2.1490,  0.1248, -1.0887,  1.8269
 -0.1558, -1.0468,  1.8111,  0.1373, -0.8237,  2.0882, -0.1355, -0.9066,  2.1125,  0.1236, -1.0932,  1.8041
 -0.1528, -1.0501,  1.7850,  0.1325, -0.7936,  2.0447, -0.1289, -0.8746,  2.0701,  0.1221, -1.0943,  1.7760
 -0.1493, -1.0502,  1.7532,  0.1266, -0.7701,  1.9975, -0.1211, -0.8490,  2.0237,  0.1204, -1.0918,  1.7419
 -0.1453, -1.0471,  1.7143,  0.1221, -0.7711,  1.9941, -0.1153, -0.8496,  2.0204,  0.1183, -1.0867,  1.7019
 -0.1418, -1.0508,  1.7203,  0.1210, -0.7581,  1.9427, -0.1113, -0.8335,  1.9680,  0.1168, -1.0911,  1.7075
 -0.1387, -1.0574,  1.7369,  0.1219, -0.7451,  1.8949, -0.1093, -0.8174,  1.9189,  0.1156, -1.0993,  1.7244
 -0.1360, -1.0662,  1.7624,  0.1236, -0.7355,  1.8525, -0.1085, -0.8049,  1.8754,  0.1150, -1.1102,  1.7507
 -0.1337, -1.0767,  1.7959,  0.1259, -0.7306,  1.8166, -0.1085, -0.7975,  1.8384,  0.1151, -1.1233,  1.7854
 -0.1319, -1.0883,  1.8363,  0.1286, -0.7311,  1.7879, -0.1094, -0.7957,  1.8089,  0.1161, -1.1380,  1.8275
 -0.1304, -1.1005,  1.8826,  0.1316, -0.7378,  1.7672, -0.1110, -0.8004,  1.7874,  0.1180, -1.1537,  1.8760
 -0.1294, -1.1125,  1.9338,  0.1352, -0.7509,  1.7550, -0.1135, -0.8118,  1.7747,  0.1208, -1.1698,  1.9299
 -0.1290, -1.1235,  1.9890,  0.1394, -0.7701,  1.7511, -0.1167, -0.8299,  1.7704,  0.1245, -1.1854,  1.9882
 -0.1302, -1.1316,  2.0466,  0.1442, -0.7908,  1.7529, -0.1200, -0.8503,  1.7721,  0.1292, -1.1982,  2.0487
 -0.1343, -1.1289,  2.0501,  0.1479, -0.8241,  1.7862, -0.1221, -0.8839,  1.8027,  0.1332, -1.1963,  2.0522
 -0.1388, -1.1266,  2.0942,  0.1513, -0.8545,  1.8130, -0.1235, -0.9145,  1.8273,  0.1389, -1.1970,  2.0971
 -0.1426, -1.1188,  2.1325,  0.1541, -0.8824,  1.8342, -0.1247, -0.9423,  1.8461,  0.1437, -1.1924,  2.1367
 -0.1458, -1.1048,  2.1641,  0.1565, -0.9079,  1.8504, -0.1254, -0.9676,  1.8600,  0.1477, -1.1815,  2.1698
 -0.1484, -1.0849,  2.1884,  0.1583, -0.9314,  1.8620, -0.1260, -0.9906,  1.8694,  0.1508, -1.1645,  2.1959
 -0.1502, -1.0598,  2.2047,  0.1596, -0.9529,  1.8695, -0.1262, -1.0113,  1.8746,  0.1530, -1.1418,  2.2142
 -0.1511, -1.0303,  2.2125,  0.1604, -0.9724,  1.8729, -0.1262, -1.0300,  1.8760,  0.1541, -1.1142,  2.2242
 -0.1510, -0.9975,  2.2112,  0.1607, -0.9901,  1.8726, -0.1260, -1.0466,  1.8736,  0.1541, -1.0826,  2.2253
 -0.1500, -0.9626,  2.2013,  0.1605, -1.0058,  1.8683, -0.1256, -1.0611,  1.8675,  0.1528, -1.0481,  2.2178
 -0.1481, -0.9269,  2.1834,  0.1597, -1.0194,  1.8603, -0.1250, -1.0734,  1.8576,  0.1504, -1.0122,  2.2024
 -0.1454, -0.8913,  2.1582,  0.1585, -1.0309,  1.8482, -0.1242, -1.0833,  1.8438,  0.1470, -0.9758,  2.1794
 -0.1419, -0.8567,  2.1262,  0.1566, -1.0399,  1.8318, -0.1233, -1.0907,  1.8257,  0.1425, -0.9400,  2.1494
 -0.1378, -0.8238,  2.0881,  0.1542, -1.0463,  1.8109, -0.1221, -1.0951,  1.8028,  0.1371, -0.9055,  2.1130
 -0.1330, -0.7937,  2.0446,  0.1512, -1.0497,  1.7848, -0.1207, -1.0961,  1.7746,  0.1305, -0.8735,  2.0706
 -0.1271, -0.7702,  1.9974,  0.1476, -1.0497,  1.7530, -0.1191, -1.0936,  1.7405,  0.1227, -0.8480,  2.0241
 -0.1225, -0.7713,  1.9940,  0.1436, -1.0466,  1.7142, -0.1171, -1.0884,  1.7005,  0.1170, -0.8485,  2.0208
 -0.1214, -0.7583,  1.9426,  0.1402, -1.0504,  1.7202, -0.1157, -1.0927,  1.7061,  0.1130, -0.8325,  1.9684
 -0.1223, -0.7452,  1.8948,  0.1371, -1.0571,  1.7368, -0.1145, -1.1009,  1.7231,  0.1110, -0.8164,  1.9194
 -0.1241, -0.7357,  1.8524,  0.1345, -1.0659,  1.7623, -0.1139, -1.1117,  1.7495,  0.1102, -0.8039,  1.8758
 -0.1264, -0.7308,  1.8165,  0.1323, -1.0764,  1.7958, -0.1141, -1.1248,  1.7843,  0.1102, -0.7965,  1.8389
 -0.1291, -0.7313,  1.7878,  0.1305, -1.0881,  1.8362, -0.1152, -1.1394,  1.8264,  0.1111, -0.7947,  1.8094
 -0.1323, -0.7380,  1.7671,  0.1291, -1.1003,  1.8825, -0.1170, -1.1551,  1.8750,  0.1128, -0.7994,  1.7880
 -0.1359, -0.7512,  1.7548,  0.1281, -1.1123,  1.9337, -0.1198, -1.1712,  1.9289,  0.1153, -0.8108,  1.7752
 -0.1402, -0.7704,  1.7510,  0.1278, -1.1233,  1.9889, -0.1236, -1.1868,  1.9873,  0.1186, -0.8288,  1.7711
 -0.1451, -0.7911,  1.7528,  0.1289, -1.1314,  2.0465, -0.1283, -1.1996,  2.0479,  0.1220, -0.8492,  1.7728
 -0.1488, -0.8244,  1.7860,  0.1331, -1.1288,  2.0501, -0.1323, -1.1977,  2.0513,  0.1240, -0.8828,  1.8035
 -0.1522, -0.8548,  1.8128,  0.1375, -1.1265,  2.0941, -0.1379, -1.1985,  2.0963,  0.1255, -0.9135,  1.8281
 -0.1552, -0.8827,  1.8340,  0.1413, -1.1186,  2.1324, -0.1426, -1.1939,  2.1359,  0.1265, -0.9413,  1.8470
 -0.1576, -0.9083,  1.8502,  0.1446, -1.1046,  2.1640, -0.1465, -1.1831,  2.1691,  0.1273, -0.9666,  1.8610
 -0.1595, -0.9318,  1.8618,  0.1472, -1.0848,  2.1883, -0.1496, -1.1661,  2.1951,  0.1278, -0.9896,  1.8704
 -0.1608, -0.9532,  1.8693,  0.1491, -1.0597,  2.2046, -0.1517, -1.1435,  2.2135,  0.1280, -1.0105,  1.8757
 -0.1617, -0.9728,  1.8727,  0.1500, -1.0302,  2.2123, -0.1527, -1.1159,  2.2235,  0.1280, -1.0292,  1.8771
 -0.1620, -0.9905,  1.8723,  0.1500, -0.9974,  2.2110, -0.1526, -1.0842,  2.2246,  0.1277, -1.0458,  1.8747
 -0.1618, -1.0062,  1.8681,  0.1490, -0.9625,  2.2011, -0.1513, -1.0498,  2.2172,  0.1273, -1.0604,  1.8687
 -0.1611, -1.0198,  1.8600,  0.1472, -0.9268,  2.1832, -0.1488, -1.0138,  2.2017,  0.1266, -1.0727,  1.8588
 -0.1598, -1.0313,  1.8479,  0.1445, -0.8912,  2.1579, -0.1454, -0.9774,  2.1788,  0.1257, -1.0827,  1.8450
 -0.1580, -1.0403,  1.8315,  0.1412, -0.8566,  2.1259, -0.1409, -0.9416,  2.1489,  0.1247, -1.0901,  1.8270
 -0.1557, -1.0467,  1.8105,  0.1372, -0.8237,  2.0878, -0.1354, -0.9070,  2.1124,  0.1234, -1.0945,  1.8041
 -0.1527, -1.0500,  1.7844,  0.1324, -0.7937,  2.0443, -0.1289, -0.8750,  2.0701,  0.1220, -1.0957,  1.7760
 -0.1491, -1.0501,  1.7526,  0.1265, -0.7702,  1.9971, -0.1210, -0.8495,  2.0236,  0.1203, -1.0932,  1.7419
 -0.1451, -1.0470,  1.7137,  0.1220, -0.7712,  1.9937, -0.1153, -0.8500,  2.0203,  0.1182, -1.0881,  1.7020
 -0.1417, -1.0507,  1.7198,  0.1209, -0.7582,  1.9423, -0.1113, -0.8340,  1.9679,  0.1167, -1.0924,  1.7075
 -0.1385, -1.0574,  1.7364,  0.1218, -0.7451,  1.8944, -0.1092, -0.8178,  1.9189,  0.1154, -1.1005,  1.7243
 -0.1359, -1.0662,  1.7620,  0.1235, -0.7355,  1.8520, -0.1084, -0.8054,  1.8753,  0.1148, -1.1114,  1.7507
 -0.1336, -1.0767,  1.7955,  0.1257, -0.7306,  1.8160, -0.1084, -0.7980,  1.8383,  0.1150, -1.1244,  1.7854
 -0.1318, -1.0883,  1.8359,  0.1284, -0.7312,  1.7873, -0.1093, -0.7963,  1.8088,  0.1159, -1.1391,  1.8274
 -0.1304, -1.1005,  1.8822,  0.1315, -0.7378,  1.7665, -0.1109, -0.8009,  1.7874,  0.1178, -1.1547,  1.8759
 -0.1294, -1.1125,  1.9335,  0.1351, -0.7509,  1.7542, -0.1134, -0.8124,  1.7746,  0.1205, -1.1708,  1.9298
 -0.1290, -1.1235,  1.9887,  0.1393, -0.7702,  1.7503, -0.1166, -0.8305,  1.7703,  0.1243, -1.1863,  1.9880
 -0.1301, -1.1316,  2.0463,  0.1441, -0.7908,  1.7521, -0.1199, -0.8509,  1.7720,  0.1290, -1.1991,  2.0486
 -0.1343, -1.1290,  2.0498,  0.1477, -0.8241,  1.7854, -0.1220, -0.8845,  1.8027,  0.1329, -1.1972,  2.0520
 -0.1388, -1.1267,  2.0939,  0.1511, -0.8545,  1.8122, -0.1234, -0.9152,  1.8272,  0.1386, -1.1979,  2.0970
 -0.1426, -1.1188,  2.1322,  0.1539, -0.8824,  1.8333, -0.1246, -0.9431,  1.8462,  0.1434, -1.1933,  2.1366
 -0.1458, -1.1048,  2.1638,  0.1563, -0.9080,  1.8495, -0.1254, -0.9684,  1.8601,  0.1474, -1.1824,  2.1697
 -0.1483, -1.0850,  2.1880,  0.1581, -0.9314,  1.8611, -0.1259, -0.9915,  1.8695,  0.1505, -1.1654,  2.1957
 -0.1501, -1.0599,  2.2043,  0.1594, -0.9529,  1.8685, -0.1262, -1.0123,  1.8748,  0.1527, -1.1427,  2.2141
 -0.1510, -1.0305,  2.2120,  0.1602, -0.9725,  1.8720, -0.1262, -1.0311,  1.8763,  0.1538, -1.1151,  2.2240
 -0.1509, -0.9977,  2.2106,  0.1605, -0.9902,  1.8715, -0.1260, -1.0478,  1.8740,  0.1538, -1.0834,  2.2251
 -0.1498, -0.9628,  2.2006,  0.1602, -1.0059,  1.8673, -0.1257, -1.0624,  1.8679,  0.1525, -1.0490,  2.2177
 -0.1479, -0.9271,  2.1827,  0.1595, -1.0195,  1.8592, -0.1251, -1.0747,  1.8581,  0.1502, -1.0130,  2.2022
 -0.1451, -0.8915,  2.1574,  0.1582, -1.0310,  1.8470, -0.1243, -1.0848,  1.8444,  0.1467, -0.9767,  2.1793
 -0.1417, -0.8570,  2.1254,  0.1563, -1.0401,  1.8306, -0.1234, -1.0922,  1.8263,  0.1423, -0.9409,  2.1493
 -0.1376, -0.8241,  2.0872,  0.1539, -1.0464,  1.8096, -0.1222, -1.0967,  1.8035,  0.1368, -0.9064,  2.1129
 -0.1327, -0.7941,  2.0437,  0.1509, -1.0498,  1.7836, -0.1208, -1.0978,  1.7754,  0.1303, -0.8744,  2.0705
 -0.1268, -0.7706,  1.9965,  0.1473, -1.0499,  1.7517, -0.1193, -1.0953,  1.7414,  0.1224, -0.8489,  2.0239
 -0.1223, -0.7716,  1.9930,  0.1433, -1.0468,  1.7129, -0.1173, -1.0901,  1.7014,  0.1168, -0.8494,  2.0207
 -0.1211, -0.7586,  1.9416,  0.1399, -1.0505,  1.7190, -0.1158, -1.0944,  1.7070,  0.1128, -0.8334,  1.9683
 -0.1220, -0.7456,  1.8937,  0.1369, -1.0573,  1.7356, -0.1145, -1.1025,  1.7238,  0.1107, -0.8173,  1.9192
 -0.1238, -0.7360,  1.8512,  0.1342, -1.0662,  1.7613, -0.1139, -1.1133,  1.7502,  0.1099, -0.8049,  1.8757
 -0.1261, -0.7311,  1.8152,  0.1320, -1.0767,  1.7949, -0.1140, -1.1263,  1.7849,  0.1099, -0.7976,  1.8387
 -0.1288, -0.7317,  1.7864,  0.1303, -1.0883,  1.8354, -0.1150, -1.1409,  1.8270,  0.1108, -0.7959,  1.8092
 -0.1319, -0.7383,  1.7656,  0.1289, -1.1005,  1.8818, -0.1168, -1.1565,  1.8755,  0.1124, -0.8006,  1.7878
 -0.1356, -0.7514,  1.7533,  0.1279, -1.1126,  1.9331, -0.1195, -1.1725,  1.9294,  0.1149, -0.8121,  1.7751
 -0.1398, -0.7706,  1.7494,  0.1276, -1.1236,  1.9883, -0.1232, -1.1881,  1.9876,  0.1181, -0.8301,  1.7709
 -0.1447, -0.7913,  1.7511,  0.1287, -1.1317,  2.0460, -0.1278, -1.2007,  2.0482,  0.1215, -0.8506,  1.7727
 -0.1484, -0.8246,  1.7844,  0.1329, -1.1290,  2.0495, -0.1318, -1.1989,  2.0516,  0.1235, -0.8842,  1.8034
 -0.1518, -0.8550,  1.8111,  0.1373, -1.1267,  2.0936, -0.1373, -1.1996,  2.0966,  0.1249, -0.9150,  1.8281
 -0.1548, -0.8829,  1.8323,  0.1411, -1.1189,  2.1319, -0.1420, -1.1950,  2.1362,  0.1260, -0.9429,  1.8471
 -0.1572, -0.9085,  1.8484,  0.1443, -1.1048,  2.1634, -0.1458, -1.1842,  2.1694,  0.1268, -0.9684,  1.8612
 -0.1590, -0.9320,  1.8600,  0.1468, -1.0850,  2.1875, -0.1489, -1.1673,  2.1955,  0.1273, -0.9915,  1.8707
 -0.1604, -0.9535,  1.8673,  0.1486, -1.0599,  2.2037, -0.1509, -1.1447,  2.2138,  0.1275, -1.0125,  1.8762
 -0.1612, -0.9731,  1.8707,  0.1495, -1.0304,  2.2113, -0.1519, -1.1171,  2.2239,  0.1275, -1.0314,  1.8777
 -0.1615, -0.9907,  1.8702,  0.1494, -0.9976,  2.2099, -0.1517, -1.0854,  2.2250,  0.1273, -1.0482,  1.8756
 -0.1613, -1.0064,  1.8659,  0.1483, -0.9628,  2.1999, -0.1504, -1.0510,  2.2176,  0.1269, -1.0629,  1.8697
 -0.1606, -1.0201,  1.8577,  0.1464, -0.9270,  2.1818, -0.1479, -1.0151,  2.2022,  0.1262, -1.0754,  1.8600
 -0.1593, -1.0315,  1.8455,  0.1437, -0.8915,  2.1565, -0.1444, -0.9788,  2.1793,  0.1254, -1.0855,  1.8464
 -0.1575, -1.0405,  1.8291,  0.1403, -0.8569,  2.1243, -0.1399, -0.9429,  2.1493,  0.1244, -1.0931,  1.8285
 -0.1552, -1.0469,  1.8080,  0.1362, -0.8241,  2.0861, -0.1344, -0.9084,  2.1129,  0.1232, -1.0977,  1.8059
 -0.1522, -1.0502,  1.7819,  0.1314, -0.7940,  2.0425, -0.1278, -0.8765,  2.0705,  0.1217, -1.0990,  1.7779
 -0.1486, -1.0503,  1.7501,  0.1256, -0.7705,  1.9952, -0.1199, -0.8509,  2.0240,  0.1201, -1.0966,  1.7440
 -0.1447, -1.0471,  1.7112,  0.1210, -0.7715,  1.9918, -0.1143, -0.8514,  2.0208,  0.1180, -1.0915,  1.7042
 -0.1412, -1.0509,  1.7174,  0.1198, -0.7584,  1.9402, -0.1102, -0.8355,  1.9685,  0.1164, -1.0957,  1.7095
 -0.1381, -1.0577,  1.7342,  0.1206, -0.7453,  1.8922, -0.1080, -0.8196,  1.9195,  0.1149, -1.1038,  1.7261
 -0.1354, -1.0666,  1.7599,  0.1223, -0.7356,  1.8496, -0.1071, -0.8073,  1.8761,  0.1142, -1.1145,  1.7521
 -0.1332, -1.0772,  1.7936,  0.1245, -0.7306,  1.8134, -0.1070, -0.8001,  1.8392,  0.1141, -1.1274,  1.7865
 -0.1313, -1.0888,  1.8341,  0.1270, -0.7311,  1.7845, -0.1078, -0.7986,  1.8098,  0.1149, -1.1418,  1.8283
 -0.1299, -1.1011,  1.8806,  0.1300, -0.7376,  1.7636, -0.1093, -0.8034,  1.7885,  0.1166, -1.1574,  1.8765
 -0.1289, -1.1131,  1.9319,  0.1335, -0.7506,  1.7512, -0.1117, -0.8151,  1.7759,  0.1192, -1.1733,  1.9301
 -0.1285, -1.1241,  1.9872,  0.1376, -0.7697,  1.7471, -0.1148, -0.8333,  1.7718,  0.1227, -1.1887,  1.9881
 -0.1296, -1.1322,  2.0450,  0.1423, -0.7902,  1.7488, -0.1180, -0.8539,  1.7737,  0.1272, -1.2013,  2.0484
 -0.1337, -1.1296,  2.0485,  0.1459, -0.8234,  1.7822, -0.1200, -0.8874,  1.8044,  0.1312, -1.1994,  2.0519
 -0.1380, -1.1273,  2.0925,  0.1492, -0.8538,  1.8090, -0.1214, -0.9182,  1.8292,  0.1366, -1.2001,  2.0967
 -0.1416, -1.1194,  2.1306,  0.1521, -0.8816,  1.8301, -0.1226, -0.9463,  1.8484,  0.1411, -1.1955,  2.1361
 -0.1446, -1.1054,  2.1620,  0.1543, -0.9071,  1.8462, -0.1234, -0.9719,  1.8627,  0.1448, -1.1846,  2.1691
 -0.1469, -1.0855,  2.1860,  0.1561, -0.9305,  1.8577, -0.1240, -0.9951,  1.8725,  0.1478, -1.1677,  2.1951
 -0.1484, -1.0605,  2.2021,  0.1574, -0.9520,  1.8651, -0.1244, -1.0162,  1.8782,  0.1497, -1.1450,  2.2133
 -0.1490, -1.0310,  2.2095,  0.1581, -0.9714,  1.8685, -0.1245, -1.0353,  1.8800,  0.1507, -1.1174,  2.2232
 -0.1486, -0.9982,  2.2079,  0.1583, -0.9890,  1.8680, -0.1244, -1.0522,  1.8782,  0.1504, -1.0857,  2.2242
 -0.1473, -0.9633,  2.1977,  0.1580, -1.0046,  1.8638, -0.1242, -1.0670,  1.8726,  0.1490, -1.0512,  2.2167
 -0.1452, -0.9276,  2.1795,  0.1572, -1.0181,  1.8557, -0.1237, -1.0797,  1.8634,  0.1465, -1.0152,  2.2011
 -0.1423, -0.8919,  2.1539,  0.1559, -1.0294,  1.8436, -0.1231, -1.0899,  1.8502,  0.1429, -0.9787,  2.1781
 -0.1387, -0.8573,  2.1217,  0.1540, -1.0383,  1.8273, -0.1223, -1.0976,  1.8327,  0.1383, -0.9428,  2.1480
 -0.1345, -0.8242,  2.0833,  0.1516, -1.0446,  1.8065, -0.1213, -1.1023,  1.8106,  0.1328, -0.9082,  2.1114
 -0.1296, -0.7940,  2.0395,  0.1486, -1.0478,  1.7806, -0.1201, -1.1036,  1.7832,  0.1261, -0.8761,  2.0689
 -0.1237, -0.7703,  1.9922,  0.1450, -1.0477,  1.7491, -0.1186, -1.1013,  1.7499,  0.1181, -0.8503,  2.0222
 -0.1192, -0.7712,  1.9888,  0.1410, -1.0444,  1.7107, -0.1168, -1.0962,  1.7107,  0.1126, -0.8506,  2.0189
 -0.1179, -0.7578,  1.9370,  0.1373, -1.0482,  1.7175, -0.1148, -1.1001,  1.7160,  0.1082, -0.8345,  1.9663
 -0.1186, -0.7443,  1.8887,  0.1338, -1.0549,  1.7349, -0.1129, -1.1077,  1.7324,  0.1057, -0.8183,  1.9170
 -0.1201, -0.7343,  1.8458,  0.1308, -1.0637,  1.7612, -0.1117, -1.1180,  1.7583,  0.1044, -0.8057,  1.8733
 -0.1222, -0.7289,  1.8094,  0.1282, -1.0740,  1.7954, -0.1112, -1.1303,  1.7925,  0.1040, -0.7981,  1.8362
 -0.1246, -0.7290,  1.7803,  0.1260, -1.0854,  1.8365, -0.1115, -1.1442,  1.8342,  0.1044, -0.7963,  1.8065
 -0.1275, -0.7351,  1.7592,  0.1241, -1.0972,  1.8834, -0.1126, -1.1591,  1.8822,  0.1055, -0.8008,  1.7849
 -0.1308, -0.7476,  1.7467,  0.1226, -1.1086,  1.9352, -0.1145, -1.1743,  1.9357,  0.1074, -0.8120,  1.7721
 -0.1348, -0.7663,  1.7426,  0.1216, -1.1190,  1.9909, -0.1173, -1.1889,  1.9935,  0.1100, -0.8298,  1.7678
 -0.1394, -0.7864,  1.7443,  0.1222, -1.1264,  2.0491, -0.1211, -1.2007,  2.0536,  0.1128, -0.8500,  1.7695
 -0.1431, -0.8191,  1.7780,  0.1261, -1.1236,  2.0527, -0.1251, -1.1986,  2.0571,  0.1146, -0.8832,  1.8007
 -0.1465, -0.8490,  1.8051,  0.1295, -1.1201,  2.0969, -0.1297, -1.1984,  2.1021,  0.1158, -0.9136,  1.8262
 -0.1494, -0.8764,  1.8267,  0.1321, -1.1107,  2.1353, -0.1332, -1.1927,  2.1417,  0.1168, -0.9414,  1.8461
 -0.1518, -0.9013,  1.8432,  0.1340, -1.0949,  2.1667, -0.1360, -1.1805,  2.1749,  0.1176, -0.9666,  1.8612
 -0.1536, -0.9242,  1.8553,  0.1352, -1.0732,  2.1907, -0.1379, -1.1621,  2.2009,  0.1181, -0.9895,  1.8720
 -0.1549, -0.9450,  1.8634,  0.1357, -1.0461,  2.2067, -0.1390, -1.1379,  2.2193,  0.1184, -1.0102,  1.8788
 -0.1557, -0.9639,  1.8675,  0.1354, -1.0146,  2.2140, -0.1390, -1.1086,  2.2293,  0.1185, -1.0289,  1.8820
 -0.1560, -0.9809,  1.8681,  0.1342, -0.9798,  2.2123, -0.1378, -1.0752,  2.2304,  0.1184, -1.0455,  1.8815
 -0.1558, -0.9959,  1.8650,  0.1321, -0.9429,  2.2020, -0.1356, -1.0390,  2.2230,  0.1182, -1.0601,  1.8777
 -0.1551, -1.0089,  1.8584,  0.1292, -0.9052,  2.1837, -0.1324, -1.0013,  2.2076,  0.1179, -1.0725,  1.8703
 -0.1539, -1.0198,  1.8481,  0.1257, -0.8677,  2.1582, -0.1282, -0.9632,  2.1848,  0.1174, -1.0827,  1.8593
 -0.1522, -1.0284,  1.8339,  0.1217, -0.8312,  2.1261, -0.1231, -0.9256,  2.1551,  0.1168, -1.0904,  1.8444
 -0.1499, -1.0344,  1.8155,  0.1172, -0.7965,  2.0881, -0.1171, -0.8895,  2.1191,  0.1160, -1.0953,  1.8252
 -0.1471, -1.0377,  1.7927,  0.1120, -0.7647,  2.0450, -0.1101, -0.8559,  2.0774,  0.1151, -1.0971,  1.8013
 -0.1437, -1.0380,  1.7648,  0.1060, -0.7396,  1.9989, -0.1021, -0.8289,  2.0319,  0.1140, -1.0955,  1.7720
 -0.1399, -1.0354,  1.7307,  0.1018, -0.7399,  1.9956, -0.0971, -0.8284,  2.0288,  0.1125, -1.0916,  1.7377
 -0.1353, -1.0374,  1.7400,  0.0993, -0.7237,  1.9453, -0.0920, -0.8100,  1.9780,  0.1099, -1.0940,  1.7457
 -0.1309, -1.0415,  1.7611,  0.0986, -0.7071,  1.8985, -0.0884, -0.7913,  1.9305,  0.1074, -1.0994,  1.7660
 -0.1270, -1.0468,  1.7919,  0.0988, -0.6939,  1.8574, -0.0859, -0.7764,  1.8888,  0.1055, -1.1066,  1.7965
 -0.1235, -1.0526,  1.8309,  0.0994, -0.6853,  1.8231, -0.0842, -0.7663,  1.8539,  0.1043, -1.1149,  1.8358
 -0.1204, -1.0579,  1.8766,  0.1005, -0.6820,  1.7965, -0.0832, -0.7620,  1.8266,  0.1038, -1.1233,  1.8823
 -0.1176, -1.0618,  1.9273,  0.1019, -0.6847,  1.7783, -0.0828, -0.7638,  1.8078,  0.1039, -1.1310,  1.9345
 -0.1150, -1.0636,  1.9818,  0.1036, -0.6937,  1.7692, -0.0831, -0.7723,  1.7979,  0.1048, -1.1370,  1.9910
 -0.1129, -1.0622,  2.0388,  0.1059, -0.7086,  1.7692, -0.0839, -0.7872,  1.7971,  0.1063, -1.1404,  2.0504
 -0.1120, -1.0579,  2.0973,  0.1087, -0.7251,  1.7759, -0.0849, -0.8044,  1.8030,  0.1086, -1.1407,  2.1114
 -0.1163, -1.0534,  2.1011,  0.1123, -0.7556,  1.8138, -0.0862, -0.8359,  1.8383,  0.1126, -1.1372,  2.1152
 -0.1174, -1.0349,  2.1420,  0.1156, -0.7836,  1.8475, -0.0872, -0.8645,  1.8693,  0.1151, -1.1217,  2.1575
 -0.1178, -1.0070,  2.1739,  0.1186, -0.8096,  1.8777, -0.0881, -0.8909,  1.8969,  0.1166, -1.0973,  2.1915
 -0.1178, -0.9717,  2.1962,  0.1212, -0.8339,  1.9050, -0.0890, -0.9157,  1.9218,  0.1173, -1.0651,  2.2164
 -0.1171, -0.9305,  2.2083,  0.1235, -0.8569,  1.9300, -0.0898, -0.9390,  1.9446,  0.1172, -1.0264,  2.2314
 -0.1160, -0.8853,  2.2104,  0.1256, -0.8787,  1.9533, -0.0907, -0.9611,  1.9659,  0.1163, -0.9830,  2.2366
 -0.1144, -0.8380,  2.2039,  0.1274, -0.8997,  1.9754, -0.0917, -0.9822,  1.9860,  0.1147, -0.9368,  2.2333
 -0.1126, -0.7903,  2.1901,  0.1291, -0.9198,  1.9965, -0.0927, -1.0026,  2.0054,  0.1126, -0.8896,  2.2227
 -0.1106, -0.7436,  2.1706,  0.1306, -0.9394,  2.0171, -0.0938, -1.0225,  2.0244,  0.1100, -0.8429,  2.2063
 -0.1085, -0.6991,  2.1471,  0.1321, -0.9585,  2.0374, -0.0950, -1.0418,  2.0431,  0.1071, -0.7981,  2.1856
 -0.1064, -0.6574,  2.1210,  0.1335, -0.9772,  2.0576, -0.0964, -1.0608,  2.0618,  0.1040, -0.7559,  2.1620
 -0.1045, -0.6192,  2.0940,  0.1350, -0.9957,  2.0781, -0.0979, -1.0795,  2.0806,  0.1007, -0.7172,  2.1370
 -0.1028, -0.5850,  2.0678,  0.1364, -1.0139,  2.0990, -0.0997, -1.0979,  2.0996,  0.0973, -0.6826,  2.1123
 -0.1014, -0.5556,  2.0442,  0.1379, -1.0321,  2.1205, -0.1017, -1.1163,  2.1189,  0.0940, -0.6530,  2.0896
