  0.0000, -0.9000,  1.8000,  0.0000, -0.9000,  1.8000,  0.0000, -0.9000,  1.8000,  0.0000, -0.9000,  1.8000
  0.0000, -0.9000,  1.8000,  0.0000, -0.9000,  1.8000,  0.0000, -0.9000,  1.8000,  0.0000, -0.9000,  1.8000
  0.0004, -0.8995,  1.7990,  0.0004, -0.8994,  1.7993, -0.0001, -0.8991,  1.7982, -0.0001, -0.8988,  1.7981
  0.0011, -0.8988,  1.7970,  0.0011, -0.8984,  1.7978, -0.0003, -0.8978,  1.7951, -0.0003, -0.8969,  1.7949
  0.0020, -0.8979,  1.7941,  0.0020, -0.8973,  1.7956, -0.0004, -0.8965,  1.7911, -0.0004, -0.8949,  1.7907
  0.0030, -0.8971,  1.7902,  0.0030, -0.8962,  1.7925, -0.0005, -0.8952,  1.7863, -0.0005, -0.8930,  1.7859
  0.0041, -0.8964,  1.7854,  0.0041, -0.8953,  1.7887, -0.0005, -0.8943,  1.7811, -0.0005, -0.8914,  1.7807
  0.0053, -0.8960,  1.7796,  0.0053, -0.8947,  1.7838, -0.0004, -0.8941,  1.7757, -0.0004, -0.8907,  1.7755
  0.0001, -0.9068,  1.8150,  0.0064, -0.8941,  1.7780, -0.0002, -0.8941,  1.7700,  0.0055, -0.9054,  1.8122
 -0.0055, -0.9233,  1.8624,  0.0077, -0.8932,  1.7719, -0.0001, -0.8939,  1.7640,  0.0119, -0.9262,  1.8612
 -0.0110, -0.9431,  1.9178,  0.0089, -0.8920,  1.7652, -0.0001, -0.8934,  1.7573,  0.0182, -0.9505,  1.9181
 -0.0166, -0.9644,  1.9775,  0.0102, -0.8904,  1.7580, -0.0002, -0.8926,  1.7500,  0.0246, -0.9765,  1.9792
 -0.0224, -0.9855,  2.0378,  0.0114, -0.8884,  1.7500, -0.0004, -0.8913,  1.7419,  0.0312, -1.0025,  2.0408
 -0.0286, -1.0050,  2.0955,  0.0126, -0.8857,  1.7411, -0.0007, -0.8894,  1.7329,  0.0382, -1.0269,  2.0996
 -0.0353, -1.0214,  2.1474,  0.0136, -0.8824,  1.7309, -0.0010, -0.8868,  1.7227,  0.0454, -1.0486,  2.1526
 -0.0423, -1.0338,  2.1904,  0.0145, -0.8784,  1.7194, -0.0015, -0.8835,  1.7112,  0.0528, -1.0664,  2.1965
 -0.0498, -1.0412,  2.2213,  0.0152, -0.8733,  1.7061, -0.0020, -0.8792,  1.6980,  0.0603, -1.0792,  2.2283
 -0.0574, -1.0429,  2.2371,  0.0157, -0.8672,  1.6908, -0.0026, -0.8738,  1.6828,  0.0673, -1.0860,  2.2449
 -0.0648, -1.0382,  2.2344,  0.0158, -0.8598,  1.6729, -0.0031, -0.8668,  1.6651,  0.0735, -1.0860,  2.2427
 -0.0715, -1.0269,  2.2106,  0.0157, -0.8507,  1.6521, -0.0037, -0.8580,  1.6444,  0.0782, -1.0786,  2.2192
 -0.0766, -1.0105,  2.1675,  0.0151, -0.8396,  1.6278, -0.0042, -0.8467,  1.6198,  0.0806, -1.0650,  2.1757
 -0.0775, -0.9938,  2.1075,  0.0141, -0.8263,  1.5994, -0.0047, -0.8328,  1.5908,  0.0785, -1.0496,  2.1150
 -0.0675, -0.9978,  2.0984,  0.0130, -0.8113,  1.5667, -0.0048, -0.8176,  1.5587,  0.0664, -1.0535,  2.1060
 -0.0699, -0.9759,  2.0150,  0.0171, -0.8101,  1.5812, -0.0097, -0.8196,  1.5738,  0.0645, -1.0295,  2.0203
 -0.0757, -0.9467,  1.9297,  0.0214, -0.8161,  1.6098, -0.0147, -0.8297,  1.6035,  0.0659, -0.9981,  1.9327
 -0.0821, -0.9158,  1.8460,  0.0256, -0.8278,  1.6503, -0.0196, -0.8458,  1.6455,  0.0684, -0.9654,  1.8471
 -0.0884, -0.8861,  1.7675,  0.0298, -0.8441,  1.7008, -0.0248, -0.8668,  1.6980,  0.0715, -0.9343,  1.7672
 -0.0948, -0.8600,  1.6979,  0.0341, -0.8640,  1.7595, -0.0306, -0.8918,  1.7591,  0.0751, -0.9073,  1.6968
 -0.1012, -0.8397,  1.6415,  0.0387, -0.8864,  1.8247, -0.0372, -0.9199,  1.8274,  0.0792, -0.8867,  1.6401
 -0.1080, -0.8275,  1.6025,  0.0438, -0.9104,  1.8948, -0.0448, -0.9500,  1.9012,  0.0842, -0.8748,  1.6016
 -0.1155, -0.8250,  1.5851,  0.0499, -0.9344,  1.9680, -0.0539, -0.9806,  1.9787,  0.0900, -0.8736,  1.5856
 -0.1243, -0.8313,  1.5922,  0.0583, -0.9541,  2.0423, -0.0649, -1.0065,  2.0572,  0.0967, -0.8822,  1.5942
 -0.1275, -0.8495,  1.6269,  0.0691, -0.9502,  2.0501, -0.0768, -1.0037,  2.0647,  0.0984, -0.9014,  1.6283
 -0.1303, -0.8644,  1.6544,  0.0784, -0.9658,  2.1120, -0.0874, -1.0233,  2.1274,  0.0996, -0.9175,  1.6559
 -0.1327, -0.8761,  1.6759,  0.0867, -0.9812,  2.1651, -0.0963, -1.0428,  2.1808,  0.1005, -0.9297,  1.6769
 -0.1347, -0.8850,  1.6923,  0.0945, -0.9933,  2.2083, -0.1043, -1.0588,  2.2237,  0.1011, -0.9387,  1.6922
 -0.1362, -0.8914,  1.7042,  0.1018, -1.0018,  2.2409, -0.1112, -1.0710,  2.2558,  0.1015, -0.9451,  1.7029
 -0.1373, -0.8959,  1.7122,  0.1086, -1.0067,  2.2624, -0.1171, -1.0791,  2.2766,  0.1018, -0.9493,  1.7096
 -0.1381, -0.8985,  1.7165,  0.1143, -1.0082,  2.2718, -0.1216, -1.0831,  2.2853,  0.1020, -0.9515,  1.7127
 -0.1384, -0.8994,  1.7174,  0.1188, -1.0064,  2.2686, -0.1246, -1.0830,  2.2814,  0.1020, -0.9520,  1.7125
 -0.1384, -0.8987,  1.7150,  0.1220, -1.0016,  2.2536, -0.1261, -1.0791,  2.2658,  0.1019, -0.9508,  1.7092
 -0.1379, -0.8963,  1.7092,  0.1239, -0.9940,  2.2279, -0.1262, -1.0716,  2.2395,  0.1017, -0.9479,  1.7026
 -0.1371, -0.8922,  1.7000,  0.1245, -0.9835,  2.1924, -0.1250, -1.0604,  2.2035,  0.1014, -0.9431,  1.6927
 -0.1358, -0.8862,  1.6871,  0.1240, -0.9701,  2.1480, -0.1225, -1.0458,  2.1585,  0.1009, -0.9363,  1.6790
 -0.1341, -0.8781,  1.6701,  0.1225, -0.9538,  2.0953, -0.1190, -1.0278,  2.1052,  0.1003, -0.9272,  1.6611
 -0.1320, -0.8676,  1.6486,  0.1198, -0.9353,  2.0351, -0.1140, -1.0072,  2.0440,  0.0994, -0.9153,  1.6384
 -0.1293, -0.8543,  1.6218,  0.1144, -0.9182,  1.9685, -0.1064, -0.9879,  1.9761,  0.0983, -0.9003,  1.6102
 -0.1265, -0.8388,  1.5891,  0.1042, -0.9225,  1.9602, -0.0941, -0.9921,  1.9681,  0.0969, -0.8838,  1.5776
 -0.1241, -0.8355,  1.6019,  0.1025, -0.9044,  1.8869, -0.0892, -0.9710,  1.8928,  0.0963, -0.8816,  1.5912
 -0.1220, -0.8395,  1.6287,  0.1040, -0.8826,  1.8173, -0.0877, -0.9463,  1.8214,  0.0961, -0.8875,  1.6192
 -0.1204, -0.8494,  1.6674,  0.1065, -0.8617,  1.7537, -0.0877, -0.9231,  1.7565,  0.0966, -0.8999,  1.6596
 -0.1194, -0.8641,  1.7161,  0.1097, -0.8436,  1.6978, -0.0887, -0.9033,  1.7000,  0.0979, -0.9176,  1.7106
 -0.1190, -0.8825,  1.7730,  0.1132, -0.8294,  1.6514, -0.0905, -0.8880,  1.6536,  0.1003, -0.9397,  1.7703
 -0.1193, -0.9036,  1.8365,  0.1172, -0.8203,  1.6162, -0.0931, -0.8784,  1.6190,  0.1038, -0.9650,  1.8371
 -0.1203, -0.9262,  1.9049,  0.1218, -0.8172,  1.5940, -0.0966, -0.8755,  1.5980,  0.1085, -0.9924,  1.9093
 -0.1226, -0.9488,  1.9767,  0.1272, -0.8205,  1.5863, -0.1009, -0.8797,  1.5919,  0.1147, -1.0202,  1.9853
 -0.1278, -0.9673,  2.0497,  0.1341, -0.8281,  1.5934, -0.1062, -0.8892,  1.6008,  0.1233, -1.0439,  2.0622
 -0.1382, -0.9636,  2.0574,  0.1372, -0.8461,  1.6279, -0.1081, -0.9082,  1.6346,  0.1349, -1.0408,  2.0696
 -0.1470, -0.9790,  2.1190,  0.1399, -0.8608,  1.6552, -0.1093, -0.9240,  1.6619,  0.1452, -1.0600,  2.1320
 -0.1543, -0.9942,  2.1718,  0.1422, -0.8723,  1.6765, -0.1103, -0.9359,  1.6825,  0.1534, -1.0788,  2.1848
 -0.1606, -1.0059,  2.2146,  0.1439, -0.8810,  1.6927, -0.1108, -0.9446,  1.6976,  0.1602, -1.0938,  2.2273
 -0.1658, -1.0139,  2.2468,  0.1452, -0.8873,  1.7045, -0.1112, -0.9506,  1.7081,  0.1654, -1.1046,  2.2589
 -0.1697, -1.0181,  2.2677,  0.1460, -0.8916,  1.7124, -0.1113, -0.9545,  1.7146,  0.1688, -1.1110,  2.2791
 -0.1719, -1.0189,  2.2764,  0.1464, -0.8942,  1.7166, -0.1112, -0.9564,  1.7176,  0.1704, -1.1129,  2.2873
 -0.1722, -1.0163,  2.2725,  0.1464, -0.8951,  1.7175, -0.1109, -0.9566,  1.7173,  0.1699, -1.1103,  2.2828
 -0.1706, -1.0106,  2.2568,  0.1460, -0.8944,  1.7151, -0.1106, -0.9551,  1.7139,  0.1674, -1.1037,  2.2665
 -0.1674, -1.0021,  2.2303,  0.1452, -0.8921,  1.7094, -0.1100, -0.9519,  1.7074,  0.1632, -1.0931,  2.2396
 -0.1628, -0.9906,  2.1941,  0.1441, -0.8880,  1.7003, -0.1094, -0.9470,  1.6974,  0.1577, -1.0790,  2.2030
 -0.1571, -0.9763,  2.1490,  0.1425, -0.8821,  1.6875, -0.1086, -0.9400,  1.6838,  0.1509, -1.0614,  2.1575
 -0.1506, -0.9591,  2.0957,  0.1406, -0.8741,  1.6707, -0.1077, -0.9307,  1.6660,  0.1431, -1.0405,  2.1036
 -0.1431, -0.9397,  2.0350,  0.1382, -0.8636,  1.6493, -0.1065, -0.9186,  1.6434,  0.1342, -1.0172,  2.0420
 -0.1338, -0.9219,  1.9680,  0.1354, -0.8504,  1.6228, -0.1052, -0.9035,  1.6154,  0.1232, -0.9954,  1.9739
 -0.1230, -0.9261,  1.9598,  0.1324, -0.8349,  1.5900, -0.1036, -0.8870,  1.5829,  0.1105, -0.9994,  1.9661
 -0.1187, -0.9077,  1.8864,  0.1297, -0.8318,  1.6029, -0.1027, -0.8845,  1.5961,  0.1033, -0.9768,  1.8907
 -0.1176, -0.8855,  1.8167,  0.1273, -0.8359,  1.6298, -0.1021, -0.8902,  1.6237,  0.0994, -0.9506,  1.8192
 -0.1179, -0.8644,  1.7530,  0.1255, -0.8460,  1.6686, -0.1023, -0.9024,  1.6638,  0.0973, -0.9261,  1.7544
 -0.1189, -0.8460,  1.6972,  0.1244, -0.8608,  1.7173, -0.1034, -0.9199,  1.7143,  0.0964, -0.9051,  1.6979
 -0.1206, -0.8318,  1.6508,  0.1238, -0.8793,  1.7742, -0.1055, -0.9417,  1.7737,  0.0966, -0.8888,  1.6516
 -0.1229, -0.8226,  1.6158,  0.1239, -0.9004,  1.8377, -0.1088, -0.9668,  1.8401,  0.0978, -0.8783,  1.6172
 -0.1259, -0.8195,  1.5938,  0.1249, -0.9232,  1.9061, -0.1133, -0.9941,  1.9120,  0.0999, -0.8746,  1.5964
 -0.1299, -0.8228,  1.5863,  0.1270, -0.9458,  1.9778, -0.1194, -1.0218,  1.9876,  0.1029, -0.8781,  1.5906
 -0.1355, -0.8305,  1.5937,  0.1321, -0.9643,  2.0508, -0.1278, -1.0453,  2.0642,  0.1072, -0.8870,  1.6000
 -0.1387, -0.8485,  1.6281,  0.1427, -0.9605,  2.0585, -0.1396, -1.0422,  2.0716,  0.1091, -0.9059,  1.6338
 -0.1416, -0.8631,  1.6553,  0.1516, -0.9758,  2.1201, -0.1499, -1.0613,  2.1338,  0.1106, -0.9218,  1.6611
 -0.1439, -0.8745,  1.6766,  0.1589, -0.9909,  2.1728, -0.1581, -1.0801,  2.1865,  0.1117, -0.9337,  1.6818
 -0.1458, -0.8831,  1.6928,  0.1651, -1.0026,  2.2155, -0.1647, -1.0952,  2.2288,  0.1125, -0.9425,  1.6970
 -0.1473, -0.8893,  1.7046,  0.1702, -1.0106,  2.2476, -0.1697, -1.1059,  2.2603,  0.1130, -0.9486,  1.7075
 -0.1483, -0.8936,  1.7124,  0.1739, -1.0149,  2.2685, -0.1729, -1.1122,  2.2804,  0.1133, -0.9525,  1.7141
 -0.1489, -0.8961,  1.7167,  0.1759, -1.0158,  2.2772, -0.1742, -1.1141,  2.2884,  0.1135, -0.9546,  1.7172
 -0.1491, -0.8969,  1.7176,  0.1758, -1.0134,  2.2732, -0.1733, -1.1115,  2.2838,  0.1135, -0.9549,  1.7171
 -0.1489, -0.8961,  1.7153,  0.1739, -1.0079,  2.2574, -0.1705, -1.1048,  2.2674,  0.1134, -0.9536,  1.7138
 -0.1484, -0.8937,  1.7096,  0.1703, -0.9996,  2.2309, -0.1659, -1.0943,  2.2404,  0.1131, -0.9506,  1.7073
 -0.1474, -0.8896,  1.7006,  0.1654, -0.9884,  2.1946, -0.1600, -1.0801,  2.2037,  0.1127, -0.9458,  1.6975
 -0.1460, -0.8836,  1.6878,  0.1593, -0.9743,  2.1495, -0.1528, -1.0625,  2.1580,  0.1121, -0.9389,  1.6840
 -0.1442, -0.8755,  1.6710,  0.1525, -0.9573,  2.0961, -0.1447, -1.0416,  2.1041,  0.1113, -0.9297,  1.6663
 -0.1419, -0.8650,  1.6497,  0.1448, -0.9381,  2.0354, -0.1355, -1.0183,  2.0424,  0.1103, -0.9178,  1.6437
 -0.1391, -0.8518,  1.6232,  0.1353, -0.9204,  1.9684, -0.1243, -0.9966,  1.9742,  0.1090, -0.9028,  1.6157
 -0.1361, -0.8362,  1.5904,  0.1246, -0.9247,  1.9602, -0.1117, -1.0006,  1.9663,  0.1073, -0.8862,  1.5832
 -0.1332, -0.8330,  1.6033,  0.1202, -0.9063,  1.8868, -0.1044, -0.9780,  1.8909,  0.1062, -0.8838,  1.5964
 -0.1306, -0.8371,  1.6301,  0.1190, -0.8842,  1.8170, -0.1005, -0.9519,  1.8193,  0.1054, -0.8895,  1.6241
 -0.1286, -0.8471,  1.6688,  0.1192, -0.8631,  1.7534, -0.0984, -0.9274,  1.7544,  0.1054, -0.9016,  1.6641
 -0.1273, -0.8618,  1.7175,  0.1202, -0.8448,  1.6975, -0.0975, -0.9065,  1.6978,  0.1063, -0.9192,  1.7146
 -0.1266, -0.8803,  1.7744,  0.1219, -0.8306,  1.6512, -0.0977, -0.8903,  1.6514,  0.1083, -0.9410,  1.7740
 -0.1265, -0.9014,  1.8379,  0.1241, -0.8214,  1.6162, -0.0988, -0.8799,  1.6169,  0.1114, -0.9661,  1.8404
 -0.1273, -0.9241,  1.9063,  0.1271, -0.8183,  1.5942, -0.1009, -0.8763,  1.5960,  0.1157, -0.9933,  1.9123
 -0.1294, -0.9467,  1.9780,  0.1311, -0.8216,  1.5867, -0.1040, -0.8798,  1.5901,  0.1217, -1.0209,  1.9879
 -0.1343, -0.9652,  2.0509,  0.1367, -0.8294,  1.5941, -0.1083, -0.8889,  1.5993,  0.1300, -1.0444,  2.0645
 -0.1448, -0.9614,  2.0586,  0.1399, -0.8473,  1.6285, -0.1102, -0.9078,  1.6331,  0.1416, -1.0413,  2.0719
 -0.1537, -0.9768,  2.1202,  0.1427, -0.8619,  1.6556, -0.1116, -0.9236,  1.6605,  0.1519, -1.0604,  2.1341
 -0.1609, -0.9918,  2.1729,  0.1450, -0.8733,  1.6769, -0.1126, -0.9355,  1.6812,  0.1601, -1.0791,  2.1868
 -0.1671, -1.0036,  2.2156,  0.1468, -0.8819,  1.6931, -0.1133, -0.9442,  1.6963,  0.1667, -1.0940,  2.2291
 -0.1722, -1.0115,  2.2477,  0.1481, -0.8882,  1.7048, -0.1138, -0.9503,  1.7068,  0.1716, -1.1047,  2.2606
 -0.1758, -1.0159,  2.2686,  0.1490, -0.8924,  1.7126, -0.1140, -0.9542,  1.7134,  0.1749, -1.1110,  2.2807
 -0.1777, -1.0167,  2.2773,  0.1494, -0.8949,  1.7169, -0.1140, -0.9562,  1.7165,  0.1761, -1.1129,  2.2888
 -0.1775, -1.0143,  2.2733,  0.1495, -0.8958,  1.7178, -0.1139, -0.9565,  1.7163,  0.1751, -1.1103,  2.2841
 -0.1755, -1.0087,  2.2575,  0.1492, -0.8951,  1.7154, -0.1136, -0.9551,  1.7130,  0.1722, -1.1036,  2.2678
 -0.1718, -1.0003,  2.2309,  0.1485, -0.8927,  1.7097, -0.1132, -0.9520,  1.7065,  0.1675, -1.0930,  2.2407
 -0.1667, -0.9891,  2.1946,  0.1474, -0.8887,  1.7006, -0.1126, -0.9471,  1.6967,  0.1614, -1.0789,  2.2040
 -0.1605, -0.9749,  2.1494,  0.1459, -0.8827,  1.6879, -0.1119, -0.9402,  1.6831,  0.1542, -1.0613,  2.1584
 -0.1535, -0.9579,  2.0961,  0.1439, -0.8747,  1.6710, -0.1110, -0.9310,  1.6654,  0.1459, -1.0404,  2.1044
 -0.1456, -0.9387,  2.0353,  0.1416, -0.8642,  1.6497, -0.1099, -0.9190,  1.6429,  0.1366, -1.0171,  2.0427
 -0.1360, -0.9209,  1.9683,  0.1388, -0.8510,  1.6232, -0.1085, -0.9040,  1.6149,  0.1252, -0.9954,  1.9745
 -0.1252, -0.9252,  1.9601,  0.1357, -0.8355,  1.5904, -0.1069, -0.8874,  1.5824,  0.1126, -0.9994,  1.9666
 -0.1207, -0.9068,  1.8867,  0.1328, -0.8323,  1.6033, -0.1058, -0.8849,  1.5956,  0.1051, -0.9768,  1.8912
 -0.1194, -0.8848,  1.8169,  0.1303, -0.8364,  1.6302, -0.1050, -0.8906,  1.6233,  0.1011, -0.9506,  1.8196
 -0.1195, -0.8637,  1.7533,  0.1283, -0.8465,  1.6689, -0.1050, -0.9027,  1.6634,  0.0988, -0.9261,  1.7547
 -0.1203, -0.8454,  1.6974,  0.1270, -0.8612,  1.7176, -0.1060, -0.9203,  1.7140,  0.0979, -0.9051,  1.6982
 -0.1219, -0.8312,  1.6510,  0.1263, -0.8797,  1.7744, -0.1080, -0.9421,  1.7733,  0.0979, -0.8888,  1.6518
 -0.1241, -0.8221,  1.6160,  0.1263, -0.9009,  1.8379, -0.1111, -0.9672,  1.8398,  0.0990, -0.8784,  1.6173
 -0.1270, -0.8190,  1.5940,  0.1271, -0.9236,  1.9063, -0.1155, -0.9944,  1.9117,  0.1010, -0.8746,  1.5964
 -0.1309, -0.8223,  1.5865,  0.1292, -0.9462,  1.9780, -0.1214, -1.0221,  1.9874,  0.1040, -0.8781,  1.5906
 -0.1365, -0.8301,  1.5939,  0.1341, -0.9647,  2.0510, -0.1297, -1.0457,  2.0640,  0.1082, -0.8871,  1.5998
 -0.1396, -0.8480,  1.6283,  0.1447, -0.9609,  2.0587, -0.1414, -1.0426,  2.0714,  0.1101, -0.9060,  1.6336
 -0.1425, -0.8627,  1.6554,  0.1536, -0.9762,  2.1202, -0.1517, -1.0617,  2.1336,  0.1116, -0.9218,  1.6610
 -0.1448, -0.8740,  1.6767,  0.1608, -0.9913,  2.1729, -0.1599, -1.0805,  2.1863,  0.1126, -0.9337,  1.6817
 -0.1467, -0.8826,  1.6929,  0.1670, -1.0030,  2.2157, -0.1664, -1.0955,  2.2286,  0.1134, -0.9425,  1.6968
 -0.1481, -0.8889,  1.7046,  0.1721, -1.0110,  2.2478, -0.1714, -1.1063,  2.2601,  0.1139, -0.9486,  1.7074
 -0.1491, -0.8932,  1.7125,  0.1757, -1.0153,  2.2686, -0.1746, -1.1126,  2.2802,  0.1142, -0.9525,  1.7140
 -0.1496, -0.8957,  1.7167,  0.1775, -1.0162,  2.2773, -0.1757, -1.1144,  2.2883,  0.1143, -0.9546,  1.7171
 -0.1498, -0.8965,  1.7176,  0.1773, -1.0138,  2.2733, -0.1747, -1.1118,  2.2836,  0.1143, -0.9549,  1.7170
 -0.1495, -0.8958,  1.7153,  0.1753, -1.0083,  2.2575, -0.1718, -1.1051,  2.2673,  0.1141, -0.9535,  1.7137
 -0.1489, -0.8934,  1.7096,  0.1715, -0.9999,  2.2309, -0.1671, -1.0945,  2.2403,  0.1138, -0.9505,  1.7072
 -0.1479, -0.8893,  1.7006,  0.1664, -0.9887,  2.1947, -0.1610, -1.0803,  2.2035,  0.1133, -0.9457,  1.6974
 -0.1465, -0.8834,  1.6878,  0.1603, -0.9745,  2.1495, -0.1537, -1.0626,  2.1579,  0.1126, -0.9388,  1.6839
 -0.1446, -0.8753,  1.6710,  0.1533, -0.9575,  2.0961, -0.1455, -1.0417,  2.1039,  0.1118, -0.9296,  1.6662
 -0.1423, -0.8648,  1.6496,  0.1454, -0.9383,  2.0353, -0.1361, -1.0183,  2.0423,  0.1107, -0.9177,  1.6436
 -0.1395, -0.8516,  1.6231,  0.1358, -0.9206,  1.9683, -0.1248, -0.9966,  1.9740,  0.1094, -0.9027,  1.6157
 -0.1365, -0.8360,  1.5904,  0.1251, -0.9248,  1.9601, -0.1122, -1.0006,  1.9662,  0.1077, -0.8861,  1.5832
 -0.1335, -0.8328,  1.6032,  0.1206, -0.9064,  1.8867, -0.1048, -0.9779,  1.8907,  0.1066, -0.8837,  1.5964
 -0.1309, -0.8369,  1.6301,  0.1193, -0.8843,  1.8170, -0.1008, -0.9518,  1.8192,  0.1057, -0.8894,  1.6240
 -0.1289, -0.8469,  1.6688,  0.1194, -0.8632,  1.7533, -0.0986, -0.9273,  1.7542,  0.1057, -0.9016,  1.6640
 -0.1276, -0.8617,  1.7175,  0.1203, -0.8449,  1.6974, -0.0976, -0.9063,  1.6977,  0.1066, -0.9191,  1.7146
 -0.1269, -0.8801,  1.7744,  0.1219, -0.8307,  1.6511, -0.0977, -0.8901,  1.6512,  0.1086, -0.9409,  1.7739
 -0.1268, -0.9013,  1.8379,  0.1241, -0.8215,  1.6161, -0.0987, -0.8797,  1.6167,  0.1117, -0.9660,  1.8404
 -0.1276, -0.9239,  1.9063,  0.1270, -0.8184,  1.5941, -0.1007, -0.8760,  1.5958,  0.1161, -0.9933,  1.9122
 -0.1297, -0.9465,  1.9780,  0.1309, -0.8217,  1.5866, -0.1038, -0.8796,  1.5900,  0.1220, -1.0209,  1.9879
 -0.1346, -0.9650,  2.0509,  0.1365, -0.8295,  1.5939, -0.1080, -0.8886,  1.5992,  0.1302, -1.0444,  2.0645
 -0.1451, -0.9612,  2.0587,  0.1396, -0.8474,  1.6284, -0.1099, -0.9075,  1.6330,  0.1419, -1.0413,  2.0719
 -0.1540, -0.9766,  2.1202,  0.1424, -0.8620,  1.6555, -0.1113, -0.9233,  1.6603,  0.1522, -1.0604,  2.1341
 -0.1613, -0.9917,  2.1729,  0.1447, -0.8734,  1.6768, -0.1123, -0.9353,  1.6810,  0.1604, -1.0791,  2.1868
 -0.1675, -1.0034,  2.2156,  0.1466, -0.8820,  1.6930, -0.1131, -0.9440,  1.6962,  0.1670, -1.0941,  2.2291
 -0.1725, -1.0114,  2.2477,  0.1479, -0.8883,  1.7047, -0.1135, -0.9501,  1.7067,  0.1720, -1.1047,  2.2606
 -0.1761, -1.0157,  2.2686,  0.1488, -0.8926,  1.7125, -0.1138, -0.9540,  1.7133,  0.1752, -1.1110,  2.2807
 -0.1780, -1.0166,  2.2773,  0.1493, -0.8950,  1.7168, -0.1138, -0.9560,  1.7164,  0.1764, -1.1129,  2.2887
 -0.1778, -1.0141,  2.2733,  0.1494, -0.8959,  1.7177, -0.1137, -0.9563,  1.7163,  0.1754, -1.1103,  2.2841
 -0.1757, -1.0086,  2.2575,  0.1491, -0.8952,  1.7153, -0.1135, -0.9549,  1.7130,  0.1724, -1.1036,  2.2678
 -0.1720, -1.0002,  2.2309,  0.1485, -0.8928,  1.7097, -0.1131, -0.9519,  1.7065,  0.1677, -1.0930,  2.2407
 -0.1669, -0.9890,  2.1946,  0.1474, -0.8888,  1.7006, -0.1126, -0.9470,  1.6967,  0.1616, -1.0789,  2.2040
 -0.1607, -0.9748,  2.1495,  0.1459, -0.8828,  1.6878, -0.1119, -0.9402,  1.6832,  0.1544, -1.0613,  2.1584
 -0.1537, -0.9578,  2.0961,  0.1440, -0.8748,  1.6710, -0.1111, -0.9309,  1.6655,  0.1461, -1.0404,  2.1044
 -0.1458, -0.9386,  2.0353,  0.1416, -0.8643,  1.6496, -0.1100, -0.9189,  1.6429,  0.1367, -1.0171,  2.0427
 -0.1361, -0.9209,  1.9683,  0.1388, -0.8511,  1.6231, -0.1086, -0.9039,  1.6150,  0.1253, -0.9954,  1.9745
 -0.1253, -0.9251,  1.9601,  0.1358, -0.8355,  1.5904, -0.1070, -0.8874,  1.5824,  0.1127, -0.9995,  1.9666
 -0.1208, -0.9067,  1.8867,  0.1329, -0.8324,  1.6032, -0.1059, -0.8849,  1.5957,  0.1053, -0.9768,  1.8912
 -0.1196, -0.8847,  1.8169,  0.1304, -0.8365,  1.6301, -0.1051, -0.8905,  1.6234,  0.1013, -0.9506,  1.8197
 -0.1196, -0.8636,  1.7533,  0.1284, -0.8465,  1.6688, -0.1051, -0.9027,  1.6634,  0.0990, -0.9261,  1.7548
 -0.1205, -0.8453,  1.6974,  0.1271, -0.8613,  1.7175, -0.1060, -0.9203,  1.7140,  0.0980, -0.9052,  1.6982
 -0.1221, -0.8311,  1.6511,  0.1264, -0.8798,  1.7744, -0.1080, -0.9421,  1.7734,  0.0981, -0.8889,  1.6518
 -0.1243, -0.8220,  1.6160,  0.1264, -0.9009,  1.8379, -0.1111, -0.9672,  1.8398,  0.0992, -0.8785,  1.6173
 -0.1272, -0.8189,  1.5940,  0.1272, -0.9236,  1.9063, -0.1155, -0.9944,  1.9118,  0.1012, -0.8748,  1.5965
 -0.1311, -0.8222,  1.5865,  0.1292, -0.9463,  1.9780, -0.1214, -1.0221,  1.9874,  0.1042, -0.8783,  1.5906
 -0.1367, -0.8300,  1.5939,  0.1342, -0.9647,  2.0509, -0.1297, -1.0456,  2.0640,  0.1085, -0.8872,  1.5999
 -0.1399, -0.8479,  1.6283,  0.1447, -0.9610,  2.0587, -0.1414, -1.0426,  2.0714,  0.1104, -0.9061,  1.6337
 -0.1427, -0.8626,  1.6555,  0.1536, -0.9763,  2.1202, -0.1517, -1.0617,  2.1336,  0.1118, -0.9219,  1.6610
 -0.1451, -0.8739,  1.6767,  0.1608, -0.9914,  2.1729, -0.1598, -1.0805,  2.1863,  0.1129, -0.9339,  1.6817
 -0.1469, -0.8826,  1.6929,  0.1670, -1.0031,  2.2156, -0.1664, -1.0955,  2.2287,  0.1136, -0.9426,  1.6969
 -0.1483, -0.8888,  1.7047,  0.1721, -1.0111,  2.2477, -0.1714, -1.1062,  2.2601,  0.1141, -0.9487,  1.7074
 -0.1492, -0.8931,  1.7125,  0.1757, -1.0154,  2.2686, -0.1745, -1.1125,  2.2802,  0.1144, -0.9526,  1.7141
 -0.1498, -0.8956,  1.7168,  0.1775, -1.0163,  2.2773, -0.1757, -1.1144,  2.2883,  0.1145, -0.9547,  1.7172
 -0.1499, -0.8964,  1.7177,  0.1773, -1.0138,  2.2733, -0.1747, -1.1118,  2.2837,  0.1144, -0.9550,  1.7170
 -0.1497, -0.8957,  1.7153,  0.1753, -1.0083,  2.2575, -0.1718, -1.1051,  2.2673,  0.1142, -0.9536,  1.7137
 -0.1490, -0.8933,  1.7096,  0.1715, -1.0000,  2.2309, -0.1671, -1.0945,  2.2403,  0.1139, -0.9506,  1.7072
 -0.1480, -0.8893,  1.7006,  0.1664, -0.9887,  2.1946, -0.1610, -1.0803,  2.2036,  0.1134, -0.9457,  1.6974
 -0.1465, -0.8833,  1.6878,  0.1603, -0.9746,  2.1494, -0.1537, -1.0626,  2.1579,  0.1127, -0.9389,  1.6839
 -0.1446, -0.8752,  1.6710,  0.1533, -0.9576,  2.0961, -0.1455, -1.0417,  2.1040,  0.1118, -0.9297,  1.6662
 -0.1423, -0.8647,  1.6496,  0.1454, -0.9384,  2.0353, -0.1361, -1.0183,  2.0423,  0.1107, -0.9177,  1.6437
 -0.1395, -0.8515,  1.6231,  0.1358, -0.9206,  1.9683, -0.1248, -0.9965,  1.9740,  0.1094, -0.9027,  1.6157
 -0.1365, -0.8359,  1.5903,  0.1250, -0.9249,  1.9601, -0.1122, -1.0006,  1.9662,  0.1078, -0.8862,  1.5832
 -0.1335, -0.8328,  1.6032,  0.1205, -0.9065,  1.8867, -0.1047, -0.9779,  1.8907,  0.1066, -0.8838,  1.5964
 -0.1309, -0.8369,  1.6301,  0.1193, -0.8844,  1.8169, -0.1007, -0.9517,  1.8192,  0.1058, -0.8894,  1.6240
 -0.1290, -0.8469,  1.6688,  0.1193, -0.8633,  1.7533, -0.0985, -0.9272,  1.7542,  0.1057, -0.9016,  1.6640
 -0.1276, -0.8616,  1.7175,  0.1202, -0.8450,  1.6974, -0.0975, -0.9063,  1.6977,  0.1067, -0.9191,  1.7146
 -0.1269, -0.8801,  1.7744,  0.1218, -0.8307,  1.6511, -0.0976, -0.8900,  1.6512,  0.1086, -0.9410,  1.7739
 -0.1269, -0.9012,  1.8379,  0.1240, -0.8216,  1.6161, -0.0986, -0.8796,  1.6167,  0.1117, -0.9661,  1.8404
 -0.1276, -0.9239,  1.9063,  0.1269, -0.8185,  1.5941, -0.1006, -0.8759,  1.5958,  0.1161, -0.9933,  1.9122
 -0.1297, -0.9465,  1.9780,  0.1307, -0.8218,  1.5866, -0.1036, -0.8795,  1.5900,  0.1220, -1.0210,  1.9879
 -0.1346, -0.9650,  2.0509,  0.1363, -0.8296,  1.5939, -0.1078, -0.8885,  1.5992,  0.1303, -1.0444,  2.0645
 -0.1452, -0.9612,  2.0587,  0.1395, -0.8475,  1.6283, -0.1098, -0.9074,  1.6330,  0.1420, -1.0414,  2.0719
 -0.1541, -0.9766,  2.1202,  0.1423, -0.8621,  1.6555, -0.1112, -0.9232,  1.6603,  0.1523, -1.0604,  2.1341
 -0.1613, -0.9916,  2.1729,  0.1446, -0.8735,  1.6768, -0.1122, -0.9352,  1.6810,  0.1605, -1.0791,  2.1868
 -0.1675, -1.0034,  2.2157,  0.1464, -0.8821,  1.6930, -0.1129, -0.9439,  1.6962,  0.1670, -1.0941,  2.2291
 -0.1726, -1.0113,  2.2478,  0.1478, -0.8883,  1.7047, -0.1134, -0.9500,  1.7068,  0.1720, -1.1048,  2.2606
 -0.1762, -1.0157,  2.2686,  0.1487, -0.8926,  1.7125, -0.1137, -0.9540,  1.7134,  0.1752, -1.1111,  2.2807
 -0.1780, -1.0165,  2.2773,  0.1492, -0.8951,  1.7168, -0.1137, -0.9560,  1.7165,  0.1764, -1.1129,  2.2887
 -0.1779, -1.0141,  2.2733,  0.1494, -0.8960,  1.7177, -0.1137, -0.9563,  1.7163,  0.1754, -1.1103,  2.2841
 -0.1758, -1.0086,  2.2575,  0.1491, -0.8952,  1.7153, -0.1135, -0.9549,  1.7130,  0.1725, -1.1036,  2.2677
 -0.1720, -1.0002,  2.2310,  0.1484, -0.8929,  1.7097, -0.1131, -0.9519,  1.7066,  0.1678, -1.0931,  2.2407
 -0.1669, -0.9890,  2.1947,  0.1474, -0.8888,  1.7006, -0.1126, -0.9470,  1.6968,  0.1617, -1.0789,  2.2040
 -0.1607, -0.9748,  2.1495,  0.1459, -0.8829,  1.6878, -0.1119, -0.9402,  1.6832,  0.1544, -1.0613,  2.1584
 -0.1537, -0.9578,  2.0961,  0.1440, -0.8748,  1.6710, -0.1110, -0.9310,  1.6655,  0.1461, -1.0405,  2.1044
 -0.1458, -0.9386,  2.0353,  0.1416, -0.8643,  1.6497, -0.1100, -0.9190,  1.6430,  0.1367, -1.0172,  2.0427
 -0.1362, -0.9209,  1.9683,  0.1388, -0.8511,  1.6232, -0.1086, -0.9040,  1.6151,  0.1254, -0.9955,  1.9745
 -0.1254, -0.9251,  1.9601,  0.1358, -0.8356,  1.5904, -0.1070, -0.8874,  1.5825,  0.1128, -0.9995,  1.9666
 -0.1209, -0.9067,  1.8867,  0.1329, -0.8324,  1.6033, -0.1059, -0.8850,  1.5958,  0.1053, -0.9768,  1.8912
 -0.1196, -0.8847,  1.8170,  0.1304, -0.8365,  1.6302, -0.1051, -0.8906,  1.6235,  0.1013, -0.9507,  1.8197
 -0.1197, -0.8636,  1.7533,  0.1284, -0.8466,  1.6689, -0.1051, -0.9027,  1.6635,  0.0991, -0.9262,  1.7547
 -0.1206, -0.8453,  1.6975,  0.1271, -0.8613,  1.7176, -0.1060, -0.9203,  1.7141,  0.0981, -0.9052,  1.6982
 -0.1221, -0.8311,  1.6511,  0.1264, -0.8798,  1.7745, -0.1080, -0.9421,  1.7734,  0.0982, -0.8890,  1.6518
 -0.1244, -0.8220,  1.6161,  0.1263, -0.9010,  1.8379, -0.1111, -0.9672,  1.8399,  0.0993, -0.8785,  1.6173
 -0.1273, -0.8189,  1.5941,  0.1271, -0.9237,  1.9063, -0.1155, -0.9944,  1.9118,  0.1013, -0.8748,  1.5965
 -0.1312, -0.8222,  1.5866,  0.1292, -0.9463,  1.9781, -0.1214, -1.0221,  1.9875,  0.1043, -0.8783,  1.5906
 -0.1368, -0.8300,  1.5940,  0.1341, -0.9648,  2.0510, -0.1297, -1.0456,  2.0641,  0.1086, -0.8872,  1.5998
 -0.1400, -0.8479,  1.6284,  0.1447, -0.9610,  2.0587, -0.1414, -1.0426,  2.0715,  0.1105, -0.9061,  1.6337
 -0.1428, -0.8626,  1.6556,  0.1535, -0.9763,  2.1202, -0.1516, -1.0617,  2.1336,  0.1119, -0.9219,  1.6610
 -0.1451, -0.8739,  1.6768,  0.1608, -0.9914,  2.1729, -0.1598, -1.0804,  2.1864,  0.1130, -0.9339,  1.6817
 -0.1470, -0.8826,  1.6930,  0.1670, -1.0031,  2.2157, -0.1664, -1.0955,  2.2287,  0.1137, -0.9426,  1.6969
 -0.1484, -0.8888,  1.7048,  0.1720, -1.0111,  2.2478, -0.1713, -1.1062,  2.2602,  0.1142, -0.9487,  1.7075
 -0.1493, -0.8931,  1.7126,  0.1756, -1.0154,  2.2686, -0.1745, -1.1125,  2.2803,  0.1145, -0.9527,  1.7141
 -0.1498, -0.8956,  1.7169,  0.1775, -1.0163,  2.2773, -0.1757, -1.1144,  2.2883,  0.1146, -0.9547,  1.7172
 -0.1500, -0.8965,  1.7178,  0.1773, -1.0139,  2.2733, -0.1747, -1.1118,  2.2837,  0.1145, -0.9550,  1.7170
 -0.1497, -0.8957,  1.7154,  0.1752, -1.0084,  2.2575, -0.1717, -1.1051,  2.2673,  0.1143, -0.9537,  1.7137
 -0.1491, -0.8934,  1.7098,  0.1715, -1.0000,  2.2310, -0.1671, -1.0945,  2.2403,  0.1139, -0.9507,  1.7073
 -0.1480, -0.8893,  1.7007,  0.1664, -0.9888,  2.1947, -0.1610, -1.0803,  2.2036,  0.1134, -0.9458,  1.6975
 -0.1466, -0.8834,  1.6879,  0.1602, -0.9746,  2.1495, -0.1537, -1.0626,  2.1579,  0.1127, -0.9390,  1.6840
 -0.1447, -0.8753,  1.6711,  0.1532, -0.9576,  2.0961, -0.1455, -1.0417,  2.1040,  0.1119, -0.9298,  1.6663
 -0.1423, -0.8648,  1.6497,  0.1454, -0.9384,  2.0354, -0.1361, -1.0183,  2.0423,  0.1108, -0.9178,  1.6437
 -0.1395, -0.8516,  1.6233,  0.1358, -0.9207,  1.9683, -0.1248, -0.9966,  1.9741,  0.1094, -0.9028,  1.6158
 -0.1365, -0.8360,  1.5905,  0.1250, -0.9249,  1.9602, -0.1122, -1.0006,  1.9662,  0.1078, -0.8863,  1.5833
 -0.1336, -0.8328,  1.6034,  0.1205, -0.9065,  1.8868, -0.1047, -0.9779,  1.8908,  0.1066, -0.8838,  1.5964
 -0.1310, -0.8369,  1.6302,  0.1192, -0.8844,  1.8170, -0.1007, -0.9517,  1.8192,  0.1058, -0.8895,  1.6240
 -0.1290, -0.8469,  1.6690,  0.1193, -0.8634,  1.7534, -0.0985, -0.9272,  1.7543,  0.1057, -0.9016,  1.6640
 -0.1276, -0.8617,  1.7176,  0.1202, -0.8451,  1.6975, -0.0975, -0.9063,  1.6977,  0.1067, -0.9192,  1.7145
 -0.1269, -0.8801,  1.7745,  0.1217, -0.8308,  1.6512, -0.0975, -0.8901,  1.6513,  0.1086, -0.9410,  1.7738
 -0.1269, -0.9013,  1.8380,  0.1239, -0.8217,  1.6162, -0.0986, -0.8796,  1.6168,  0.1117, -0.9661,  1.8402
 -0.1277, -0.9239,  1.9064,  0.1268, -0.8186,  1.5942, -0.1006, -0.8760,  1.5959,  0.1161, -0.9933,  1.9120
 -0.1297, -0.9465,  1.9781,  0.1307, -0.8219,  1.5867, -0.1036, -0.8795,  1.5900,  0.1220, -1.0210,  1.9876
 -0.1347, -0.9650,  2.0510,  0.1363, -0.8297,  1.5941, -0.1078, -0.8885,  1.5992,  0.1303, -1.0444,  2.0642
 -0.1452, -0.9612,  2.0588,  0.1394, -0.8476,  1.6285, -0.1097, -0.9074,  1.6331,  0.1420, -1.0414,  2.0716
 -0.1541, -0.9766,  2.1203,  0.1422, -0.8622,  1.6557, -0.1111, -0.9233,  1.6604,  0.1523, -1.0604,  2.1337
 -0.1614, -0.9916,  2.1730,  0.1446, -0.8736,  1.6769, -0.1122, -0.9352,  1.6811,  0.1605, -1.0791,  2.1864
 -0.1676, -1.0033,  2.2157,  0.1464, -0.8822,  1.6931, -0.1129, -0.9440,  1.6963,  0.1671, -1.0941,  2.2287
 -0.1726, -1.0113,  2.2479,  0.1477, -0.8885,  1.7049, -0.1134, -0.9501,  1.7069,  0.1721, -1.1047,  2.2601
 -0.1762, -1.0156,  2.2687,  0.1487, -0.8928,  1.7127, -0.1136, -0.9541,  1.7135,  0.1753, -1.1110,  2.2802
 -0.1780, -1.0165,  2.2774,  0.1492, -0.8953,  1.7170, -0.1137, -0.9561,  1.7167,  0.1765, -1.1128,  2.2882
 -0.1779, -1.0141,  2.2734,  0.1493, -0.8961,  1.7179, -0.1137, -0.9564,  1.7165,  0.1755, -1.1102,  2.2836
 -0.1758, -1.0086,  2.2576,  0.1490, -0.8954,  1.7156, -0.1135, -0.9551,  1.7133,  0.1725, -1.1035,  2.2671
 -0.1720, -1.0002,  2.2311,  0.1484, -0.8931,  1.7099, -0.1131, -0.9521,  1.7068,  0.1679, -1.0929,  2.2401
 -0.1669, -0.9890,  2.1948,  0.1473, -0.8890,  1.7009, -0.1126, -0.9472,  1.6970,  0.1618, -1.0787,  2.2033
 -0.1607, -0.9748,  2.1496,  0.1459, -0.8831,  1.6881, -0.1119, -0.9404,  1.6836,  0.1545, -1.0611,  2.1576
 -0.1537, -0.9578,  2.0962,  0.1439, -0.8750,  1.6713, -0.1111, -0.9312,  1.6659,  0.1462, -1.0402,  2.1036
 -0.1458, -0.9386,  2.0355,  0.1416, -0.8646,  1.6500, -0.1100, -0.9192,  1.6434,  0.1368, -1.0169,  2.0419
 -0.1362, -0.9209,  1.9684,  0.1388, -0.8514,  1.6235, -0.1087, -0.9043,  1.6154,  0.1255, -0.9951,  1.9736
 -0.1254, -0.9251,  1.9603,  0.1358, -0.8358,  1.5907, -0.1070, -0.8877,  1.5829,  0.1129, -0.9991,  1.9657
 -0.1209, -0.9068,  1.8869,  0.1329, -0.8326,  1.6036, -0.1059, -0.8852,  1.5962,  0.1055, -0.9764,  1.8902
 -0.1196, -0.8847,  1.8172,  0.1303, -0.8368,  1.6305, -0.1051, -0.8908,  1.6238,  0.1014, -0.9502,  1.8185
 -0.1197, -0.8636,  1.7536,  0.1283, -0.8468,  1.6692, -0.1051, -0.9030,  1.6639,  0.0992, -0.9256,  1.7534
 -0.1206, -0.8454,  1.6977,  0.1270, -0.8615,  1.7178, -0.1060, -0.9205,  1.7144,  0.0982, -0.9045,  1.6967
 -0.1222, -0.8312,  1.6514,  0.1263, -0.8800,  1.7747, -0.1080, -0.9423,  1.7738,  0.0982, -0.8882,  1.6502
 -0.1244, -0.8220,  1.6164,  0.1263, -0.9011,  1.8382, -0.1111, -0.9674,  1.8402,  0.0993, -0.8776,  1.6155
 -0.1273, -0.8190,  1.5945,  0.1271, -0.9238,  1.9065, -0.1155, -0.9946,  1.9121,  0.1013, -0.8738,  1.5945
 -0.1312, -0.8223,  1.5870,  0.1291, -0.9464,  1.9783, -0.1214, -1.0223,  1.9877,  0.1043, -0.8772,  1.5885
 -0.1369, -0.8301,  1.5944,  0.1341, -0.9649,  2.0512, -0.1296, -1.0458,  2.0643,  0.1086, -0.8861,  1.5976
 -0.1400, -0.8480,  1.6288,  0.1446, -0.9611,  2.0589, -0.1414, -1.0427,  2.0717,  0.1105, -0.9050,  1.6315
 -0.1429, -0.8626,  1.6560,  0.1535, -0.9764,  2.1204, -0.1516, -1.0618,  2.1339,  0.1119, -0.9208,  1.6588
 -0.1452, -0.8740,  1.6772,  0.1607, -0.9915,  2.1732, -0.1598, -1.0805,  2.1866,  0.1130, -0.9328,  1.6796
 -0.1471, -0.8826,  1.6934,  0.1669, -1.0032,  2.2159, -0.1664, -1.0956,  2.2289,  0.1137, -0.9415,  1.6947
 -0.1484, -0.8889,  1.7052,  0.1720, -1.0112,  2.2480, -0.1713, -1.1063,  2.2604,  0.1142, -0.9476,  1.7053
 -0.1494, -0.8932,  1.7130,  0.1756, -1.0155,  2.2688, -0.1745, -1.1126,  2.2805,  0.1144, -0.9515,  1.7119
 -0.1499, -0.8957,  1.7173,  0.1774, -1.0164,  2.2775, -0.1757, -1.1145,  2.2885,  0.1145, -0.9536,  1.7150
 -0.1500, -0.8965,  1.7182,  0.1772, -1.0139,  2.2735, -0.1747, -1.1119,  2.2839,  0.1145, -0.9539,  1.7149
 -0.1498, -0.8958,  1.7158,  0.1752, -1.0084,  2.2577, -0.1717, -1.1051,  2.2676,  0.1142, -0.9525,  1.7116
 -0.1491, -0.8935,  1.7102,  0.1714, -1.0001,  2.2312, -0.1670, -1.0946,  2.2406,  0.1139, -0.9495,  1.7051
 -0.1481, -0.8894,  1.7011,  0.1663, -0.9888,  2.1949, -0.1610, -1.0804,  2.2038,  0.1134, -0.9447,  1.6953
 -0.1466, -0.8835,  1.6883,  0.1602, -0.9747,  2.1497, -0.1537, -1.0627,  2.1582,  0.1127, -0.9378,  1.6818
 -0.1447, -0.8754,  1.6715,  0.1532, -0.9577,  2.0964, -0.1454, -1.0418,  2.1043,  0.1118, -0.9286,  1.6641
 -0.1424, -0.8649,  1.6502,  0.1453, -0.9385,  2.0356, -0.1361, -1.0184,  2.0426,  0.1107, -0.9167,  1.6415
 -0.1396, -0.8517,  1.6237,  0.1357, -0.9208,  1.9686, -0.1247, -0.9967,  1.9743,  0.1094, -0.9017,  1.6135
 -0.1365, -0.8361,  1.5909,  0.1249, -0.9251,  1.9604, -0.1121, -1.0007,  1.9665,  0.1077, -0.8851,  1.5810
 -0.1336, -0.8329,  1.6037,  0.1204, -0.9067,  1.8870, -0.1047, -0.9781,  1.8911,  0.1066, -0.8828,  1.5943
 -0.1310, -0.8370,  1.6306,  0.1191, -0.8846,  1.8173, -0.1007, -0.9519,  1.8195,  0.1058, -0.8885,  1.6221
 -0.1290, -0.8470,  1.6693,  0.1192, -0.8635,  1.7536, -0.0984, -0.9275,  1.7546,  0.1058, -0.9008,  1.6622
 -0.1276, -0.8617,  1.7179,  0.1201, -0.8453,  1.6978, -0.0975, -0.9065,  1.6980,  0.1067, -0.9184,  1.7129
 -0.1269, -0.8802,  1.7748,  0.1217, -0.8310,  1.6515, -0.0975, -0.8903,  1.6516,  0.1087, -0.9403,  1.7724
 -0.1269, -0.9013,  1.8382,  0.1239, -0.8219,  1.6165, -0.0986, -0.8799,  1.6171,  0.1118, -0.9655,  1.8389
 -0.1276, -0.9240,  1.9066,  0.1268, -0.8188,  1.5945, -0.1006, -0.8762,  1.5963,  0.1162, -0.9928,  1.9109
 -0.1297, -0.9466,  1.9783,  0.1306, -0.8222,  1.5870, -0.1036, -0.8798,  1.5904,  0.1221, -1.0205,  1.9867
 -0.1346, -0.9650,  2.0512,  0.1362, -0.8299,  1.5944, -0.1078, -0.8888,  1.5996,  0.1305, -1.0441,  2.0634
 -0.1451, -0.9612,  2.0589,  0.1393, -0.8478,  1.6288, -0.1097, -0.9077,  1.6335,  0.1421, -1.0410,  2.0708
 -0.1541, -0.9766,  2.1204,  0.1422, -0.8624,  1.6560, -0.1111, -0.9235,  1.6608,  0.1524, -1.0601,  2.1330
 -0.1613, -0.9916,  2.1731,  0.1445, -0.8738,  1.6772, -0.1122, -0.9355,  1.6815,  0.1606, -1.0788,  2.1857
 -0.1675, -1.0033,  2.2159,  0.1463, -0.8824,  1.6934, -0.1129, -0.9442,  1.6966,  0.1672, -1.0939,  2.2280
 -0.1725, -1.0113,  2.2480,  0.1477, -0.8887,  1.7052, -0.1134, -0.9503,  1.7072,  0.1722, -1.1045,  2.2595
 -0.1762, -1.0156,  2.2688,  0.1486, -0.8930,  1.7130, -0.1137, -0.9543,  1.7138,  0.1754, -1.1109,  2.2797
 -0.1780, -1.0165,  2.2775,  0.1491, -0.8955,  1.7173, -0.1137, -0.9563,  1.7169,  0.1766, -1.1127,  2.2877
 -0.1778, -1.0140,  2.2735,  0.1493, -0.8963,  1.7182, -0.1137, -0.9566,  1.7168,  0.1756, -1.1101,  2.2831
 -0.1758, -1.0085,  2.2577,  0.1490, -0.8956,  1.7158, -0.1135, -0.9552,  1.7135,  0.1726, -1.1034,  2.2667
 -0.1720, -1.0002,  2.2312,  0.1483, -0.8932,  1.7102, -0.1131, -0.9522,  1.7070,  0.1679, -1.0928,  2.2397
 -0.1669, -0.9889,  2.1949,  0.1473, -0.8892,  1.7011, -0.1126, -0.9474,  1.6972,  0.1618, -1.0787,  2.2030
 -0.1607, -0.9748,  2.1497,  0.1458, -0.8832,  1.6883, -0.1119, -0.9405,  1.6837,  0.1546, -1.0610,  2.1573
 -0.1537, -0.9578,  2.0963,  0.1439, -0.8752,  1.6715, -0.1111, -0.9313,  1.6660,  0.1463, -1.0402,  2.1033
 -0.1458, -0.9386,  2.0356,  0.1416, -0.8647,  1.6502, -0.1100, -0.9193,  1.6435,  0.1369, -1.0168,  2.0416
 -0.1362, -0.9209,  1.9685,  0.1388, -0.8515,  1.6237, -0.1087, -0.9043,  1.6155,  0.1255, -0.9951,  1.9734
 -0.1254, -0.9251,  1.9604,  0.1358, -0.8359,  1.5909, -0.1070, -0.8877,  1.5830,  0.1129, -0.9991,  1.9655
 -0.1209, -0.9068,  1.8870,  0.1328, -0.8327,  1.6038, -0.1059, -0.8853,  1.5962,  0.1055, -0.9764,  1.8900
 -0.1196, -0.8847,  1.8173,  0.1303, -0.8368,  1.6306, -0.1051, -0.8909,  1.6239,  0.1014, -0.9502,  1.8184
 -0.1197, -0.8637,  1.7537,  0.1283, -0.8468,  1.6693, -0.1051, -0.9030,  1.6639,  0.0992, -0.9256,  1.7534
 -0.1206, -0.8454,  1.6978,  0.1270, -0.8616,  1.7180, -0.1060, -0.9205,  1.7145,  0.0982, -0.9046,  1.6967
 -0.1222, -0.8312,  1.6515,  0.1263, -0.8801,  1.7748, -0.1080, -0.9423,  1.7738,  0.0983, -0.8883,  1.6502
 -0.1244, -0.8221,  1.6165,  0.1263, -0.9012,  1.8383, -0.1111, -0.9674,  1.8402,  0.0993, -0.8777,  1.6156
 -0.1274, -0.8190,  1.5946,  0.1271, -0.9239,  1.9066, -0.1155, -0.9946,  1.9121,  0.1013, -0.8739,  1.5946
 -0.1313, -0.8224,  1.5871,  0.1291, -0.9464,  1.9783, -0.1214, -1.0223,  1.9878,  0.1043, -0.8774,  1.5887
 -0.1369, -0.8302,  1.5945,  0.1341, -0.9649,  2.0513, -0.1297, -1.0458,  2.0644,  0.1086, -0.8863,  1.5978
 -0.1401, -0.8481,  1.6289,  0.1446, -0.9611,  2.0590, -0.1414, -1.0427,  2.0718,  0.1105, -0.9052,  1.6317
 -0.1429, -0.8627,  1.6561,  0.1535, -0.9765,  2.1205, -0.1516, -1.0618,  2.1339,  0.1119, -0.9210,  1.6590
 -0.1452, -0.8741,  1.6774,  0.1607, -0.9915,  2.1732, -0.1598, -1.0806,  2.1867,  0.1130, -0.9329,  1.6797
 -0.1471, -0.8827,  1.6935,  0.1669, -1.0032,  2.2159, -0.1664, -1.0956,  2.2290,  0.1137, -0.9416,  1.6949
 -0.1485, -0.8890,  1.7053,  0.1719, -1.0112,  2.2480, -0.1713, -1.1063,  2.2604,  0.1142, -0.9477,  1.7055
 -0.1494, -0.8933,  1.7131,  0.1755, -1.0155,  2.2689, -0.1745, -1.1126,  2.2805,  0.1145, -0.9517,  1.7121
 -0.1499, -0.8958,  1.7174,  0.1774, -1.0164,  2.2776, -0.1757, -1.1145,  2.2886,  0.1145, -0.9537,  1.7152
 -0.1500, -0.8966,  1.7183,  0.1772, -1.0139,  2.2736, -0.1747, -1.1119,  2.2839,  0.1145, -0.9540,  1.7150
 -0.1498, -0.8959,  1.7159,  0.1752, -1.0084,  2.2578, -0.1717, -1.1051,  2.2676,  0.1143, -0.9526,  1.7117
 -0.1491, -0.8935,  1.7103,  0.1714, -1.0001,  2.2312, -0.1670, -1.0946,  2.2406,  0.1139, -0.9496,  1.7052
 -0.1481, -0.8894,  1.7012,  0.1663, -0.9888,  2.1949, -0.1610, -1.0804,  2.2038,  0.1134, -0.9448,  1.6954
 -0.1466, -0.8835,  1.6884,  0.1602, -0.9747,  2.1498, -0.1537, -1.0627,  2.1582,  0.1127, -0.9379,  1.6819
 -0.1447, -0.8754,  1.6716,  0.1532, -0.9577,  2.0964, -0.1454, -1.0418,  2.1043,  0.1118, -0.9287,  1.6642
 -0.1424, -0.8649,  1.6502,  0.1453, -0.9385,  2.0356, -0.1361, -1.0184,  2.0426,  0.1107, -0.9167,  1.6416
 -0.1396, -0.8517,  1.6237,  0.1357, -0.9208,  1.9686, -0.1247, -0.9967,  1.9744,  0.1094, -0.9017,  1.6136
 -0.1365, -0.8362,  1.5910,  0.1249, -0.9251,  1.9604, -0.1121, -1.0007,  1.9665,  0.1077, -0.8851,  1.5811
 -0.1336, -0.8330,  1.6038,  0.1204, -0.9067,  1.8870, -0.1047, -0.9781,  1.8911,  0.1066, -0.8828,  1.5944
 -0.1310, -0.8370,  1.6306,  0.1191, -0.8846,  1.8173, -0.1007, -0.9519,  1.8195,  0.1058, -0.8885,  1.6221
 -0.1290, -0.8470,  1.6693,  0.1192, -0.8636,  1.7537, -0.0984, -0.9275,  1.7546,  0.1058, -0.9008,  1.6623
 -0.1276, -0.8618,  1.7180,  0.1201, -0.8453,  1.6978, -0.0975, -0.9065,  1.6981,  0.1067, -0.9184,  1.7130
 -0.1269, -0.8802,  1.7748,  0.1216, -0.8311,  1.6515, -0.0975, -0.8903,  1.6517,  0.1087, -0.9403,  1.7724
 -0.1269, -0.9013,  1.8382,  0.1238, -0.8219,  1.6165, -0.0986, -0.8799,  1.6172,  0.1118, -0.9655,  1.8390
 -0.1276, -0.9240,  1.9066,  0.1268, -0.8189,  1.5946, -0.1006, -0.8763,  1.5963,  0.1162, -0.9928,  1.9110
 -0.1297, -0.9466,  1.9783,  0.1306, -0.8222,  1.5871, -0.1036, -0.8798,  1.5905,  0.1222, -1.0206,  1.9867
 -0.1346, -0.9650,  2.0512,  0.1362, -0.8300,  1.5945, -0.1078, -0.8888,  1.5997,  0.1305, -1.0441,  2.0634
 -0.1451, -0.9612,  2.0589,  0.1393, -0.8479,  1.6289, -0.1097, -0.9077,  1.6335,  0.1422, -1.0410,  2.0708
 -0.1540, -0.9766,  2.1205,  0.1422, -0.8625,  1.6561, -0.1111, -0.9236,  1.6608,  0.1524, -1.0601,  2.1330
 -0.1613, -0.9916,  2.1732,  0.1445, -0.8738,  1.6773, -0.1122, -0.9355,  1.6815,  0.1606, -1.0789,  2.1857
 -0.1675, -1.0033,  2.2159,  0.1463, -0.8824,  1.6935, -0.1129, -0.9442,  1.6967,  0.1672, -1.0939,  2.2281
 -0.1725, -1.0113,  2.2480,  0.1477, -0.8887,  1.7052, -0.1134, -0.9504,  1.7072,  0.1722, -1.1046,  2.2596
 -0.1762, -1.0156,  2.2688,  0.1486, -0.8930,  1.7131, -0.1137, -0.9543,  1.7138,  0.1754, -1.1109,  2.2797
 -0.1780, -1.0165,  2.2775,  0.1491, -0.8955,  1.7173, -0.1137, -0.9563,  1.7169,  0.1766, -1.1127,  2.2877
 -0.1778, -1.0140,  2.2735,  0.1493, -0.8963,  1.7182, -0.1137, -0.9566,  1.7168,  0.1756, -1.1101,  2.2831
 -0.1758, -1.0085,  2.2577,  0.1490, -0.8956,  1.7159, -0.1135, -0.9553,  1.7135,  0.1726, -1.1034,  2.2667
 -0.1720, -1.0002,  2.2312,  0.1483, -0.8932,  1.7102, -0.1131, -0.9522,  1.7070,  0.1680, -1.0929,  2.2397
 -0.1669, -0.9889,  2.1949,  0.1473, -0.8892,  1.7011, -0.1126, -0.9474,  1.6972,  0.1618, -1.0787,  2.2030
 -0.1607, -0.9748,  2.1497,  0.1458, -0.8832,  1.6884, -0.1119, -0.9405,  1.6837,  0.1546, -1.0611,  2.1573
 -0.1537, -0.9578,  2.0964,  0.1439, -0.8752,  1.6715, -0.1111, -0.9313,  1.6660,  0.1463, -1.0402,  2.1034
 -0.1458, -0.9386,  2.0356,  0.1416, -0.8647,  1.6502, -0.1100, -0.9193,  1.6435,  0.1369, -1.0168,  2.0417
 -0.1362, -0.9209,  1.9686,  0.1388, -0.8515,  1.6237, -0.1087, -0.9043,  1.6155,  0.1255, -0.9951,  1.9734
 -0.1254, -0.9252,  1.9604,  0.1358, -0.8360,  1.5910, -0.1070, -0.8878,  1.5830,  0.1129, -0.9991,  1.9655
 -0.1209, -0.9068,  1.8870,  0.1328, -0.8328,  1.6038, -0.1059, -0.8853,  1.5962,  0.1055, -0.9764,  1.8900
 -0.1196, -0.8847,  1.8173,  0.1303, -0.8369,  1.6307, -0.1051, -0.8909,  1.6239,  0.1014, -0.9502,  1.8184
 -0.1197, -0.8637,  1.7537,  0.1283, -0.8469,  1.6693, -0.1051, -0.9030,  1.6639,  0.0992, -0.9256,  1.7534
 -0.1206, -0.8454,  1.6979,  0.1270, -0.8616,  1.7180, -0.1060, -0.9205,  1.7145,  0.0982, -0.9046,  1.6968
 -0.1222, -0.8312,  1.6516,  0.1263, -0.8801,  1.7748, -0.1080, -0.9423,  1.7738,  0.0983, -0.8883,  1.6502
 -0.1244, -0.8221,  1.6166,  0.1263, -0.9012,  1.8383, -0.1111, -0.9674,  1.8402,  0.0993, -0.8778,  1.6156
 -0.1274, -0.8191,  1.5946,  0.1271, -0.9239,  1.9067, -0.1155, -0.9946,  1.9121,  0.1013, -0.8740,  1.5947
 -0.1313, -0.8224,  1.5872,  0.1291, -0.9465,  1.9784, -0.1214, -1.0223,  1.9878,  0.1043, -0.8774,  1.5887
 -0.1369, -0.8302,  1.5946,  0.1341, -0.9649,  2.0513, -0.1297, -1.0458,  2.0644,  0.1086, -0.8863,  1.5979
 -0.1401, -0.8481,  1.6290,  0.1446, -0.9611,  2.0590, -0.1414, -1.0427,  2.0718,  0.1105, -0.9052,  1.6317
 -0.1429, -0.8627,  1.6562,  0.1535, -0.9765,  2.1205, -0.1516, -1.0618,  2.1339,  0.1119, -0.9210,  1.6591
 -0.1452, -0.8741,  1.6774,  0.1607, -0.9915,  2.1732, -0.1598, -1.0806,  2.1866,  0.1130, -0.9330,  1.6798
 -0.1471, -0.8827,  1.6936,  0.1669, -1.0032,  2.2160, -0.1664, -1.0956,  2.2289,  0.1137, -0.9417,  1.6950
 -0.1485, -0.8890,  1.7053,  0.1719, -1.0112,  2.2481, -0.1713, -1.1063,  2.2604,  0.1142, -0.9478,  1.7055
 -0.1494, -0.8933,  1.7132,  0.1755, -1.0155,  2.2689, -0.1745, -1.1126,  2.2805,  0.1145, -0.9517,  1.7121
 -0.1499, -0.8958,  1.7174,  0.1774, -1.0164,  2.2776, -0.1757, -1.1145,  2.2886,  0.1145, -0.9537,  1.7152
 -0.1500, -0.8966,  1.7183,  0.1772, -1.0139,  2.2736, -0.1747, -1.1119,  2.2839,  0.1145, -0.9540,  1.7151
 -0.1498, -0.8959,  1.7160,  0.1752, -1.0084,  2.2578, -0.1717, -1.1051,  2.2676,  0.1143, -0.9527,  1.7118
 -0.1491, -0.8935,  1.7103,  0.1714, -1.0001,  2.2313, -0.1671, -1.0946,  2.2406,  0.1139, -0.9496,  1.7053
 -0.1481, -0.8895,  1.7012,  0.1663, -0.9888,  2.1950, -0.1610, -1.0804,  2.2038,  0.1134, -0.9448,  1.6955
 -0.1466, -0.8835,  1.6885,  0.1602, -0.9747,  2.1498, -0.1537, -1.0627,  2.1582,  0.1127, -0.9379,  1.6820
 -0.1447, -0.8755,  1.6716,  0.1532, -0.9577,  2.0964, -0.1455, -1.0418,  2.1042,  0.1118, -0.9287,  1.6642
 -0.1424, -0.8650,  1.6503,  0.1453, -0.9385,  2.0356, -0.1361, -1.0184,  2.0426,  0.1107, -0.9168,  1.6417
 -0.1396, -0.8518,  1.6238,  0.1357, -0.9208,  1.9686, -0.1247, -0.9967,  1.9743,  0.1094, -0.9018,  1.6137
 -0.1365, -0.8362,  1.5910,  0.1249, -0.9251,  1.9604, -0.1121, -1.0007,  1.9665,  0.1077, -0.8852,  1.5811
 -0.1336, -0.8330,  1.6039,  0.1204, -0.9067,  1.8871, -0.1047, -0.9781,  1.8910,  0.1066, -0.8828,  1.5945
 -0.1310, -0.8371,  1.6307,  0.1191, -0.8846,  1.8173, -0.1007, -0.9519,  1.8195,  0.1058, -0.8886,  1.6222
 -0.1290, -0.8470,  1.6694,  0.1192, -0.8636,  1.7537, -0.0985, -0.9275,  1.7546,  0.1058, -0.9008,  1.6624
 -0.1276, -0.8618,  1.7180,  0.1201, -0.8453,  1.6979, -0.0975, -0.9065,  1.6980,  0.1067, -0.9185,  1.7131
 -0.1269, -0.8802,  1.7749,  0.1216, -0.8311,  1.6516, -0.0975, -0.8903,  1.6516,  0.1087, -0.9404,  1.7725
 -0.1269, -0.9013,  1.8383,  0.1238, -0.8220,  1.6166, -0.0986, -0.8799,  1.6171,  0.1118, -0.9655,  1.8390
 -0.1276, -0.9240,  1.9066,  0.1268, -0.8189,  1.5946, -0.1006, -0.8762,  1.5963,  0.1162, -0.9928,  1.9110
 -0.1297, -0.9466,  1.9783,  0.1306, -0.8222,  1.5871, -0.1036, -0.8798,  1.5904,  0.1221, -1.0206,  1.9868
 -0.1346, -0.9650,  2.0512,  0.1362, -0.8300,  1.5946, -0.1078, -0.8888,  1.5996,  0.1305, -1.0441,  2.0634
 -0.1451, -0.9612,  2.0590,  0.1393, -0.8479,  1.6290, -0.1097, -0.9077,  1.6334,  0.1422, -1.0411,  2.0708
 -0.1540, -0.9766,  2.1205,  0.1422, -0.8625,  1.6561, -0.1111, -0.9235,  1.6608,  0.1524, -1.0601,  2.1330
 -0.1613, -0.9916,  2.1732,  0.1445, -0.8739,  1.6774, -0.1122, -0.9355,  1.6815,  0.1606, -1.0789,  2.1858
 -0.1675, -1.0033,  2.2159,  0.1463, -0.8825,  1.6935, -0.1129, -0.9442,  1.6966,  0.1672, -1.0939,  2.2281
 -0.1725, -1.0113,  2.2480,  0.1477, -0.8887,  1.7053, -0.1134, -0.9504,  1.7072,  0.1722, -1.1046,  2.2596
 -0.1761, -1.0156,  2.2689,  0.1486, -0.8930,  1.7131, -0.1137, -0.9543,  1.7138,  0.1754, -1.1109,  2.2797
 -0.1780, -1.0165,  2.2776,  0.1491, -0.8955,  1.7174, -0.1137, -0.9563,  1.7169,  0.1766, -1.1127,  2.2878
 -0.1778, -1.0140,  2.2736,  0.1493, -0.8964,  1.7183, -0.1137, -0.9566,  1.7168,  0.1756, -1.1102,  2.2832
 -0.1757, -1.0085,  2.2578,  0.1490, -0.8956,  1.7159, -0.1135, -0.9553,  1.7135,  0.1726, -1.1034,  2.2668
 -0.1720, -1.0002,  2.2312,  0.1484, -0.8933,  1.7103, -0.1131, -0.9522,  1.7070,  0.1679, -1.0929,  2.2398
 -0.1669, -0.9889,  2.1949,  0.1473, -0.8892,  1.7012, -0.1126, -0.9474,  1.6972,  0.1618, -1.0787,  2.2031
 -0.1607, -0.9748,  2.1498,  0.1458, -0.8833,  1.6885, -0.1119, -0.9405,  1.6837,  0.1546, -1.0611,  2.1574
 -0.1537, -0.9578,  2.0964,  0.1439, -0.8752,  1.6716, -0.1111, -0.9313,  1.6660,  0.1463, -1.0402,  2.1034
 -0.1458, -0.9386,  2.0356,  0.1416, -0.8648,  1.6503, -0.1100, -0.9194,  1.6435,  0.1369, -1.0169,  2.0417
 -0.1361, -0.9209,  1.9686,  0.1388, -0.8516,  1.6238, -0.1087, -0.9044,  1.6156,  0.1255, -0.9952,  1.9735
 -0.1254, -0.9252,  1.9605,  0.1358, -0.8360,  1.5911, -0.1070, -0.8878,  1.5831,  0.1129, -0.9992,  1.9656
 -0.1209, -0.9068,  1.8871,  0.1329, -0.8328,  1.6039, -0.1059, -0.8853,  1.5963,  0.1055, -0.9765,  1.8901
 -0.1196, -0.8848,  1.8174,  0.1303, -0.8369,  1.6308, -0.1051, -0.8909,  1.6239,  0.1014, -0.9502,  1.8185
 -0.1197, -0.8637,  1.7538,  0.1283, -0.8469,  1.6694, -0.1051, -0.9031,  1.6639,  0.0992, -0.9257,  1.7535
 -0.1206, -0.8455,  1.6980,  0.1270, -0.8617,  1.7181, -0.1060, -0.9206,  1.7144,  0.0982, -0.9047,  1.6969
 -0.1222, -0.8313,  1.6517,  0.1263, -0.8801,  1.7749, -0.1080, -0.9423,  1.7737,  0.0983, -0.8884,  1.6504
 -0.1244, -0.8222,  1.6167,  0.1263, -0.9012,  1.8384, -0.1111, -0.9674,  1.8401,  0.0993, -0.8778,  1.6158
 -0.1274, -0.8191,  1.5947,  0.1271, -0.9239,  1.9067, -0.1155, -0.9946,  1.9119,  0.1013, -0.8741,  1.5948
 -0.1313, -0.8225,  1.5873,  0.1291, -0.9465,  1.9784, -0.1214, -1.0223,  1.9875,  0.1044, -0.8775,  1.5889
 -0.1369, -0.8303,  1.5947,  0.1341, -0.9649,  2.0513, -0.1297, -1.0457,  2.0641,  0.1086, -0.8864,  1.5980
 -0.1400, -0.8482,  1.6291,  0.1446, -0.9611,  2.0591, -0.1414, -1.0427,  2.0715,  0.1105, -0.9053,  1.6319
 -0.1429, -0.8628,  1.6563,  0.1535, -0.9764,  2.1206, -0.1516, -1.0617,  2.1336,  0.1119, -0.9211,  1.6593
 -0.1452, -0.8742,  1.6775,  0.1607, -0.9915,  2.1733, -0.1598, -1.0805,  2.1863,  0.1130, -0.9331,  1.6800
 -0.1471, -0.8828,  1.6937,  0.1669, -1.0032,  2.2160, -0.1664, -1.0955,  2.2286,  0.1137, -0.9418,  1.6952
 -0.1484, -0.8891,  1.7055,  0.1719, -1.0112,  2.2481, -0.1713, -1.1062,  2.2600,  0.1142, -0.9479,  1.7058
 -0.1494, -0.8934,  1.7133,  0.1755, -1.0155,  2.2690, -0.1745, -1.1125,  2.2801,  0.1145, -0.9519,  1.7124
 -0.1499, -0.8959,  1.7176,  0.1774, -1.0163,  2.2777, -0.1757, -1.1144,  2.2881,  0.1146, -0.9539,  1.7155
 -0.1500, -0.8968,  1.7185,  0.1772, -1.0139,  2.2737, -0.1747, -1.1118,  2.2834,  0.1145, -0.9542,  1.7154
 -0.1498, -0.8960,  1.7162,  0.1752, -1.0084,  2.2579, -0.1718, -1.1050,  2.2670,  0.1143, -0.9529,  1.7121
 -0.1491, -0.8937,  1.7105,  0.1714, -1.0000,  2.2313, -0.1671, -1.0944,  2.2400,  0.1139, -0.9499,  1.7056
 -0.1481, -0.8896,  1.7014,  0.1663, -0.9888,  2.1951, -0.1610, -1.0802,  2.2032,  0.1134, -0.9450,  1.6958
 -0.1466, -0.8837,  1.6887,  0.1601, -0.9747,  2.1499, -0.1538, -1.0625,  2.1575,  0.1127, -0.9382,  1.6823
 -0.1447, -0.8756,  1.6719,  0.1531, -0.9577,  2.0965, -0.1455, -1.0416,  2.1036,  0.1119, -0.9290,  1.6646
 -0.1423, -0.8651,  1.6505,  0.1453, -0.9385,  2.0357, -0.1362, -1.0182,  2.0418,  0.1108, -0.9170,  1.6421
 -0.1395, -0.8519,  1.6240,  0.1356, -0.9208,  1.9687, -0.1248, -0.9964,  1.9735,  0.1094, -0.9021,  1.6141
 -0.1365, -0.8364,  1.5913,  0.1249, -0.9251,  1.9606, -0.1122, -1.0004,  1.9657,  0.1078, -0.8855,  1.5816
 -0.1336, -0.8332,  1.6041,  0.1204, -0.9067,  1.8872, -0.1048, -0.9777,  1.8901,  0.1066, -0.8831,  1.5949
 -0.1310, -0.8372,  1.6309,  0.1191, -0.8847,  1.8175, -0.1008, -0.9515,  1.8185,  0.1058, -0.8888,  1.6226
 -0.1290, -0.8472,  1.6696,  0.1192, -0.8636,  1.7539, -0.0985, -0.9269,  1.7534,  0.1058, -0.9011,  1.6627
 -0.1276, -0.8619,  1.7182,  0.1201, -0.8453,  1.6981, -0.0975, -0.9059,  1.6968,  0.1067, -0.9187,  1.7134
 -0.1269, -0.8804,  1.7751,  0.1217, -0.8311,  1.6518, -0.0976, -0.8896,  1.6502,  0.1087, -0.9406,  1.7728
 -0.1268, -0.9015,  1.8385,  0.1239, -0.8220,  1.6168, -0.0986, -0.8791,  1.6156,  0.1118, -0.9657,  1.8394
 -0.1276, -0.9241,  1.9068,  0.1268, -0.8189,  1.5949, -0.1006, -0.8754,  1.5946,  0.1162, -0.9930,  1.9113
 -0.1296, -0.9467,  1.9785,  0.1306, -0.8223,  1.5874, -0.1036, -0.8789,  1.5886,  0.1221, -1.0208,  1.9870
 -0.1346, -0.9651,  2.0514,  0.1362, -0.8301,  1.5949, -0.1078, -0.8878,  1.5977,  0.1304, -1.0443,  2.0637
 -0.1451, -0.9613,  2.0591,  0.1394, -0.8479,  1.6293, -0.1097, -0.9067,  1.6315,  0.1421, -1.0412,  2.0711
 -0.1540, -0.9766,  2.1207,  0.1422, -0.8626,  1.6564, -0.1111, -0.9226,  1.6589,  0.1524, -1.0602,  2.1333
 -0.1612, -0.9917,  2.1734,  0.1445, -0.8739,  1.6777, -0.1121, -0.9345,  1.6796,  0.1606, -1.0790,  2.1861
 -0.1674, -1.0034,  2.2161,  0.1464, -0.8825,  1.6939, -0.1129, -0.9432,  1.6948,  0.1672, -1.0940,  2.2284
 -0.1725, -1.0113,  2.2482,  0.1477, -0.8888,  1.7056, -0.1134, -0.9494,  1.7053,  0.1722, -1.1047,  2.2599
 -0.1761, -1.0157,  2.2690,  0.1487, -0.8931,  1.7135, -0.1136, -0.9533,  1.7119,  0.1754, -1.1110,  2.2800
 -0.1779, -1.0165,  2.2777,  0.1492, -0.8956,  1.7177, -0.1137, -0.9553,  1.7150,  0.1766, -1.1128,  2.2880
 -0.1778, -1.0141,  2.2737,  0.1493, -0.8964,  1.7186, -0.1136, -0.9556,  1.7149,  0.1756, -1.1102,  2.2834
 -0.1757, -1.0086,  2.2579,  0.1490, -0.8957,  1.7163, -0.1134, -0.9543,  1.7116,  0.1726, -1.1035,  2.2671
 -0.1720, -1.0002,  2.2314,  0.1484, -0.8933,  1.7106, -0.1131, -0.9512,  1.7052,  0.1679, -1.0930,  2.2400
 -0.1668, -0.9890,  2.1951,  0.1473, -0.8893,  1.7015, -0.1126, -0.9464,  1.6954,  0.1618, -1.0788,  2.2033
 -0.1606, -0.9749,  2.1499,  0.1459, -0.8834,  1.6888, -0.1119, -0.9395,  1.6818,  0.1545, -1.0612,  2.1577
 -0.1536, -0.9579,  2.0966,  0.1440, -0.8753,  1.6720, -0.1110, -0.9303,  1.6641,  0.1462, -1.0403,  2.1037
 -0.1457, -0.9387,  2.0358,  0.1416, -0.8648,  1.6506, -0.1100, -0.9184,  1.6416,  0.1368, -1.0170,  2.0420
 -0.1361, -0.9210,  1.9688,  0.1388, -0.8516,  1.6241, -0.1086, -0.9034,  1.6136,  0.1255, -0.9953,  1.9738
 -0.1253, -0.9253,  1.9606,  0.1358, -0.8361,  1.5914, -0.1070, -0.8868,  1.5811,  0.1129, -0.9993,  1.9659
 -0.1208, -0.9069,  1.8872,  0.1329, -0.8329,  1.6042, -0.1059, -0.8844,  1.5944,  0.1055, -0.9767,  1.8904
 -0.1196, -0.8849,  1.8176,  0.1303, -0.8370,  1.6310, -0.1051, -0.8901,  1.6222,  0.1014, -0.9505,  1.8188
 -0.1197, -0.8639,  1.7540,  0.1283, -0.8470,  1.6697, -0.1051, -0.9023,  1.6623,  0.0992, -0.9259,  1.7538
 -0.1206, -0.8456,  1.6982,  0.1270, -0.8617,  1.7183, -0.1061, -0.9199,  1.7130,  0.0982, -0.9049,  1.6972
 -0.1221, -0.8315,  1.6519,  0.1263, -0.8801,  1.7751, -0.1080, -0.9417,  1.7725,  0.0983, -0.8886,  1.6507
 -0.1244, -0.8224,  1.6169,  0.1263, -0.9013,  1.8385, -0.1112, -0.9669,  1.8390,  0.0993, -0.8781,  1.6162
 -0.1273, -0.8193,  1.5950,  0.1271, -0.9239,  1.9069, -0.1156, -0.9942,  1.9110,  0.1014, -0.8744,  1.5953
 -0.1312, -0.8227,  1.5875,  0.1291, -0.9465,  1.9786, -0.1215, -1.0219,  1.9867,  0.1044, -0.8778,  1.5893
 -0.1369, -0.8305,  1.5950,  0.1340, -0.9649,  2.0515, -0.1298, -1.0454,  2.0634,  0.1086, -0.8867,  1.5985
 -0.1400, -0.8484,  1.6293,  0.1445, -0.9611,  2.0592, -0.1415, -1.0424,  2.0708,  0.1106, -0.9056,  1.6323
 -0.1428, -0.8630,  1.6565,  0.1534, -0.9765,  2.1207, -0.1518, -1.0615,  2.1330,  0.1120, -0.9214,  1.6597
 -0.1452, -0.8744,  1.6778,  0.1607, -0.9915,  2.1734, -0.1599, -1.0803,  2.1857,  0.1130, -0.9334,  1.6804
 -0.1470, -0.8830,  1.6939,  0.1668, -1.0032,  2.2161, -0.1665, -1.0953,  2.2280,  0.1138, -0.9421,  1.6956
 -0.1484, -0.8893,  1.7057,  0.1719, -1.0112,  2.2482, -0.1715, -1.1061,  2.2595,  0.1143, -0.9482,  1.7061
 -0.1493, -0.8935,  1.7135,  0.1755, -1.0155,  2.2690, -0.1746, -1.1124,  2.2796,  0.1145, -0.9521,  1.7127
 -0.1499, -0.8960,  1.7178,  0.1773, -1.0163,  2.2777, -0.1758, -1.1143,  2.2877,  0.1146, -0.9541,  1.7158
 -0.1500, -0.8969,  1.7187,  0.1772, -1.0139,  2.2738, -0.1748, -1.1117,  2.2830,  0.1145, -0.9544,  1.7157
 -0.1497, -0.8961,  1.7163,  0.1751, -1.0084,  2.2579, -0.1718, -1.1049,  2.2667,  0.1143, -0.9531,  1.7124
 -0.1491, -0.8938,  1.7107,  0.1714, -1.0000,  2.2314, -0.1672, -1.0943,  2.2397,  0.1140, -0.9500,  1.7059
 -0.1480, -0.8897,  1.7016,  0.1663, -0.9888,  2.1951, -0.1611, -1.0801,  2.2029,  0.1134, -0.9452,  1.6961
 -0.1466, -0.8838,  1.6888,  0.1601, -0.9747,  2.1499, -0.1538, -1.0624,  2.1573,  0.1128, -0.9383,  1.6825
 -0.1447, -0.8757,  1.6720,  0.1531, -0.9577,  2.0966, -0.1456, -1.0415,  2.1033,  0.1119, -0.9291,  1.6648
 -0.1423, -0.8652,  1.6506,  0.1453, -0.9385,  2.0358, -0.1362, -1.0181,  2.0416,  0.1108, -0.9172,  1.6423
 -0.1395, -0.8520,  1.6241,  0.1357, -0.9208,  1.9688, -0.1249, -0.9964,  1.9734,  0.1094, -0.9022,  1.6143
 -0.1365, -0.8365,  1.5914,  0.1249, -0.9251,  1.9606, -0.1123, -1.0004,  1.9655,  0.1078, -0.8856,  1.5818
 -0.1335, -0.8332,  1.6042,  0.1204, -0.9067,  1.8872, -0.1048, -0.9777,  1.8900,  0.1066, -0.8832,  1.5950
 -0.1309, -0.8373,  1.6310,  0.1191, -0.8847,  1.8176, -0.1008, -0.9515,  1.8184,  0.1058, -0.8889,  1.6228
 -0.1289, -0.8473,  1.6697,  0.1192, -0.8636,  1.7540, -0.0985, -0.9269,  1.7534,  0.1058, -0.9012,  1.6629
 -0.1276, -0.8620,  1.7183,  0.1201, -0.8454,  1.6982, -0.0975, -0.9059,  1.6967,  0.1067, -0.9188,  1.7135
 -0.1269, -0.8804,  1.7751,  0.1217, -0.8312,  1.6519, -0.0976, -0.8896,  1.6502,  0.1087, -0.9407,  1.7729
 -0.1268, -0.9015,  1.8385,  0.1239, -0.8221,  1.6169, -0.0986, -0.8792,  1.6156,  0.1118, -0.9658,  1.8395
 -0.1276, -0.9241,  1.9069,  0.1268, -0.8190,  1.5950, -0.1006, -0.8755,  1.5947,  0.1162, -0.9931,  1.9114
 -0.1296, -0.9467,  1.9786,  0.1307, -0.8223,  1.5875, -0.1036, -0.8790,  1.5887,  0.1221, -1.0208,  1.9871
 -0.1346, -0.9651,  2.0515,  0.1363, -0.8301,  1.5949, -0.1078, -0.8879,  1.5978,  0.1304, -1.0443,  2.0638
 -0.1451, -0.9613,  2.0592,  0.1394, -0.8480,  1.6293, -0.1097, -0.9068,  1.6317,  0.1421, -1.0412,  2.0712
 -0.1540, -0.9767,  2.1207,  0.1422, -0.8626,  1.6565, -0.1111, -0.9227,  1.6590,  0.1524, -1.0603,  2.1334
 -0.1612, -0.9917,  2.1734,  0.1446, -0.8740,  1.6777, -0.1121, -0.9346,  1.6797,  0.1606, -1.0790,  2.1861
 -0.1674, -1.0034,  2.2161,  0.1464, -0.8826,  1.6939, -0.1129, -0.9433,  1.6949,  0.1672, -1.0940,  2.2284
 -0.1725, -1.0114,  2.2482,  0.1477, -0.8888,  1.7057, -0.1134, -0.9494,  1.7054,  0.1722, -1.1047,  2.2599
 -0.1761, -1.0157,  2.2690,  0.1487, -0.8931,  1.7135, -0.1136, -0.9534,  1.7121,  0.1754, -1.1110,  2.2801
 -0.1779, -1.0165,  2.2778,  0.1492, -0.8956,  1.7178, -0.1137, -0.9554,  1.7151,  0.1766, -1.1128,  2.2881
 -0.1778, -1.0141,  2.2738,  0.1493, -0.8965,  1.7187, -0.1136, -0.9557,  1.7150,  0.1756, -1.1102,  2.2835
 -0.1757, -1.0086,  2.2580,  0.1490, -0.8957,  1.7163, -0.1134, -0.9543,  1.7117,  0.1726, -1.1035,  2.2671
 -0.1719, -1.0002,  2.2314,  0.1484, -0.8934,  1.7106, -0.1131, -0.9513,  1.7052,  0.1679, -1.0930,  2.2401
 -0.1668, -0.9890,  2.1951,  0.1473, -0.8893,  1.7016, -0.1126, -0.9464,  1.6954,  0.1618, -1.0788,  2.2034
 -0.1606, -0.9749,  2.1499,  0.1459, -0.8834,  1.6888, -0.1119, -0.9396,  1.6819,  0.1545, -1.0612,  2.1577
 -0.1536, -0.9579,  2.0966,  0.1440, -0.8753,  1.6720, -0.1110, -0.9304,  1.6642,  0.1463, -1.0403,  2.1037
 -0.1457, -0.9387,  2.0358,  0.1416, -0.8648,  1.6506, -0.1099, -0.9184,  1.6416,  0.1368, -1.0170,  2.0421
 -0.1361, -0.9210,  1.9688,  0.1388, -0.8517,  1.6241, -0.1086, -0.9034,  1.6137,  0.1255, -0.9953,  1.9738
 -0.1253, -0.9253,  1.9606,  0.1358, -0.8361,  1.5914, -0.1070, -0.8868,  1.5811,  0.1129, -0.9994,  1.9659
 -0.1208, -0.9069,  1.8873,  0.1329, -0.8329,  1.6042, -0.1059, -0.8844,  1.5945,  0.1055, -0.9767,  1.8905
 -0.1195, -0.8849,  1.8176,  0.1303, -0.8370,  1.6310, -0.1051, -0.8901,  1.6222,  0.1014, -0.9505,  1.8189
 -0.1196, -0.8639,  1.7540,  0.1283, -0.8470,  1.6697, -0.1051, -0.9023,  1.6624,  0.0992, -0.9259,  1.7539
 -0.1206, -0.8457,  1.6982,  0.1270, -0.8617,  1.7183, -0.1060, -0.9199,  1.7131,  0.0982, -0.9049,  1.6973
 -0.1221, -0.8315,  1.6519,  0.1263, -0.8802,  1.7751, -0.1080, -0.9418,  1.7725,  0.0983, -0.8886,  1.6508
 -0.1244, -0.8224,  1.6169,  0.1263, -0.9013,  1.8385, -0.1112, -0.9669,  1.8390,  0.0993, -0.8782,  1.6163
 -0.1273, -0.8193,  1.5950,  0.1270, -0.9239,  1.9069, -0.1155, -0.9942,  1.9110,  0.1014, -0.8744,  1.5953
 -0.1312, -0.8227,  1.5875,  0.1291, -0.9465,  1.9786, -0.1215, -1.0219,  1.9867,  0.1044, -0.8779,  1.5894
 -0.1368, -0.8305,  1.5950,  0.1340, -0.9649,  2.0514, -0.1298, -1.0454,  2.0634,  0.1086, -0.8867,  1.5986
 -0.1400, -0.8484,  1.6293,  0.1445, -0.9611,  2.0592, -0.1415, -1.0424,  2.0708,  0.1106, -0.9057,  1.6324
 -0.1428, -0.8630,  1.6565,  0.1534, -0.9765,  2.1207, -0.1517, -1.0615,  2.1330,  0.1120, -0.9215,  1.6598
 -0.1452, -0.8744,  1.6778,  0.1607, -0.9915,  2.1734, -0.1599, -1.0803,  2.1857,  0.1130, -0.9334,  1.6805
 -0.1470, -0.8830,  1.6939,  0.1668, -1.0032,  2.2161, -0.1665, -1.0953,  2.2280,  0.1138, -0.9421,  1.6956
 -0.1484, -0.8893,  1.7057,  0.1719, -1.0112,  2.2482, -0.1714, -1.1061,  2.2595,  0.1143, -0.9482,  1.7062
 -0.1493, -0.8935,  1.7135,  0.1755, -1.0155,  2.2690, -0.1746, -1.1124,  2.2796,  0.1145, -0.9521,  1.7128
 -0.1499, -0.8960,  1.7178,  0.1773, -1.0163,  2.2777, -0.1758, -1.1143,  2.2877,  0.1146, -0.9542,  1.7159
 -0.1500, -0.8969,  1.7187,  0.1772, -1.0139,  2.2737, -0.1748, -1.1117,  2.2831,  0.1145, -0.9545,  1.7157
 -0.1497, -0.8961,  1.7163,  0.1751, -1.0084,  2.2579, -0.1718, -1.1049,  2.2667,  0.1143, -0.9531,  1.7124
 -0.1491, -0.8938,  1.7106,  0.1714, -1.0000,  2.2314, -0.1672, -1.0943,  2.2397,  0.1140, -0.9501,  1.7059
 -0.1481, -0.8897,  1.7015,  0.1663, -0.9888,  2.1951, -0.1611, -1.0801,  2.2029,  0.1135, -0.9452,  1.6961
 -0.1466, -0.8838,  1.6888,  0.1601, -0.9747,  2.1499, -0.1538, -1.0624,  2.1573,  0.1128, -0.9384,  1.6826
 -0.1447, -0.8757,  1.6719,  0.1531, -0.9577,  2.0966, -0.1455, -1.0415,  2.1033,  0.1119, -0.9292,  1.6649
 -0.1423, -0.8652,  1.6506,  0.1453, -0.9385,  2.0358, -0.1362, -1.0181,  2.0416,  0.1108, -0.9172,  1.6423
 -0.1395, -0.8520,  1.6241,  0.1356, -0.9208,  1.9688, -0.1248, -0.9964,  1.9734,  0.1095, -0.9022,  1.6143
 -0.1365, -0.8364,  1.5913,  0.1249, -0.9251,  1.9606, -0.1122, -1.0004,  1.9655,  0.1078, -0.8856,  1.5818
 -0.1336, -0.8332,  1.6042,  0.1204, -0.9067,  1.8872, -0.1048, -0.9777,  1.8900,  0.1067, -0.8832,  1.5951
 -0.1310, -0.8373,  1.6310,  0.1191, -0.8847,  1.8175, -0.1008, -0.9515,  1.8184,  0.1058, -0.8890,  1.6228
 -0.1290, -0.8472,  1.6696,  0.1192, -0.8636,  1.7539, -0.0985, -0.9269,  1.7534,  0.1058, -0.9012,  1.6629
 -0.1276, -0.8620,  1.7183,  0.1201, -0.8454,  1.6981, -0.0975, -0.9059,  1.6968,  0.1068, -0.9188,  1.7136
 -0.1269, -0.8804,  1.7751,  0.1217, -0.8312,  1.6518, -0.0976, -0.8897,  1.6503,  0.1087, -0.9407,  1.7730
 -0.1268, -0.9015,  1.8385,  0.1239, -0.8221,  1.6168, -0.0986, -0.8792,  1.6157,  0.1118, -0.9658,  1.8395
 -0.1276, -0.9241,  1.9068,  0.1268, -0.8190,  1.5949, -0.1006, -0.8755,  1.5947,  0.1162, -0.9931,  1.9114
 -0.1296, -0.9467,  1.9785,  0.1307, -0.8223,  1.5875, -0.1036, -0.8790,  1.5888,  0.1221, -1.0208,  1.9872
 -0.1346, -0.9651,  2.0514,  0.1363, -0.8301,  1.5949, -0.1078, -0.8879,  1.5979,  0.1304, -1.0443,  2.0638
 -0.1451, -0.9613,  2.0591,  0.1394, -0.8480,  1.6293, -0.1097, -0.9069,  1.6317,  0.1421, -1.0412,  2.0712
 -0.1540, -0.9766,  2.1207,  0.1422, -0.8626,  1.6564, -0.1111, -0.9227,  1.6591,  0.1524, -1.0603,  2.1334
 -0.1612, -0.9917,  2.1734,  0.1445, -0.8740,  1.6777, -0.1121, -0.9346,  1.6798,  0.1606, -1.0790,  2.1862
 -0.1674, -1.0034,  2.2161,  0.1464, -0.8826,  1.6938, -0.1129, -0.9433,  1.6949,  0.1672, -1.0940,  2.2285
 -0.1725, -1.0113,  2.2482,  0.1477, -0.8888,  1.7056, -0.1133, -0.9494,  1.7055,  0.1722, -1.1047,  2.2599
 -0.1761, -1.0157,  2.2690,  0.1487, -0.8931,  1.7134, -0.1136, -0.9534,  1.7121,  0.1754, -1.1110,  2.2801
 -0.1779, -1.0165,  2.2777,  0.1492, -0.8956,  1.7177, -0.1137, -0.9554,  1.7152,  0.1766, -1.1128,  2.2881
 -0.1778, -1.0141,  2.2737,  0.1493, -0.8964,  1.7186, -0.1136, -0.9557,  1.7150,  0.1756, -1.1103,  2.2835
 -0.1757, -1.0086,  2.2579,  0.1490, -0.8957,  1.7162, -0.1134, -0.9543,  1.7117,  0.1726, -1.1035,  2.2671
 -0.1720, -1.0002,  2.2314,  0.1483, -0.8933,  1.7105, -0.1130, -0.9513,  1.7052,  0.1679, -1.0930,  2.2401
 -0.1668, -0.9890,  2.1951,  0.1473, -0.8893,  1.7014, -0.1125, -0.9464,  1.6954,  0.1618, -1.0788,  2.2034
 -0.1606, -0.9749,  2.1499,  0.1458, -0.8833,  1.6887, -0.1118, -0.9395,  1.6819,  0.1545, -1.0612,  2.1577
 -0.1536, -0.9579,  2.0965,  0.1439, -0.8753,  1.6718, -0.1110, -0.9303,  1.6642,  0.1462, -1.0404,  2.1038
 -0.1457, -0.9387,  2.0357,  0.1416, -0.8648,  1.6505, -0.1099, -0.9183,  1.6416,  0.1368, -1.0170,  2.0421
 -0.1361, -0.9210,  1.9687,  0.1388, -0.8516,  1.6240, -0.1085, -0.9033,  1.6136,  0.1255, -0.9953,  1.9738
 -0.1253, -0.9252,  1.9606,  0.1357, -0.8361,  1.5912, -0.1069, -0.8868,  1.5811,  0.1129, -0.9994,  1.9660
 -0.1208, -0.9069,  1.8872,  0.1328, -0.8329,  1.6040, -0.1058, -0.8844,  1.5944,  0.1054, -0.9767,  1.8905
 -0.1195, -0.8849,  1.8175,  0.1303, -0.8370,  1.6309, -0.1050, -0.8900,  1.6222,  0.1014, -0.9505,  1.8189
 -0.1196, -0.8638,  1.7539,  0.1283, -0.8469,  1.6695, -0.1050, -0.9023,  1.6623,  0.0992, -0.9260,  1.7539
 -0.1205, -0.8456,  1.6981,  0.1270, -0.8617,  1.7182, -0.1060, -0.9199,  1.7130,  0.0982, -0.9049,  1.6973
 -0.1221, -0.8314,  1.6517,  0.1262, -0.8801,  1.7750, -0.1080, -0.9417,  1.7725,  0.0983, -0.8887,  1.6508
 -0.1243, -0.8223,  1.6168,  0.1262, -0.9013,  1.8384, -0.1111, -0.9669,  1.8390,  0.0993, -0.8782,  1.6163
 -0.1273, -0.8192,  1.5948,  0.1270, -0.9239,  1.9068, -0.1155, -0.9942,  1.9110,  0.1013, -0.8744,  1.5954
 -0.1312, -0.8226,  1.5874,  0.1290, -0.9465,  1.9785, -0.1214, -1.0219,  1.9867,  0.1044, -0.8779,  1.5895
 -0.1368, -0.8304,  1.5948,  0.1340, -0.9649,  2.0514, -0.1297, -1.0454,  2.0634,  0.1086, -0.8868,  1.5986
 -0.1400, -0.8483,  1.6292,  0.1445, -0.9612,  2.0591, -0.1414, -1.0424,  2.0708,  0.1105, -0.9057,  1.6325
 -0.1428, -0.8629,  1.6564,  0.1534, -0.9765,  2.1206, -0.1517, -1.0615,  2.1330,  0.1119, -0.9215,  1.6598
 -0.1452, -0.8743,  1.6776,  0.1606, -0.9915,  2.1733, -0.1598, -1.0803,  2.1858,  0.1130, -0.9334,  1.6805
 -0.1470, -0.8829,  1.6938,  0.1668, -1.0032,  2.2160, -0.1664, -1.0953,  2.2281,  0.1138, -0.9421,  1.6957
 -0.1484, -0.8892,  1.7055,  0.1718, -1.0112,  2.2481, -0.1714, -1.1061,  2.2595,  0.1142, -0.9482,  1.7062
 -0.1493, -0.8934,  1.7133,  0.1754, -1.0155,  2.2689, -0.1745, -1.1124,  2.2797,  0.1145, -0.9522,  1.7128
 -0.1499, -0.8959,  1.7175,  0.1773, -1.0164,  2.2776, -0.1757, -1.1142,  2.2877,  0.1146, -0.9542,  1.7159
 -0.1500, -0.8967,  1.7184,  0.1771, -1.0139,  2.2736, -0.1747, -1.1116,  2.2831,  0.1146, -0.9545,  1.7157
 -0.1498, -0.8960,  1.7161,  0.1750, -1.0084,  2.2578, -0.1717, -1.1049,  2.2667,  0.1144, -0.9531,  1.7124
 -0.1491, -0.8936,  1.7104,  0.1713, -1.0001,  2.2313, -0.1670, -1.0943,  2.2397,  0.1140, -0.9501,  1.7059
 -0.1481, -0.8895,  1.7013,  0.1662, -0.9889,  2.1950, -0.1609, -1.0801,  2.2030,  0.1135, -0.9453,  1.6961
 -0.1466, -0.8836,  1.6885,  0.1600, -0.9747,  2.1498, -0.1537, -1.0624,  2.1573,  0.1128, -0.9384,  1.6826
 -0.1447, -0.8755,  1.6717,  0.1531, -0.9577,  2.0964, -0.1454, -1.0415,  2.1034,  0.1120, -0.9292,  1.6649
 -0.1424, -0.8650,  1.6503,  0.1452, -0.9386,  2.0356, -0.1360, -1.0181,  2.0417,  0.1109, -0.9172,  1.6423
 -0.1396, -0.8518,  1.6238,  0.1356, -0.9208,  1.9686, -0.1247, -0.9964,  1.9734,  0.1095, -0.9022,  1.6143
 -0.1365, -0.8362,  1.5910,  0.1248, -0.9251,  1.9604, -0.1121, -1.0004,  1.9656,  0.1079, -0.8856,  1.5818
 -0.1336, -0.8330,  1.6039,  0.1203, -0.9067,  1.8870, -0.1047, -0.9777,  1.8901,  0.1067, -0.8833,  1.5951
 -0.1310, -0.8371,  1.6307,  0.1191, -0.8847,  1.8173, -0.1006, -0.9515,  1.8184,  0.1059, -0.8890,  1.6229
 -0.1290, -0.8470,  1.6694,  0.1192, -0.8636,  1.7537, -0.0984, -0.9270,  1.7535,  0.1058, -0.9012,  1.6630
 -0.1276, -0.8618,  1.7180,  0.1200, -0.8453,  1.6979, -0.0974, -0.9060,  1.6968,  0.1067, -0.9188,  1.7137
 -0.1269, -0.8802,  1.7749,  0.1216, -0.8311,  1.6516, -0.0974, -0.8897,  1.6503,  0.1087, -0.9407,  1.7732
 -0.1268, -0.9013,  1.8383,  0.1238, -0.8220,  1.6166, -0.0984, -0.8792,  1.6158,  0.1118, -0.9659,  1.8397
 -0.1276, -0.9239,  1.9067,  0.1267, -0.8189,  1.5946, -0.1004, -0.8755,  1.5948,  0.1161, -0.9931,  1.9118
 -0.1296, -0.9465,  1.9784,  0.1306, -0.8223,  1.5871, -0.1034, -0.8790,  1.5889,  0.1220, -1.0209,  1.9875
 -0.1345, -0.9649,  2.0513,  0.1362, -0.8300,  1.5945, -0.1076, -0.8880,  1.5980,  0.1303, -1.0444,  2.0642
 -0.1450, -0.9611,  2.0590,  0.1393, -0.8479,  1.6289, -0.1095, -0.9069,  1.6318,  0.1420, -1.0413,  2.0716
 -0.1539, -0.9764,  2.1205,  0.1421, -0.8625,  1.6561, -0.1109, -0.9227,  1.6592,  0.1523, -1.0603,  2.1339
 -0.1611, -0.9914,  2.1732,  0.1445, -0.8739,  1.6773, -0.1119, -0.9347,  1.6799,  0.1604, -1.0790,  2.1867
 -0.1673, -1.0031,  2.2160,  0.1463, -0.8824,  1.6934, -0.1126, -0.9434,  1.6950,  0.1670, -1.0940,  2.2290
 -0.1723, -1.0110,  2.2480,  0.1476, -0.8887,  1.7052, -0.1131, -0.9495,  1.7056,  0.1720, -1.1047,  2.2606
 -0.1759, -1.0153,  2.2688,  0.1485, -0.8930,  1.7129, -0.1133, -0.9534,  1.7122,  0.1751, -1.1110,  2.2808
 -0.1777, -1.0161,  2.2775,  0.1490, -0.8954,  1.7172, -0.1134, -0.9554,  1.7152,  0.1763, -1.1129,  2.2888
 -0.1776, -1.0136,  2.2735,  0.1491, -0.8963,  1.7180, -0.1133, -0.9557,  1.7151,  0.1753, -1.1103,  2.2843
 -0.1755, -1.0081,  2.2577,  0.1488, -0.8955,  1.7156, -0.1131, -0.9543,  1.7118,  0.1723, -1.1036,  2.2680
 -0.1717, -0.9997,  2.2311,  0.1482, -0.8931,  1.7099, -0.1127, -0.9512,  1.7053,  0.1676, -1.0931,  2.2410
 -0.1666, -0.9884,  2.1948,  0.1471, -0.8890,  1.7008, -0.1122, -0.9464,  1.6954,  0.1615, -1.0789,  2.2044
 -0.1604, -0.9743,  2.1496,  0.1456, -0.8831,  1.6880, -0.1115, -0.9395,  1.6819,  0.1542, -1.0614,  2.1588
 -0.1533, -0.9573,  2.0962,  0.1437, -0.8750,  1.6711, -0.1106, -0.9302,  1.6642,  0.1459, -1.0405,  2.1049
 -0.1454, -0.9381,  2.0354,  0.1413, -0.8645,  1.6497, -0.1095, -0.9183,  1.6417,  0.1364, -1.0173,  2.0433
 -0.1358, -0.9203,  1.9684,  0.1385, -0.8513,  1.6232, -0.1082, -0.9032,  1.6137,  0.1251, -0.9956,  1.9751
 -0.1249, -0.9246,  1.9602,  0.1355, -0.8357,  1.5904, -0.1066, -0.8866,  1.5811,  0.1124, -0.9996,  1.9673
 -0.1204, -0.9062,  1.8868,  0.1326, -0.8325,  1.6033, -0.1054, -0.8843,  1.5945,  0.1050, -0.9771,  1.8920
 -0.1191, -0.8841,  1.8170,  0.1300, -0.8367,  1.6302, -0.1046, -0.8900,  1.6223,  0.1009, -0.9510,  1.8206
 -0.1192, -0.8630,  1.7534,  0.1280, -0.8467,  1.6688, -0.1045, -0.9022,  1.6625,  0.0987, -0.9266,  1.7558
 -0.1201, -0.8447,  1.6975,  0.1266, -0.8614,  1.7175, -0.1054, -0.9198,  1.7133,  0.0977, -0.9057,  1.6994
 -0.1216, -0.8304,  1.6512,  0.1259, -0.8799,  1.7744, -0.1073, -0.9417,  1.7727,  0.0977, -0.8895,  1.6532
 -0.1238, -0.8213,  1.6162,  0.1259, -0.9011,  1.8379, -0.1104, -0.9669,  1.8393,  0.0987, -0.8791,  1.6189
 -0.1267, -0.8181,  1.5942,  0.1266, -0.9237,  1.9063, -0.1147, -0.9942,  1.9114,  0.1007, -0.8755,  1.5982
 -0.1306, -0.8214,  1.5867,  0.1286, -0.9463,  1.9780, -0.1205, -1.0220,  1.9871,  0.1037, -0.8790,  1.5925
 -0.1362, -0.8291,  1.5941,  0.1335, -0.9648,  2.0509, -0.1287, -1.0455,  2.0638,  0.1079, -0.8880,  1.6019
 -0.1393, -0.8469,  1.6285,  0.1440, -0.9610,  2.0586, -0.1404, -1.0424,  2.0712,  0.1099, -0.9069,  1.6357
 -0.1422, -0.8615,  1.6556,  0.1528, -0.9764,  2.1201, -0.1505, -1.0616,  2.1335,  0.1113, -0.9227,  1.6631
 -0.1445, -0.8729,  1.6768,  0.1599, -0.9914,  2.1728, -0.1585, -1.0804,  2.1863,  0.1124, -0.9347,  1.6838
 -0.1464, -0.8814,  1.6929,  0.1660, -1.0031,  2.2155, -0.1648, -1.0955,  2.2288,  0.1131, -0.9434,  1.6991
 -0.1477, -0.8876,  1.7047,  0.1709, -1.0110,  2.2475, -0.1696, -1.1062,  2.2603,  0.1137, -0.9496,  1.7097
 -0.1487, -0.8918,  1.7124,  0.1743, -1.0153,  2.2683, -0.1725, -1.1125,  2.2806,  0.1140, -0.9535,  1.7164
 -0.1492, -0.8942,  1.7166,  0.1761, -1.0161,  2.2770, -0.1735, -1.1144,  2.2887,  0.1141, -0.9556,  1.7196
 -0.1494, -0.8950,  1.7175,  0.1758, -1.0136,  2.2729, -0.1724, -1.1117,  2.2842,  0.1141, -0.9559,  1.7196
 -0.1491, -0.8941,  1.7151,  0.1736, -1.0080,  2.2570, -0.1692, -1.1050,  2.2679,  0.1139, -0.9546,  1.7164
 -0.1485, -0.8917,  1.7093,  0.1698, -0.9995,  2.2304, -0.1644, -1.0944,  2.2411,  0.1136, -0.9515,  1.7100
 -0.1474, -0.8875,  1.7002,  0.1646, -0.9882,  2.1941, -0.1582, -1.0802,  2.2044,  0.1132, -0.9467,  1.7003
 -0.1460, -0.8814,  1.6874,  0.1584, -0.9740,  2.1489, -0.1509, -1.0625,  2.1589,  0.1126, -0.9398,  1.6869
 -0.1441, -0.8732,  1.6705,  0.1514, -0.9569,  2.0955, -0.1426, -1.0416,  2.1051,  0.1117, -0.9305,  1.6694
 -0.1417, -0.8626,  1.6492,  0.1435, -0.9375,  2.0347, -0.1331, -1.0182,  2.0436,  0.1107, -0.9185,  1.6470
 -0.1389, -0.8492,  1.6226,  0.1339, -0.9197,  1.9676, -0.1218, -0.9965,  1.9755,  0.1094, -0.9035,  1.6192
 -0.1359, -0.8335,  1.5899,  0.1231, -0.9239,  1.9595, -0.1092, -1.0005,  1.9676,  0.1078, -0.8868,  1.5868
 -0.1328, -0.8300,  1.6030,  0.1186, -0.9054,  1.8860, -0.1016, -0.9779,  1.8925,  0.1064, -0.8840,  1.5998
 -0.1300, -0.8338,  1.6302,  0.1172, -0.8831,  1.8163, -0.0973, -0.9518,  1.8211,  0.1053, -0.8893,  1.6273
 -0.1278, -0.8435,  1.6692,  0.1172, -0.8619,  1.7526, -0.0949, -0.9274,  1.7565,  0.1049, -0.9010,  1.6670
 -0.1262, -0.8578,  1.7181,  0.1180, -0.8434,  1.6968, -0.0936, -0.9065,  1.7002,  0.1055, -0.9181,  1.7174
 -0.1252, -0.8758,  1.7752,  0.1195, -0.8290,  1.6504, -0.0934, -0.8904,  1.6541,  0.1071, -0.9393,  1.7764
 -0.1249, -0.8964,  1.8389,  0.1215, -0.8197,  1.6154, -0.0942, -0.8800,  1.6199,  0.1099, -0.9638,  1.8426
 -0.1254, -0.9183,  1.9075,  0.1243, -0.8164,  1.5935, -0.0958, -0.8764,  1.5994,  0.1138, -0.9904,  1.9143
 -0.1271, -0.9401,  1.9794,  0.1280, -0.8195,  1.5860, -0.0985, -0.8800,  1.5938,  0.1193, -1.0173,  1.9897
 -0.1317, -0.9578,  2.0525,  0.1335, -0.8270,  1.5934, -0.1023, -0.8889,  1.6034,  0.1271, -1.0400,  2.0661
 -0.1421, -0.9539,  2.0602,  0.1366, -0.8446,  1.6279, -0.1041, -0.9076,  1.6372,  0.1387, -1.0368,  2.0735
 -0.1505, -0.9679,  2.1218,  0.1394, -0.8590,  1.6551, -0.1054, -0.9233,  1.6648,  0.1484, -1.0549,  2.1356
 -0.1570, -0.9814,  2.1744,  0.1416, -0.8701,  1.6763, -0.1063, -0.9351,  1.6858,  0.1560, -1.0724,  2.1882
 -0.1625, -0.9914,  2.2170,  0.1434, -0.8784,  1.6925, -0.1070, -0.9437,  1.7013,  0.1619, -1.0860,  2.2304
 -0.1668, -0.9975,  2.2490,  0.1447, -0.8843,  1.7042, -0.1073, -0.9497,  1.7123,  0.1663, -1.0953,  2.2618
 -0.1697, -1.0000,  2.2697,  0.1455, -0.8882,  1.7120, -0.1075, -0.9535,  1.7193,  0.1689, -1.1001,  2.2819
 -0.1708, -0.9991,  2.2783,  0.1460, -0.8903,  1.7163, -0.1076, -0.9553,  1.7229,  0.1695, -1.1005,  2.2899
 -0.1699, -0.9949,  2.2742,  0.1460, -0.8907,  1.7172, -0.1075, -0.9553,  1.7233,  0.1681, -1.0965,  2.2853
 -0.1672, -0.9879,  2.2583,  0.1457, -0.8895,  1.7149, -0.1073, -0.9537,  1.7205,  0.1647, -1.0885,  2.2689
 -0.1630, -0.9781,  2.2318,  0.1449, -0.8866,  1.7094, -0.1070, -0.9503,  1.7147,  0.1596, -1.0768,  2.2420
 -0.1574, -0.9657,  2.1955,  0.1438, -0.8819,  1.7005, -0.1065, -0.9451,  1.7055,  0.1532, -1.0616,  2.2053
 -0.1508, -0.9505,  2.1505,  0.1423, -0.8754,  1.6880, -0.1059, -0.9378,  1.6928,  0.1457, -1.0430,  2.1597
 -0.1435, -0.9326,  2.0974,  0.1403, -0.8667,  1.6715, -0.1051, -0.9282,  1.6759,  0.1372, -1.0213,  2.1059
 -0.1354, -0.9127,  2.0369,  0.1380, -0.8555,  1.6506, -0.1042, -0.9158,  1.6543,  0.1276, -0.9972,  2.0445
 -0.1257, -0.8945,  1.9705,  0.1352, -0.8416,  1.6247, -0.1030, -0.9004,  1.6274,  0.1162, -0.9749,  1.9766
 -0.1150, -0.8984,  1.9624,  0.1322, -0.8254,  1.5927, -0.1016, -0.8834,  1.5961,  0.1039, -0.9785,  1.9687
 -0.1097, -0.8783,  1.8895,  0.1281, -0.8220,  1.6059, -0.0995, -0.8805,  1.6091,  0.0959, -0.9543,  1.8937
 -0.1076, -0.8542,  1.8204,  0.1241, -0.8258,  1.6332, -0.0976, -0.8856,  1.6365,  0.0911, -0.9264,  1.8225
 -0.1069, -0.8310,  1.7574,  0.1207, -0.8353,  1.6723, -0.0963, -0.8970,  1.6762,  0.0881, -0.9001,  1.7579
 -0.1069, -0.8105,  1.7023,  0.1177, -0.8494,  1.7214, -0.0958, -0.9137,  1.7265,  0.0863, -0.8772,  1.7018
 -0.1076, -0.7939,  1.6568,  0.1153, -0.8670,  1.7786, -0.0963, -0.9344,  1.7854,  0.0855, -0.8589,  1.6559
 -0.1089, -0.7822,  1.6227,  0.1134, -0.8870,  1.8423, -0.0976, -0.9582,  1.8515,  0.0856, -0.8462,  1.6219
 -0.1108, -0.7763,  1.6018,  0.1121, -0.9084,  1.9109, -0.1001, -0.9839,  1.9230,  0.0866, -0.8399,  1.6016
 -0.1135, -0.7763,  1.5954,  0.1119, -0.9293,  1.9828, -0.1038, -1.0099,  1.9982,  0.0884, -0.8405,  1.5963
 -0.1179, -0.7805,  1.6041,  0.1146, -0.9461,  2.0560, -0.1099, -1.0316,  2.0745,  0.0914, -0.8462,  1.6063
 -0.1209, -0.7964,  1.6392,  0.1250, -0.9420,  2.0639, -0.1213, -1.0284,  2.0821,  0.0930, -0.8635,  1.6411
 -0.1237, -0.8094,  1.6686,  0.1307, -0.9542,  2.1263, -0.1287, -1.0446,  2.1451,  0.0942, -0.8779,  1.6708
 -0.1261, -0.8194,  1.6935,  0.1343, -0.9653,  2.1806, -0.1338, -1.0598,  2.1995,  0.0952, -0.8889,  1.6952
 -0.1281, -0.8270,  1.7146,  0.1371, -0.9726,  2.2258, -0.1374, -1.0711,  2.2445,  0.0961, -0.8969,  1.7153
 -0.1297, -0.8326,  1.7326,  0.1390, -0.9757,  2.2616, -0.1396, -1.0778,  2.2797,  0.0968, -0.9027,  1.7322
 -0.1311, -0.8366,  1.7483,  0.1400, -0.9750,  2.2872, -0.1405, -1.0801,  2.3048,  0.0975, -0.9068,  1.7467
 -0.1322, -0.8393,  1.7620,  0.1399, -0.9709,  2.3021, -0.1399, -1.0782,  2.3191,  0.0980, -0.9094,  1.7593
 -0.1330, -0.8409,  1.7743,  0.1386, -0.9638,  2.3060, -0.1378, -1.0724,  2.3224,  0.0986, -0.9110,  1.7706
 -0.1337, -0.8417,  1.7855,  0.1362, -0.9543,  2.3000, -0.1344, -1.0631,  2.3159,  0.0992, -0.9118,  1.7809
 -0.1343, -0.8417,  1.7959,  0.1329, -0.9428,  2.2855, -0.1301, -1.0511,  2.3008,  0.0998, -0.9118,  1.7905
 -0.1347, -0.8412,  1.8058,  0.1290, -0.9297,  2.2638, -0.1251, -1.0367,  2.2786,  0.1005, -0.9112,  1.7997
 -0.1351, -0.8401,  1.8154,  0.1247, -0.9152,  2.2364, -0.1196, -1.0204,  2.2506,  0.1012, -0.9102,  1.8086
 -0.1355, -0.8386,  1.8249,  0.1201, -0.8995,  2.2044, -0.1139, -1.0026,  2.2181,  0.1020, -0.9087,  1.8174
 -0.1358, -0.8367,  1.8344,  0.1156, -0.8833,  2.1692, -0.1082, -0.9840,  2.1823,  0.1028, -0.9069,  1.8263
