-4.1675e-05,-0.015999,0.00014965,0.0063853,-2.7549e-05,0.24327,0,0,0,2.8423e-05,-0.00020006,0.00022677
-4.1627e-05,-0.015997,0.00015132,0.0063856,-2.7971e-05,0.24327,0,0,0,3.3897e-05,-0.00020043,0.00023069
-4.7916e-05,-0.015978,2.7911e-05,0.006388,-2.9027e-05,0.24327,0,0,0,0.00032012,-0.00013517,-0.0010256
-3.2554e-05,-0.015986,-4.5478e-05,0.0063856,-2.699e-05,0.24327,0,0,0,-0.00020493,0.00013144,-0.00025933
-1.9342e-05,-0.015992,-8.3605e-05,0.0063834,-2.3239e-05,0.24326,0,0,0,-0.0002277,0.00028217,-0.00043038
-8.0981e-06,-0.015993,-0.00011575,0.006381,-1.8119e-05,0.24326,0,0,0,-0.00025944,0.00040983,-0.00051879
4.2585e-07,-0.015994,-0.00014269,0.0063782,-1.1894e-05,0.24325,0,0,0,-0.00033262,0.00044673,-0.00027527
2.9678e-06,-0.016005,-0.00016441,0.0063745,-5.6769e-06,0.24325,0,0,0,-0.00038128,0.00049582,-0.00033296
4.5251e-06,-0.016009,-0.00019565,0.0063706,1.3318e-06,0.24325,0,0,0,-0.00040769,0.00057971,-0.00035903
5.6066e-06,-0.016009,-0.00022753,0.0063664,9.11e-06,0.24324,0,0,0,-0.00042115,0.00065,-0.00035612
8.2733e-06,-0.015998,-0.00020323,0.0063628,1.7469e-05,0.24324,0,0,0,-0.00022041,0.00078912,-0.00039967
1.161e-07,-0.015996,-0.00019948,0.0063622,2.3217e-05,0.24324,0,0,0,-8.5677e-05,0.00073826,-0.00034137
-1.1817e-06,-0.015983,-0.00020185,0.0063613,2.8928e-05,0.24323,0,0,0,-7.8505e-05,0.00072121,-0.00040914
2.7323e-07,-0.015977,-0.00019994,0.0063603,3.365e-05,0.24323,0,0,0,-0.00011346,0.00058757,-0.00021533
6.1204e-06,-0.015967,-0.00021408,0.0063592,3.7851e-05,0.24323,0,0,0,-9.7193e-05,0.00057349,-0.00027537
1.5869e-05,-0.015954,-0.00023041,0.0063584,4.196e-05,0.24322,0,0,0,-7.3196e-05,0.00056555,-0.00029807
2.7828e-05,-0.01594,-0.00024706,0.0063578,4.5987e-05,0.24322,0,0,0,-4.877e-05,0.00055698,-0.00028864
4.0484e-05,-0.015926,-0.00026357,0.0063574,4.9922e-05,0.24322,0,0,0,-2.6464e-05,0.00054699,-0.00025503
5.2611e-05,-0.015914,-0.00027964,0.0063573,5.3746e-05,0.24322,0,0,0,-6.5402e-06,0.0005352,-0.00020561
6.3305e-05,-0.015904,-0.00029505,0.0063573,5.7441e-05,0.24321,0,0,0,1.1661e-05,0.00052131,-0.0001479
6.7783e-05,-0.015904,-0.00024915,0.0063564,6.0975e-05,0.24321,0,0,0,-0.0004619,0.00012487,-0.00024724
5.522e-05,-0.015918,-0.00022932,0.0063518,6.2998e-05,0.24321,0,0,0,-0.00046254,-1.3841e-05,-0.00034955
3.8972e-05,-0.015933,-0.00021807,0.0063471,6.3805e-05,0.2432,0,0,0,-0.00048131,-0.00012818,-0.00039706
2.133e-05,-0.015946,-0.00020829,0.0063421,6.3516e-05,0.2432,0,0,0,-0.00050427,-0.00023429,-0.00040746
4.0364e-06,-0.015957,-0.00019797,0.006337,6.2211e-05,0.2432,0,0,0,-0.00052407,-0.00033193,-0.00039311
-1.1658e-05,-0.015967,-0.00018627,0.0063317,5.9981e-05,0.24319,0,0,0,-0.00053701,-0.00041992,-0.00036302
-2.4966e-05,-0.015977,-0.0001729,0.0063263,5.693e-05,0.24319,0,0,0,-0.00054147,-0.0004972,-0.00032373
-3.5511e-05,-0.015985,-0.00015788,0.0063209,5.317e-05,0.24319,0,0,0,-0.00053698,-0.00056297,-0.00028005
-4.3253e-05,-0.015993,-0.00014136,0.0063156,4.8816e-05,0.24318,0,0,0,-0.00052376,-0.0006168,-0.00023542
-4.841e-05,-0.016001,-0.00012359,0.0063104,4.3991e-05,0.24318,0,0,0,-0.0005024,-0.00065859,-0.00019216
-5.1367e-05,-0.016008,-0.00010486,0.0063056,3.8813e-05,0.24318,0,0,0,-0.00047375,-0.00068858,-0.00015172
-5.2606e-05,-0.016015,-8.5467e-05,0.006301,3.3399e-05,0.24318,0,0,0,-0.00043881,-0.00070724,-0.00011488
-5.2632e-05,-0.016022,-6.5694e-05,0.0062968,2.7856e-05,0.24318,0,0,0,-0.00039862,-0.00071531,-8.1915e-05
-5.1927e-05,-0.016028,-4.5829e-05,0.0062931,2.2287e-05,0.24318,0,0,0,-0.00035429,-0.00071366,-5.2737e-05
-5.0908e-05,-0.016033,-2.614e-05,0.0062898,1.6783e-05,0.24318,0,0,0,-0.00030691,-0.00070331,-2.7039e-05
-4.9906e-05,-0.016037,-6.8795e-06,0.006287,1.1426e-05,0.24318,0,0,0,-0.00025753,-0.00068531,-4.3836e-06
-4.9156e-05,-0.016041,1.1724e-05,0.0062847,6.2855e-06,0.24318,0,0,0,-0.00020714,-0.00066075,1.5684e-05
-4.8799e-05,-0.016044,2.9466e-05,0.0062829,1.4217e-06,0.24318,0,0,0,-0.00015669,-0.00063072,3.3662e-05
-4.8889e-05,-0.016046,4.6166e-05,0.0062816,-3.1166e-06,0.24318,0,0,0,-0.00010699,-0.00059628,4.9922e-05
-4.9412e-05,-0.016047,6.167e-05,0.0062808,-7.291e-06,0.24318,0,0,0,-5.8796e-05,-0.00055842,6.482e-05
-5.0301e-05,-0.016047,7.5853e-05,0.0062805,-1.1072e-05,0.24318,0,0,0,-1.275e-05,-0.00051808,7.8591e-05
-5.1454e-05,-0.016047,8.8616e-05,0.0062806,-1.4441e-05,0.24318,0,0,0,3.0597e-05,-0.00047614,9.1418e-05
-5.2752e-05,-0.016046,9.9894e-05,0.0062811,-1.7385e-05,0.24318,0,0,0,7.0797e-05,-0.0004334,0.0001034
-5.4075e-05,-0.016044,0.00010965,0.0062821,-1.9901e-05,0.24318,0,0,0,0.00010749,-0.00039059,0.00011457
-5.5312e-05,-0.016042,0.00011786,0.0062833,-2.1991e-05,0.24318,0,0,0,0.0001404,-0.00034838,0.00012494
-5.6369e-05,-0.016039,0.00012455,0.0062849,-2.3665e-05,0.24318,0,0,0,0.00016934,-0.00030734,0.00013448
-5.7176e-05,-0.016035,0.00012976,0.0062867,-2.4938e-05,0.24319,0,0,0,0.00019421,-0.00026802,0.00014313
-5.7688e-05,-0.016031,0.00013355,0.0062888,-2.5829e-05,0.24319,0,0,0,0.00021494,-0.00023085,0.00015085
-5.7883e-05,-0.016027,0.00013599,0.006291,-2.6363e-05,0.24319,0,0,0,0.00023158,-0.00019624,0.0001576
-5.7763e-05,-0.016023,0.00013717,0.0062934,-2.6565e-05,0.24319,0,0,0,0.00024421,-0.00016449,0.00016334
-5.7346e-05,-0.016019,0.00013722,0.0062959,-2.6468e-05,0.24319,0,0,0,0.00025293,-0.00013589,0.00016804
-5.6666e-05,-0.016014,0.00013625,0.0062985,-2.6102e-05,0.24319,0,0,0,0.00025794,-0.00011061,0.00017172
-5.5765e-05,-0.016009,0.00013439,0.006301,-2.5503e-05,0.24319,0,0,0,0.00025944,-8.8797e-05,0.00017439
-5.4691e-05,-0.016004,0.00013176,0.0063036,-2.4705e-05,0.2432,0,0,0,0.00025769,-7.0529e-05,0.00017608
-5.3492e-05,-0.016,0.0001285,0.0063062,-2.3744e-05,0.2432,0,0,0,0.00025295,-5.5814e-05,0.00017686
-5.2216e-05,-0.015995,0.00012475,0.0063087,-2.2655e-05,0.2432,0,0,0,0.00024551,-4.4621e-05,0.00017679
-5.0905e-05,-0.015991,0.00012064,0.0063111,-2.1473e-05,0.2432,0,0,0,0.00023569,-3.6859e-05,0.00017596
-4.9597e-05,-0.015986,0.00011629,0.0063134,-2.0232e-05,0.2432,0,0,0,0.0002238,-3.2381e-05,0.00017446
-4.8323e-05,-0.015982,0.00011182,0.0063155,-1.8963e-05,0.24321,0,0,0,0.00021017,-3.1022e-05,0.0001724
-4.7108e-05,-0.015978,0.00010734,0.0063176,-1.7697e-05,0.24321,0,0,0,0.00019512,-3.2562e-05,0.00016987
-4.5969e-05,-0.015975,0.00010296,0.0063194,-1.6461e-05,0.24321,0,0,0,0.00017898,-3.6752e-05,0.00016698
-4.4919e-05,-0.015971,9.8763e-05,0.0063211,-1.528e-05,0.24321,0,0,0,0.00016206,-4.3322e-05,0.00016382
-4.3966e-05,-0.015968,9.4843e-05,0.0063226,-1.4177e-05,0.24321,0,0,0,0.00014466,-5.1987e-05,0.00016051
-4.3114e-05,-0.015965,9.1266e-05,0.006324,-1.3171e-05,0.24321,0,0,0,0.00012708,-6.2446e-05,0.00015713
-4.2362e-05,-0.015962,8.8093e-05,0.0063252,-1.2277e-05,0.24322,0,0,0,0.00010959,-7.4388e-05,0.00015376
-4.171e-05,-0.01596,8.5373e-05,0.0063262,-1.151e-05,0.24322,0,0,0,9.2421e-05,-8.7512e-05,0.00015052
-4.1154e-05,-0.015958,8.3145e-05,0.006327,-1.0879e-05,0.24322,0,0,0,7.5826e-05,-0.00010151,0.00014746
-4.0689e-05,-0.015956,8.1436e-05,0.0063277,-1.0391e-05,0.24322,0,0,0,6.0005e-05,-0.0001161,0.00014463
-4.0312e-05,-0.015954,8.0265e-05,0.0063282,-1.0052e-05,0.24322,0,0,0,4.5129e-05,-0.00013099,0.00014211
-4.0015e-05,-0.015952,7.9637e-05,0.0063286,-9.8612e-06,0.24322,0,0,0,3.136e-05,-0.00014594,0.00013996
-3.9796e-05,-0.015951,7.9551e-05,0.0063288,-9.8194e-06,0.24322,0,0,0,1.8827e-05,-0.00016069,0.00013819
-3.9648e-05,-0.01595,7.9998e-05,0.0063289,-9.9231e-06,0.24323,0,0,0,7.6342e-06,-0.00017502,0.00013683
-3.9567e-05,-0.015949,8.0959e-05,0.006329,-1.0167e-05,0.24323,0,0,0,-2.1545e-06,-0.00018875,0.00013593
-3.9547e-05,-0.015948,8.2412e-05,0.0063289,-1.0544e-05,0.24323,0,0,0,-1.0486e-05,-0.00020171,0.00013549
-3.9582e-05,-0.015947,8.4326e-05,0.0063287,-1.1045e-05,0.24323,0,0,0,-1.7334e-05,-0.00021375,0.00013553
-3.9669e-05,-0.015946,8.6667e-05,0.0063285,-1.1662e-05,0.24323,0,0,0,-2.268e-05,-0.00022477,0.00013603
-3.9799e-05,-0.015946,8.9395e-05,0.0063283,-1.2383e-05,0.24323,0,0,0,-2.656e-05,-0.00023467,0.00013701
-3.9968e-05,-0.015945,9.2471e-05,0.006328,-1.3196e-05,0.24323,0,0,0,-2.8994e-05,-0.00024339,0.00013843
-4.0169e-05,-0.015944,9.585e-05,0.0063277,-1.4089e-05,0.24323,0,0,0,-3.0039e-05,-0.00025089,0.00014027
-4.0396e-05,-0.015944,9.9488e-05,0.0063274,-1.5051e-05,0.24324,0,0,0,-2.9775e-05,-0.00025714,0.00014254
-4.0642e-05,-0.015943,0.00010334,0.0063271,-1.6069e-05,0.24324,0,0,0,-2.8281e-05,-0.00026217,0.0001452
-4.0902e-05,-0.015942,0.00010736,0.0063269,-1.713e-05,0.24324,0,0,0,-2.5648e-05,-0.00026598,0.00014821
-4.1168e-05,-0.015941,0.00011151,0.0063266,-1.8223e-05,0.24324,0,0,0,-2.198e-05,-0.00026862,0.00015153
-4.1436e-05,-0.015941,0.00011574,0.0063264,-1.9336e-05,0.24324,0,0,0,-1.7389e-05,-0.00027015,0.00015513
-4.1698e-05,-0.01594,0.00012001,0.0063263,-2.0458e-05,0.24324,0,0,0,-1.1994e-05,-0.00027063,0.00015898
-4.1951e-05,-0.015938,0.00012429,0.0063262,-2.158e-05,0.24325,0,0,0,-5.9122e-06,-0.00027014,0.00016305
-4.2188e-05,-0.015937,0.00012854,0.0063262,-2.2692e-05,0.24325,0,0,0,7.3801e-07,-0.00026879,0.0001673
-4.2407e-05,-0.015936,0.00013274,0.0063262,-2.3786e-05,0.24325,0,0,0,7.8405e-06,-0.00026666,0.00017167
-4.2603e-05,-0.015934,0.00013685,0.0063263,-2.4855e-05,0.24325,0,0,0,1.5264e-05,-0.00026386,0.00017616
-4.2775e-05,-0.015933,0.00014085,0.0063265,-2.5893e-05,0.24325,0,0,0,2.2906e-05,-0.00026048,0.0001807
-4.2919e-05,-0.015931,0.00014472,0.0063268,-2.6895e-05,0.24325,0,0,0,3.0659e-05,-0.00025663,0.00018526
-4.3034e-05,-0.015929,0.00014845,0.0063272,-2.7856e-05,0.24326,0,0,0,3.8411e-05,-0.00025242,0.00018982
-4.3119e-05,-0.015927,0.00015202,0.0063276,-2.8773e-05,0.24326,0,0,0,4.6068e-05,-0.00024794,0.00019435
-4.3175e-05,-0.015925,0.00015543,0.0063281,-2.9644e-05,0.24326,0,0,0,5.3543e-05,-0.0002433,0.0001988
-4.3201e-05,-0.015923,0.00015867,0.0063287,-3.0469e-05,0.24326,0,0,0,6.0758e-05,-0.00023858,0.00020319
-4.3198e-05,-0.01592,0.00016174,0.0063293,-3.1246e-05,0.24326,0,0,0,6.7647e-05,-0.00023388,0.00020747
-4.3167e-05,-0.015918,0.00016464,0.00633,-3.1977e-05,0.24327,0,0,0,7.4142e-05,-0.00022927,0.00021163
-4.311e-05,-0.015915,0.00016737,0.0063308,-3.2662e-05,0.24327,0,0,0,8.0196e-05,-0.00022482,0.00021564
-4.3028e-05,-0.015912,0.00016995,0.0063316,-3.3305e-05,0.24327,0,0,0,8.5766e-05,-0.00022061,0.0002195
-4.2924e-05,-0.015909,0.00017237,0.0063325,-3.3906e-05,0.24327,0,0,0,9.0821e-05,-0.00021665,0.00022319
-4.2801e-05,-0.015906,0.00017466,0.0063334,-3.447e-05,0.24327,0,0,0,9.5345e-05,-0.00021304,0.00022673
-4.266e-05,-0.015903,0.00017682,0.0063344,-3.5e-05,0.24328,0,0,0,9.9322e-05,-0.00020977,0.00023008
-4.2504e-05,-0.0159,0.00017887,0.0063354,-3.5499e-05,0.24328,0,0,0,0.00010274,-0.0002069,0.00023326
-4.2336e-05,-0.015897,0.00018082,0.0063365,-3.5972e-05,0.24328,0,0,0,0.00010561,-0.00020444,0.00023629
-4.2157e-05,-0.015893,0.00018269,0.0063375,-3.6422e-05,0.24328,0,0,0,0.00010795,-0.0002024,0.00023914
-4.0893e-05,-0.015896,0.0001568,0.0063393,-3.7137e-05,0.24329,0,0,0,0.00038433,-0.00022958,-0.00084981
-1.0078e-05,-0.015909,0.00011252,0.0063364,-3.7669e-05,0.24328,0,0,0,-0.00035355,-0.00021398,-8.4654e-05
1.2934e-05,-0.015926,7.5639e-05,0.0063327,-3.7584e-05,0.24328,0,0,0,-0.00038744,-9.3493e-05,-0.00018522
3.3912e-05,-0.015942,4.7653e-05,0.0063285,-3.6262e-05,0.24328,0,0,0,-0.0004366,2.7243e-05,-0.00023579
5.1525e-05,-0.015958,2.5099e-05,0.0063239,-3.3804e-05,0.24328,0,0,0,-0.00048744,0.00013492,-0.00025266
6.5097e-05,-0.015971,4.6752e-06,0.0063188,-3.0344e-05,0.24328,0,0,0,-0.00053284,0.00022876,-0.00024698
7.4516e-05,-0.015984,-1.5393e-05,0.0063132,-2.6023e-05,0.24327,0,0,0,-0.00056933,0.00030853,-0.00022666
8.0085e-05,-0.015995,-3.5949e-05,0.0063074,-2.0982e-05,0.24327,0,0,0,-0.00059537,0.00037416,-0.00019746
8.2388e-05,-0.016006,-5.7316e-05,0.0063013,-1.5362e-05,0.24327,0,0,0,-0.00061055,0.00042582,-0.00016358
8.2156e-05,-0.016017,-7.9526e-05,0.0062952,-9.3004e-06,0.24327,0,0,0,-0.00061508,0.00046397,-0.00012803
7.9096e-05,-0.016015,-0.00011662,0.0062905,-3.0429e-06,0.24326,0,0,0,-0.00025814,0.00073724,-0.00037921
7.9953e-05,-0.016017,-0.00015645,0.0062876,2.9034e-06,0.24326,0,0,0,-0.00030099,0.00078276,-0.00034836
7.5378e-05,-0.016011,-0.00019619,0.0062846,9.5633e-06,0.24326,0,0,0,-0.00030721,0.0008563,-0.00031333
6.7321e-05,-0.016003,-0.00023102,0.0062816,1.687e-05,0.24325,0,0,0,-0.00029528,0.00091305,-0.00026917
5.7486e-05,-0.015995,-0.00026329,0.0062787,2.4649e-05,0.24325,0,0,0,-0.00027446,0.00095287,-0.00021679
4.7349e-05,-0.015989,-0.00029446,0.0062761,3.2743e-05,0.24325,0,0,0,-0.00024906,0.0009777,-0.00015954
3.808e-05,-0.015984,-0.00032523,0.0062738,4.1011e-05,0.24325,0,0,0,-0.00022097,0.00098944,-0.00010122
3.0499e-05,-0.015981,-0.00035584,0.0062717,4.9333e-05,0.24325,0,0,0,-0.00019093,0.00098981,-4.5113e-05
2.5083e-05,-0.015979,-0.00038629,0.00627,5.7603e-05,0.24325,0,0,0,-0.00015928,0.00098039,6.3788e-06
2.2001e-05,-0.015977,-0.00041645,0.0062686,6.5732e-05,0.24325,0,0,0,-0.00012629,0.00096265,5.1766e-05
2.1168e-05,-0.015976,-0.0004461,0.0062675,7.3644e-05,0.24325,0,0,0,-9.2317e-05,0.00093788,9.0421e-05
2.2308e-05,-0.015976,-0.00047501,0.0062668,8.1276e-05,0.24325,0,0,0,-5.7791e-05,0.00090724,0.00012232
3.6239e-06,-0.015985,-0.00045546,0.0062653,8.688e-05,0.24325,0,0,0,-0.00048761,0.00064635,-0.00010706
-8.0763e-06,-0.01598,-0.00037116,0.0062629,9.1818e-05,0.24324,0,0,0,-0.00024618,0.00058149,-0.00031875
-1.5628e-05,-0.015984,-0.00033331,0.0062606,9.4918e-05,0.24324,0,0,0,-0.00022502,0.00037534,-0.00048596
-1.9468e-05,-0.015986,-0.00030919,0.0062583,9.6009e-05,0.24323,0,0,0,-0.00022691,0.00018241,-0.00056674
-2.0131e-05,-0.015987,-0.0002916,0.006256,9.5285e-05,0.24323,0,0,0,-0.00024034,1.0087e-05,-0.0005843
-1.8418e-05,-0.015986,-0.00027563,0.0062535,9.2948e-05,0.24322,0,0,0,-0.00025802,-0.00014213,-0.00055781
-1.5239e-05,-0.015986,-0.00025867,0.0062508,8.9197e-05,0.24322,0,0,0,-0.00027525,-0.00027477,-0.0005029
-1.1475e-05,-0.015985,-0.00023951,0.006248,8.4225e-05,0.24321,0,0,0,-0.00028905,-0.00038824,-0.00043202
-7.8901e-06,-0.015986,-0.00021772,0.006245,7.8222e-05,0.24321,0,0,0,-0.00029757,-0.00048302,-0.00035471
-5.0783e-06,-0.015987,-0.00019332,0.006242,7.1371e-05,0.24321,0,0,0,-0.00029984,-0.00055969,-0.00027788
-3.4395e-06,-0.015989,-0.00016656,0.0062391,6.385e-05,0.2432,0,0,0,-0.00029552,-0.00061895,-0.00020623
-3.1839e-06,-0.015991,-0.00013787,0.0062362,5.5828e-05,0.2432,0,0,0,-0.00028472,-0.00066165,-0.00014254
-4.3508e-06,-0.015994,-0.00010774,0.0062334,4.7466e-05,0.2432,0,0,0,-0.00026796,-0.00068871,-8.8154e-05
-6.8397e-06,-0.015998,-7.6664e-05,0.0062308,3.8915e-05,0.2432,0,0,0,-0.00024593,-0.00070115,-4.326e-05
-1.0447e-05,-0.016001,-4.5171e-05,0.0062285,3.0315e-05,0.2432,0,0,0,-0.00021953,-0.00070007,-7.3252e-06
-1.4903e-05,-0.016004,-1.3753e-05,0.0062265,2.1794e-05,0.2432,0,0,0,-0.00018971,-0.00068663,2.0678e-05
-1.9908e-05,-0.016007,1.7123e-05,0.0062248,1.347e-05,0.2432,0,0,0,-0.00015743,-0.00066203,4.2026e-05
-2.516e-05,-0.016009,4.7031e-05,0.0062234,5.4474e-06,0.2432,0,0,0,-0.00012362,-0.00062752,5.8057e-05
-3.0381e-05,-0.016011,7.5597e-05,0.0062223,-2.1813e-06,0.2432,0,0,0,-8.9149e-05,-0.00058437,7.0059e-05
-3.5331e-05,-0.016012,0.00010249,0.0062216,-9.3371e-06,0.2432,0,0,0,-5.4801e-05,-0.0005339,7.918e-05
-3.9823e-05,-0.016013,0.00012745,0.0062213,-1.5954e-05,0.2432,0,0,0,-2.125e-05,-0.00047741,8.6366e-05
-4.3721e-05,-0.016012,0.00015024,0.0062212,-2.1979e-05,0.2432,0,0,0,1.0925e-05,-0.0004162,9.2362e-05
-4.6941e-05,-0.016012,0.00017071,0.0062215,-2.7372e-05,0.24321,0,0,0,4.125e-05,-0.00035156,9.7725e-05
-4.9449e-05,-0.01601,0.00018875,0.0062221,-3.2106e-05,0.24321,0,0,0,6.9351e-05,-0.00028476,0.00010281
-5.1249e-05,-0.016008,0.0002043,0.0062229,-3.6165e-05,0.24321,0,0,0,9.4946e-05,-0.00021698,0.00010785
-5.2379e-05,-0.016006,0.00021733,0.006224,-3.9547e-05,0.24321,0,0,0,0.00011783,-0.00014937,0.0001129
-5.2898e-05,-0.016003,0.00022788,0.0062253,-4.2258e-05,0.24321,0,0,0,0.0001379,-8.3005e-05,0.00011796
-5.288e-05,-0.016,0.00023602,0.0062268,-4.4317e-05,0.24321,0,0,0,0.00015506,-1.8839e-05,0.00012302
-5.2407e-05,-0.015997,0.00024184,0.0062284,-4.5751e-05,0.24321,0,0,0,0.00016932,4.2272e-05,0.00012794
-5.1558e-05,-0.015993,0.00024548,0.0062301,-4.6594e-05,0.24321,0,0,0,0.00018072,9.9563e-05,0.0001326
-5.0413e-05,-0.015989,0.00024708,0.006232,-4.6888e-05,0.24321,0,0,0,0.00018933,0.00015242,0.00013691
-4.9041e-05,-0.015985,0.00024682,0.0062339,-4.668e-05,0.24322,0,0,0,0.00019527,0.00020031,0.00014079
-4.7503e-05,-0.015981,0.00024489,0.0062359,-4.6023e-05,0.24322,0,0,0,0.00019867,0.00024285,0.00014415
-4.5852e-05,-0.015977,0.00024149,0.0062379,-4.4971e-05,0.24322,0,0,0,0.0001997,0.00027977,0.0001469
-4.413e-05,-0.015973,0.00023683,0.0062399,-4.3581e-05,0.24322,0,0,0,0.00019853,0.00031091,0.00014906
-4.2373e-05,-0.015969,0.00023112,0.0062419,-4.1912e-05,0.24322,0,0,0,0.00019537,0.00033622,0.00015061
-4.0607e-05,-0.015965,0.00022458,0.0062438,-4.0022e-05,0.24322,0,0,0,0.00019042,0.00035575,0.00015158
-3.8855e-05,-0.015961,0.00021739,0.0062457,-3.7968e-05,0.24322,0,0,0,0.00018389,0.00036965,0.000152
-3.7134e-05,-0.015957,0.00020978,0.0062475,-3.5804e-05,0.24323,0,0,0,0.00017599,0.00037814,0.00015193
-3.5459e-05,-0.015953,0.00020193,0.0062492,-3.3584e-05,0.24323,0,0,0,0.00016695,0.00038152,0.00015142
-3.3844e-05,-0.01595,0.00019401,0.0062508,-3.1357e-05,0.24323,0,0,0,0.00015698,0.00038013,0.00015056
-3.2299e-05,-0.015946,0.00018621,0.0062523,-2.9168e-05,0.24323,0,0,0,0.0001463,0.0003744,0.0001494
-3.0836e-05,-0.015943,0.00017866,0.0062537,-2.7058e-05,0.24323,0,0,0,0.00013512,0.00036474,0.00014804
-2.9465e-05,-0.01594,0.0001715,0.006255,-2.5064e-05,0.24323,0,0,0,0.00012364,0.00035164,0.00014654
-2.8194e-05,-0.015937,0.00016487,0.0062562,-2.3218e-05,0.24324,0,0,0,0.00011206,0.00033557,0.000145
-2.7034e-05,-0.015934,0.00015884,0.0062572,-2.1547e-05,0.24324,0,0,0,0.00010055,0.00031704,0.00014344
-2.599e-05,-0.015931,0.00015352,0.0062582,-2.0072e-05,0.24324,0,0,0,8.927e-05,0.00029652,0.00014195
-2.5071e-05,-0.015929,0.00014896,0.006259,-1.8811e-05,0.24324,0,0,0,7.8389e-05,0.00027451,0.00014059
-2.4279e-05,-0.015927,0.00014522,0.0062597,-1.7776e-05,0.24324,0,0,0,6.8029e-05,0.00025147,0.00013941
-2.3618e-05,-0.015924,0.00014233,0.0062603,-1.6975e-05,0.24324,0,0,0,5.8316e-05,0.00022785,0.00013842
-2.3088e-05,-0.015922,0.0001403,0.0062609,-1.6411e-05,0.24324,0,0,0,4.936e-05,0.00020406,0.00013767
-2.2688e-05,-0.01592,0.00013913,0.0062613,-1.6085e-05,0.24325,0,0,0,4.1235e-05,0.0001805,0.00013719
-2.2414e-05,-0.015919,0.00013882,0.0062617,-1.5991e-05,0.24325,0,0,0,3.4013e-05,0.00015752,0.00013702
-2.2261e-05,-0.015917,0.00013934,0.006262,-1.6122e-05,0.24325,0,0,0,2.7741e-05,0.00013544,0.00013713
-2.2221e-05,-0.015915,0.00014065,0.0062622,-1.6468e-05,0.24325,0,0,0,2.2444e-05,0.00011453,0.00013758
-2.2285e-05,-0.015914,0.0001427,0.0062624,-1.7015e-05,0.24325,0,0,0,1.8148e-05,9.5027e-05,0.00013835
-2.2443e-05,-0.015912,0.00014545,0.0062626,-1.7749e-05,0.24325,0,0,0,1.4861e-05,7.7121e-05,0.00013942
-2.2683e-05,-0.01591,0.00014883,0.0062627,-1.8652e-05,0.24325,0,0,0,1.2565e-05,6.0968e-05,0.00014082
-2.2993e-05,-0.015909,0.00015278,0.0062629,-1.9707e-05,0.24325,0,0,0,1.1232e-05,4.6681e-05,0.00014253
-2.3361e-05,-0.015907,0.00015722,0.006263,-2.0894e-05,0.24326,0,0,0,1.0836e-05,3.4336e-05,0.0001445
-2.3776e-05,-0.015906,0.00016209,0.0062631,-2.2193e-05,0.24326,0,0,0,1.132e-05,2.3965e-05,0.00014677
-2.4224e-05,-0.015904,0.00016732,0.0062632,-2.3585e-05,0.24326,0,0,0,1.2629e-05,1.5573e-05,0.00014929
-2.4695e-05,-0.015902,0.00017283,0.0062633,-2.5051e-05,0.24326,0,0,0,1.47e-05,9.1326e-06,0.00015206
-2.5177e-05,-0.015901,0.00017855,0.0062635,-2.657e-05,0.24326,0,0,0,1.7456e-05,4.5832e-06,0.00015504
-2.566e-05,-0.015899,0.00018441,0.0062637,-2.8125e-05,0.24326,0,0,0,2.0835e-05,1.8447e-06,0.0001582
-2.6134e-05,-0.015897,0.00019036,0.0062639,-2.9698e-05,0.24327,0,0,0,2.475e-05,8.1317e-07,0.00016154
-2.659e-05,-0.015895,0.00019632,0.0062642,-3.1272e-05,0.24327,0,0,0,2.9122e-05,1.3615e-06,0.00016501
-2.7023e-05,-0.015893,0.00020224,0.0062645,-3.2833e-05,0.24327,0,0,0,3.3868e-05,3.3549e-06,0.00016859
-2.7424e-05,-0.015891,0.00020808,0.0062649,-3.4366e-05,0.24327,0,0,0,3.8911e-05,6.6402e-06,0.00017227
-2.7789e-05,-0.015889,0.00021378,0.0062653,-3.5861e-05,0.24327,0,0,0,4.4166e-05,1.1047e-05,0.00017601
-2.8114e-05,-0.015886,0.00021931,0.0062658,-3.7305e-05,0.24327,0,0,0,4.9565e-05,1.6415e-05,0.00017978
-2.8395e-05,-0.015884,0.00022464,0.0062663,-3.8692e-05,0.24328,0,0,0,5.5034e-05,2.2581e-05,0.00018357
-2.8629e-05,-0.015882,0.00022974,0.0062669,-4.0013e-05,0.24328,0,0,0,6.0493e-05,2.9371e-05,0.00018736
-2.8816e-05,-0.015879,0.00023458,0.0062675,-4.1264e-05,0.24328,0,0,0,6.589e-05,3.6627e-05,0.00019112
-2.8956e-05,-0.015876,0.00023915,0.0062682,-4.2441e-05,0.24328,0,0,0,7.116e-05,4.4191e-05,0.00019485
-2.9047e-05,-0.015873,0.00024345,0.0062689,-4.3541e-05,0.24328,0,0,0,7.6249e-05,5.1907e-05,0.00019853
-2.9093e-05,-0.01587,0.00024747,0.0062697,-4.4563e-05,0.24329,0,0,0,8.111e-05,5.9638e-05,0.00020212
-2.9093e-05,-0.015867,0.00025121,0.0062706,-4.5509e-05,0.24329,0,0,0,8.5707e-05,6.7259e-05,0.00020564
-2.9051e-05,-0.015864,0.00025467,0.0062714,-4.6379e-05,0.24329,0,0,0,9.0006e-05,7.4648e-05,0.00020906
-2.8969e-05,-0.015861,0.00025787,0.0062724,-4.7178e-05,0.24329,0,0,0,9.3977e-05,8.1705e-05,0.00021238
-2.8851e-05,-0.015858,0.00026082,0.0062733,-4.7908e-05,0.24329,0,0,0,9.7609e-05,8.8333e-05,0.00021557
-2.8699e-05,-0.015854,0.00026354,0.0062743,-4.8575e-05,0.2433,0,0,0,0.00010087,9.4457e-05,0.00021866
-2.8518e-05,-0.015851,0.00026604,0.0062753,-4.9183e-05,0.2433,0,0,0,0.00010377,0.00010002,0.00022163
-2.8312e-05,-0.015848,0.00026834,0.0062764,-4.974e-05,0.2433,0,0,0,0.00010629,0.00010496,0.0002245
-2.8084e-05,-0.015844,0.00027048,0.0062775,-5.025e-05,0.2433,0,0,0,0.00010845,0.00010925,0.00022724
-2.7839e-05,-0.015841,0.00027247,0.0062786,-5.0721e-05,0.2433,0,0,0,0.00011024,0.00011287,0.00022987
-2.758e-05,-0.015837,0.00027433,0.0062797,-5.116e-05,0.24331,0,0,0,0.00011169,0.00011581,0.00023239
-2.2853e-05,-0.015842,0.00017074,0.0062792,-5.1747e-05,0.24331,0,0,0,-0.00037435,-0.00011212,4.8505e-05
-7.2159e-07,-0.015852,0.00014097,0.0062756,-5.0628e-05,0.24331,0,0,0,-0.00035968,1.9418e-06,-0.00011197
2.1399e-05,-0.015866,0.00011871,0.0062719,-4.8492e-05,0.24331,0,0,0,-0.00038561,9.6926e-05,-0.00019999
4.1604e-05,-0.01588,9.8757e-05,0.0062678,-4.5467e-05,0.2433,0,0,0,0.052488,0.00018112,-0.00024047
5.7213e-05,-0.015892,9.7302e-05,0.006234,-4.1364e-05,0.2433,0,0,0,0.055542,0.00029827,-0.00093743
6.4598e-05,-0.016011,0.00016557,0.0058372,-3.5815e-05,0.24326,0,0,0,0.058596,0.00035528,-0.0064869
7.745e-05,-0.016778,0.00019042,0.0050338,-3.1172e-05,0.24318,0,0,0,0.061649,0.00020007,-0.008504
8.7415e-05,-0.018428,0.00022259,0.0038679,-2.5872e-05,0.2431,0,0,0,0.064703,0.00025776,-0.0046485
8.5751e-05,-0.021062,0.00026434,0.0025499,-2.2427e-05,0.24317,0,0,0,0.067757,2.8364e-05,0.015642
7.3675e-05,-0.02473,0.0002573,0.0012169,-2.0981e-05,0.24335,0,0,0,0.070811,9.9667e-05,0.016346
7.4237e-05,-0.029655,0.0002908,-5.6502e-05,-2.1033e-05,0.24364,0,0,0,0.073865,-0.00010417,0.039798
8.0594e-05,-0.035242,0.00026597,-0.0012892,-2.2737e-05,0.24377,0,0,0,0.076919,-0.00024788,0.0033856
7.6404e-05,-0.042759,0.00017791,-0.0023953,-2.2826e-05,0.24396,0,0,0,0.079973,0.00013482,0.032275
7.7527e-05,-0.0529,0.00012623,-0.00333,-2.1872e-05,0.24445,0,0,0,0.083027,0.00010332,0.062735
8.1374e-05,-0.066165,9.7369e-05,-0.0040795,-2.0553e-05,0.2453,0,0,0,0.086081,0.00014215,0.10765
8.0757e-05,-0.083151,0.00011208,-0.0045916,-1.7044e-05,0.24663,0,0,0,0.089135,0.00037001,0.14403
7.8212e-05,-0.09709,0.00011168,-0.004977,-1.3875e-05,0.2481,0,0,0,0.092188,0.00023232,0.14935
7.8313e-05,-0.10712,0.00012374,-0.0051868,-1.0802e-05,0.24953,0,0,0,0.095242,0.0001579,0.1344
8.215e-05,-0.11416,0.0001033,-0.0051863,-8.3539e-06,0.25086,0,0,0,0.098296,0.00014491,0.13097
8.6031e-05,-0.11943,0.00010692,-0.004991,-5.7302e-06,0.25185,0,0,0,0.10135,0.00017138,0.082771
8.7109e-05,-0.12294,0.00012679,-0.004535,-2.8317e-06,0.25268,0,0,0,0.1044,0.00019481,0.08401
9.0188e-05,-0.12462,9.0882e-05,-0.0037517,-7.2309e-07,0.25353,0,0,0,0.10746,0.0002232,0.085374
9.0495e-05,-0.1245,6.4665e-05,-0.0026228,1.6153e-06,0.25442,0,0,0,0.11051,0.00024135,0.092717
8.8826e-05,-0.12259,4.4854e-05,-0.0011199,4.1119e-06,0.2554,0,0,0,0.11357,0.00025589,0.10341
8.6015e-05,-0.11895,3.0599e-05,0.00076794,6.7093e-06,0.2565,0,0,0,0.11662,0.00026309,0.11535
8.2547e-05,-0.11378,2.1163e-05,0.0030284,9.365e-06,0.25764,0,0,0,0.11967,0.00026624,0.10887
7.3652e-05,-0.10713,3.9828e-05,0.0056655,1.1747e-05,0.25878,0,0,0,0.12273,0.00090239,0.11634
8.8507e-05,-0.099241,-0.00013326,0.0086141,1.3808e-05,0.25964,0,0,0,0.12578,0.00025841,0.070177
0.00010519,-0.088828,-0.00027157,0.011918,1.6926e-05,0.26039,0,0,0,0.12884,0.00034795,0.079226
0.00012081,-0.074982,-0.00038224,0.015653,2.0646e-05,0.26124,0,0,0,0.13189,0.0003906,0.088189
0.00013344,-0.057529,-0.00048201,0.019831,2.4692e-05,0.26219,0,0,0,0.13494,0.00041892,0.10002
0.00015321,-0.036457,-0.00046107,0.024442,2.8002e-05,0.26325,0,0,0,0.138,0.0006012,0.083602
0.00017754,-0.015414,-0.0004007,0.029198,3.148e-05,0.26352,0,0,0,0.14105,0.00036865,-0.021156
0.00020084,0.005487,-0.00030988,0.033942,3.4353e-05,0.26276,0,0,0,0.1441,0.00025243,-0.12108
0.00022877,0.027432,-0.00019846,0.03858,3.6919e-05,0.26105,0,0,0,0.14716,0.0002753,-0.21334
0.00026404,0.049582,-5.036e-05,0.043137,3.9839e-05,0.25841,0,0,0,0.15021,0.00029442,-0.3048
0.00030024,0.06939,8.2268e-05,0.047569,4.2281e-05,0.25542,0,0,0,0.15327,0.00019333,-0.24409
0.00032992,0.083238,0.00017869,0.051733,4.3398e-05,0.25323,0,0,0,0.15632,5.7537e-05,-0.20076
0.00035799,0.09365,0.00025537,0.055591,4.3247e-05,0.25153,0,0,0,0.15937,-7.9055e-05,-0.13999
0.00038191,0.10007,0.0003325,0.05914,4.1733e-05,0.2505,0,0,0,0.16243,-0.0002096,-0.07477
0.00039999,0.10356,0.00040039,0.062353,3.8916e-05,0.25002,0,0,0,0.16548,-0.00033837,-0.028384
0.00041343,0.10511,0.00044917,0.065235,3.4888e-05,0.24986,0,0,0,0.16854,-0.00045406,-0.011823
0.00042267,0.10553,0.00047294,0.067786,2.9685e-05,0.24992,0,0,0,0.17159,-0.00057088,0.020811
0.00042918,0.10538,0.00048669,0.070072,2.379e-05,0.2499,0,0,0,0.17464,-0.00065535,-0.0084965
0.00043839,0.10447,0.0005017,0.072084,1.7777e-05,0.24997,0,0,0,0.1777,-0.00058567,0.018804
0.00044793,0.10208,0.00047635,0.073795,1.154e-05,0.2503,0,0,0,0.18075,-0.00064752,0.044657
0.00045867,0.097792,0.00048051,0.075237,5.2766e-06,0.25091,0,0,0,0.18381,-0.00062571,0.073787
0.00047983,0.090985,0.00052084,0.076456,-2.4639e-07,0.2518,0,0,0,0.18686,-0.00053764,0.10136
0.00050038,0.081003,0.00058198,0.07753,-6.7666e-06,0.25291,0,0,0,0.18991,-0.00067546,0.11933
0.00051233,0.067372,0.00064927,0.07855,-1.3944e-05,0.25411,0,0,0,0.19297,-0.00063132,0.11641
0.00052971,0.049552,0.00079171,0.079592,-1.9961e-05,0.25536,0,0,0,0.19602,-0.00059499,0.13258
0.00054204,0.028477,0.00086791,0.080682,-2.7491e-05,0.25633,0,0,0,0.19907,-0.00082712,0.058315
0.00054492,0.0066275,0.00094806,0.081794,-3.5705e-05,0.25637,0,0,0,0.20213,-0.00099038,-0.042251
0.00054363,-0.015394,0.0010736,0.082916,-4.3773e-05,0.25536,0,0,0,0.20518,-0.00081715,-0.14822
0.00054127,-0.037666,0.0012083,0.084074,-5.1639e-05,0.25329,0,0,0,0.20824,-0.00076695,-0.25496
0.00054204,-0.060867,0.0013304,0.085342,-5.9318e-05,0.25021,0,0,0,0.21129,-0.00077039,-0.33391
0.00054427,-0.078733,0.001368,0.086504,-6.6793e-05,0.24763,0,0,0,0.21434,-0.00073891,-0.22568
0.0005479,-0.09324,0.0013612,0.087735,-7.4047e-05,0.24558,0,0,0,0.2174,-0.00071354,-0.18975
0.00055133,-0.10483,0.0013171,0.089114,-8.1003e-05,0.24404,0,0,0,0.22045,-0.00067676,-0.12573
0.00055386,-0.1139,0.0012594,0.090615,-8.7497e-05,0.24262,0,0,0,0.22351,-0.00063075,-0.13926
0.00055496,-0.1205,0.0011898,0.09228,-9.351e-05,0.24159,0,0,0,0.22656,-0.00057384,-0.074585
0.00055476,-0.12426,0.0011198,0.094147,-9.8834e-05,0.24119,0,0,0,0.22961,-0.00049709,-0.011888
0.00051866,-0.1252,0.0009399,0.096242,-9.9244e-05,0.24142,0,0,0,0.23267,9.1698e-05,0.052921
0.00050349,-0.12348,0.0011814,0.098609,-0.00010167,0.24227,0,0,0,0.23572,-0.00038392,0.11144
0.00047688,-0.11937,0.0013077,0.10129,-0.00010645,0.24366,0,0,0,0.23878,-0.0005425,0.16013
0.00045596,-0.11295,0.0013609,0.10429,-0.0001123,0.24539,0,0,0,0.24183,-0.00062578,0.17726
0.00045127,-0.10417,0.0013493,0.1076,-0.00011823,0.24737,0,0,0,0.24488,-0.0005347,0.2126
0.00046209,-0.093737,0.0013228,0.11119,-0.00012353,0.24926,0,0,0,0.24794,-0.00052819,0.18511
0.00047976,-0.081473,0.0012573,0.11507,-0.00012864,0.25136,0,0,0,0.25099,-0.00046118,0.22876
0.00047981,-0.066746,0.0011336,0.11932,-0.00013107,0.25386,0,0,0,0.25404,-0.00016274,0.26611
0.00048752,-0.049214,0.0012539,0.12392,-0.00013348,0.25666,0,0,0,0.2571,-0.00022334,0.25923
0.00047436,-0.030961,0.001247,0.12862,-0.00013658,0.25863,0,0,0,0.26015,-0.00036325,0.14697
0.000457,-0.01225,0.0012053,0.1333,-0.00014053,0.25956,0,0,0,0.26321,-0.0004099,0.050148
0.0004375,0.0065141,0.0011553,0.13789,-0.00014464,0.25958,0,0,0,0.26626,-0.00040652,-0.039008
0.00041926,0.024392,0.0011141,0.14244,-0.00014853,0.25869,0,0,0,0.26931,-0.0003795,-0.13206
0.00040216,0.04124,0.0010703,0.14699,-0.00015232,0.25685,0,0,0,0.27237,-0.0003889,-0.22588
0.00038474,0.058618,0.0010115,0.15148,-0.00015626,0.25413,0,0,0,0.27542,-0.00039877,-0.3111
0.000368,0.071615,0.00095297,0.15583,-0.00015971,0.25149,0,0,0,0.27848,-0.00030158,-0.21352
0.00035264,0.079117,0.00089356,0.15994,-0.00016241,0.2496,0,0,0,0.28153,-0.00024331,-0.1649
0.00033897,0.08328,0.00083059,0.16374,-0.00016448,0.24824,0,0,0,0.28458,-0.00017955,-0.11235
0.0003266,0.084841,0.00076677,0.16721,-0.00016596,0.24738,0,0,0,0.28764,-0.0001225,-0.067367
0.00031149,0.084584,0.00077049,0.17032,-0.00016657,0.24681,0,0,0,0.29069,-3.9234e-05,-0.052121
0.00029662,0.083104,0.0007668,0.17308,-0.00016689,0.24647,0,0,0,0.29375,0.00015938,-0.019712
0.00028836,0.080918,0.00078739,0.17556,-0.00016595,0.24606,0,0,0,0.2968,0.00011063,-0.047923
0.00028127,0.077751,0.00078049,0.17774,-0.00016484,0.24575,0,0,0,0.29985,6.92e-05,-0.017481
0.00027371,0.073071,0.00072047,0.17962,-0.000164,0.24573,0,0,0,0.30291,0.00010552,0.01136
0.00026655,0.066679,0.00069558,0.18123,-0.00016281,0.246,0,0,0,0.30596,0.00011621,0.041052
0.00025818,0.058006,0.00064319,0.18264,-0.00016138,0.24658,0,0,0,0.30902,0.00015338,0.071511
0.00024661,0.04635,0.00055563,0.18391,-0.00016035,0.24743,0,0,0,0.31207,9.9621e-05,0.095448
0.00023403,0.031344,0.00054577,0.18512,-0.00015912,0.24839,0,0,0,0.31512,0.00011685,0.09256
0.00022071,0.012173,0.00043299,0.18637,-0.0001574,0.24938,0,0,0,0.31818,0.00025389,0.10594
0.0002132,-0.010236,0.00041289,0.18766,-0.00015396,0.2501,0,0,0,0.32123,0.00039066,0.033024
0.00021193,-0.03304,0.00038944,0.18895,-0.00015016,0.2499,0,0,0,0.32428,0.00022368,-0.064238
0.00021078,-0.055928,0.00046016,0.19025,-0.00014535,0.24868,0,0,0,0.32734,0.00060554,-0.16853
0.00021169,-0.07906,0.00048159,0.19159,-0.0001409,0.24641,0,0,0,0.33039,0.00049355,-0.27379
0.00021447,-0.10227,0.0005543,0.19296,-0.00013579,0.24325,0,0,0,0.33345,0.00047832,-0.29711
0.00021676,-0.12056,0.00061953,0.19429,-0.00013141,0.24062,0,0,0,0.3365,0.00039935,-0.2335
0.00021905,-0.13546,0.00063814,0.19575,-0.00012791,0.23852,0,0,0,0.33955,0.0003116,-0.1916
0.00022123,-0.14701,0.0006145,0.1974,-0.00012515,0.237,0,0,0,0.34261,0.00025108,-0.121
0.000223,-0.15582,0.00057765,0.19922,-0.00012272,0.23566,0,0,0,0.34566,0.00023723,-0.12942
0.00022386,-0.16188,0.00053978,0.20125,-0.00012043,0.23476,0,0,0,0.34872,0.00022223,-0.057539
0.00022347,-0.16476,0.00050194,0.20355,-0.00011828,0.23457,0,0,0,0.35177,0.0002096,0.012733
0.00022093,-0.16452,0.00047732,0.20615,-0.0001159,0.23509,0,0,0,0.35482,0.00032731,0.079725
0.00021755,-0.16154,0.00045323,0.20911,-0.00011383,0.23629,0,0,0,0.35788,0.00020191,0.14832
0.00021347,-0.15609,0.00042577,0.21248,-0.00011195,0.23808,0,0,0,0.36093,0.00018179,0.20306
0.00020937,-0.14833,0.00039625,0.21627,-0.00011021,0.24027,0,0,0,0.36399,0.00016338,0.22495
0.00020627,-0.13829,0.0003575,0.2205,-0.00010866,0.24274,0,0,0,0.36704,0.00015493,0.26472
0.00020454,-0.12562,0.00030722,0.22557,-0.0001071,0.24539,0,0,0,0.37009,0.00013853,0.2343
0.00020349,-0.11225,0.00026352,0.23061,-0.00010567,0.248,0,0,0,0.37315,0.0001547,0.28266
0.00020043,-0.096429,0.00025042,0.23616,-0.00010393,0.25109,0,0,0,0.3762,0.00019604,0.32715
0.00019371,-0.078258,0.0002783,0.24222,-0.00010177,0.25454,0,0,0,0.37925,0.00021403,0.32591
0.00018634,-0.059487,0.00030317,0.24843,-9.9632e-05,0.25717,0,0,0,0.38231,0.00021858,0.21314
0.00017913,-0.040174,0.00033023,0.2546,-9.7486e-05,0.25878,0,0,0,0.38536,0.00021536,0.11781
0.00017321,-0.020792,0.00035663,0.26067,-9.527e-05,0.25949,0,0,0,0.38842,0.00022599,0.031176
0.00016779,-0.0023193,0.0003865,0.26669,-9.2959e-05,0.25932,0,0,0,0.39147,0.00023399,-0.060375
0.00016223,0.015142,0.00041525,0.27271,-9.0634e-05,0.25819,0,0,0,0.39452,0.00022226,-0.15487
0.00015598,0.033129,0.00043074,0.27865,-8.8546e-05,0.25617,0,0,0,0.39758,0.0002026,-0.24254
0.00014855,0.047809,0.00044351,0.28442,-8.6622e-05,0.254,0,0,0,0.40063,0.00017717,-0.16322
0.00013953,0.056733,0.00044814,0.28982,-8.5015e-05,0.25255,0,0,0,0.40369,0.00014732,-0.12594
0.00012985,0.06249,0.00044628,0.29486,-8.3669e-05,0.25153,0,0,0,0.40674,0.00012346,-0.084682
0.00011957,0.065753,0.00043833,0.29949,-8.2576e-05,0.25088,0,0,0,0.40979,9.8605e-05,-0.048959
0.00010867,0.06721,0.00042773,0.30373,-8.1685e-05,0.25047,0,0,0,0.41285,8.0009e-05,-0.041017
9.7244e-05,0.067514,0.00041288,0.30757,-8.1007e-05,0.25019,0,0,0,0.4159,5.8419e-05,-0.016922
8.7638e-05,0.067211,0.00043941,0.31111,-8.0797e-05,0.24976,0,0,0,0.41896,0.00010819,-0.056432
7.1493e-05,0.065851,0.0003247,0.31433,-8.1736e-05,0.24935,0,0,0,0.42201,1.9712e-05,-0.031609
5.8329e-05,0.062814,0.00030096,0.31723,-8.1621e-05,0.24915,0,0,0,0.42506,6.7808e-06,-0.010223
5.0948e-05,0.057763,0.00038191,0.31986,-8.0807e-05,0.24918,0,0,0,0.42812,0.00014983,0.014694
4.8613e-05,0.050035,0.00042856,0.32227,-7.9034e-05,0.24945,0,0,0,0.43117,0.00019745,0.038561
4.624e-05,0.038844,0.00044326,0.32456,-7.766e-05,0.24994,0,0,0,0.43422,0.00011276,0.057203
4.2931e-05,0.02385,0.00049022,0.32679,-7.6753e-05,0.25049,0,0,0,0.43728,5.6812e-05,0.050172
3.4917e-05,0.0041222,0.00048621,0.32908,-7.6282e-05,0.25104,0,0,0,0.44033,7.0581e-05,0.059543
2.912e-05,-0.019172,0.00051634,0.33144,-7.5546e-05,0.25127,0,0,0,0.44339,4.745e-05,-0.016428
2.9942e-05,-0.042917,0.00053246,0.33378,-7.4525e-05,0.25057,0,0,0,0.44644,0.00028333,-0.11426
3.3843e-05,-0.066785,0.00052382,0.33613,-7.3642e-05,0.24885,0,0,0,0.44949,0.00015368,-0.21818
3.5304e-05,-0.090952,0.00056235,0.33853,-7.2429e-05,0.24609,0,0,0,0.45255,0.00013928,-0.32274
3.4973e-05,-0.11526,0.00059607,0.34097,-7.1265e-05,0.24244,0,0,0,0.4556,0.00011484,-0.34361
3.6029e-05,-0.13466,0.00058336,0.34328,-7.0304e-05,0.23937,0,0,0,0.45866,8.729e-05,-0.27497
3.7899e-05,-0.15074,0.0005514,0.34566,-6.9444e-05,0.23687,0,0,0,0.46171,8.7551e-05,-0.232
3.8767e-05,-0.16367,0.00051283,0.34818,-6.8536e-05,0.23494,0,0,0,0.46476,9.2935e-05,-0.16137
3.8448e-05,-0.17391,0.00047446,0.35081,-6.7523e-05,0.23319,0,0,0,0.46782,0.00010663,-0.1703
5.1891e-05,-0.18152,0.00024697,0.3536,-6.6736e-05,0.23187,0,0,0,0.47087,6.7488e-05,-0.10078
8.4187e-05,-0.186,-3.1205e-05,0.3566,-6.4653e-05,0.23124,0,0,0,0.47393,0.00028696,-0.030573
0.00011058,-0.18733,-0.00020755,0.35983,-6.1108e-05,0.23134,0,0,0,0.47698,0.00040185,0.043328
0.00012146,-0.1856,-0.00023016,0.36336,-5.5243e-05,0.23217,0,0,0,0.48003,0.00061697,0.11448
0.00011847,-0.1811,-0.00025275,0.36722,-4.8996e-05,0.23363,0,0,0,0.48309,0.00058305,0.17011
0.00011041,-0.17416,-0.00027199,0.37145,-4.3325e-05,0.23549,0,0,0,0.48614,0.00055531,0.19086
0.0001008,-0.16484,-0.00028348,0.37608,-3.7706e-05,0.2376,0,0,0,0.48919,0.00057402,0.22768
0.00010147,-0.15384,-0.00018649,0.38104,-3.0016e-05,0.23966,0,0,0,0.49225,0.00072894,0.2013
0.0001015,-0.14086,-0.00013703,0.38638,-2.3176e-05,0.24194,0,0,0,0.4953,0.00065667,0.24784
8.3189e-05,-0.12518,2.5536e-05,0.39216,-1.5904e-05,0.24465,0,0,0,0.49836,0.00072694,0.28863
5.1505e-05,-0.10662,0.0002592,0.39842,-9.6368e-06,0.24781,0,0,0,0.50141,0.00056759,0.33788
2.7937e-05,-0.085576,0.00041744,0.40517,-3.9746e-06,0.25137,0,0,0,0.50446,0.00057505,0.33563
1.3669e-05,-0.064198,0.00059073,0.41208,2.5635e-06,0.25412,0,0,0,0.50752,0.00071767,0.22439
5.4963e-06,-0.042642,0.00081222,0.41895,1.0079e-05,0.25582,0,0,0,0.51057,0.0007585,0.12727
-9.9277e-07,-0.020633,0.0010325,0.42571,1.7562e-05,0.25666,0,0,0,0.51363,0.00073162,0.046483
-9.8227e-06,0.00086954,0.0012294,0.43237,2.4516e-05,0.25668,0,0,0,0.51668,0.00062951,-0.038314
-2.503e-05,0.021923,0.0013513,0.43897,3.0074e-05,0.25581,0,0,0,0.51973,0.00052057,-0.12975
-4.4095e-05,0.041105,0.0014586,0.44549,3.4912e-05,0.25438,0,0,0,0.52279,0.0004173,-0.089648
-6.977e-05,0.053857,0.0015257,0.45175,3.8277e-05,0.25361,0,0,0,0.52584,0.00027431,-0.065486
-9.9818e-05,0.063567,0.001556,0.45774,4.0428e-05,0.25312,0,0,0,0.5289,0.0001642,-0.035487
-0.00013392,0.070675,0.0015503,0.46343,4.1418e-05,0.25292,0,0,0,0.53195,5.0574e-05,-0.0089468
-0.00017156,0.075696,0.0015238,0.46883,4.1497e-05,0.25288,0,0,0,0.535,-3.0935e-05,-0.0064494
-0.00021155,0.079075,0.0014567,0.47395,4.0611e-05,0.25292,0,0,0,0.53806,-0.00019791,0.01317
-0.00024975,0.081379,0.0014578,0.47885,4.0089e-05,0.25278,0,0,0,0.54111,8.7255e-06,-0.025237
-0.0002842,0.082025,0.0014701,0.48354,4.0357e-05,0.25262,0,0,0,0.54417,0.00011617,-0.0071133
-0.00032096,0.080319,0.0016016,0.48802,4.0356e-05,0.25266,0,0,0,0.54722,-8.404e-05,0.012717
-0.00036292,0.075928,0.0015271,0.49235,3.8382e-05,0.25292,0,0,0,0.55027,-0.00026982,0.039051
-0.00040416,0.068223,0.0014619,0.49659,3.5365e-05,0.25346,0,0,0,0.55333,-0.00030568,0.067486
-0.00044141,0.0565,0.0013164,0.50084,3.283e-05,0.25427,0,0,0,0.55638,-0.00018996,0.094266
-0.00046715,0.040458,0.0012676,0.50514,3.1337e-05,0.25524,0,0,0,0.55943,-0.00013055,0.09671
-0.00048626,0.019568,0.0013344,0.50961,3.0976e-05,0.25624,0,0,0,0.56249,-4.191e-05,0.082661
-0.00050286,-0.0029478,0.0013646,0.51411,2.9974e-05,0.25652,0,0,0,0.56554,-0.00015441,-0.017515
-0.00052757,-0.026346,0.0014046,0.51867,2.834e-05,0.25574,0,0,0,0.5686,-0.00016343,-0.12365
-0.00055614,-0.050053,0.0014973,0.52328,2.6932e-05,0.25392,0,0,0,0.57165,-9.5338e-05,-0.22774
-0.00058636,-0.07381,0.0015357,0.5279,2.4836e-05,0.25107,0,0,0,0.5747,-0.00026749,-0.32951
-0.00061594,-0.097092,0.001532,0.5325,2.2293e-05,0.24737,0,0,0,0.57776,-0.00027432,-0.34591
-0.00064222,-0.11548,0.0015102,0.53687,1.9367e-05,0.24427,0,0,0,0.58081,-0.00030213,-0.27943
-0.0006774,-0.13092,0.0013013,0.54124,1.6698e-05,0.2417,0,0,0,0.58387,-0.0003586,-0.2408
-0.00068196,-0.14371,0.0015003,0.54571,1.2943e-05,0.23964,0,0,0,0.58692,-0.0001757,-0.17536
-0.00074282,-0.15419,-0.00020499,0.55027,1.0943e-05,0.23769,0,0,0,0.58997,0.00082734,-0.20823
-0.00084495,-0.163,-0.0050649,0.55499,7.265e-05,0.23597,0,0,0,0.59303,0.0089615,-0.13869
-0.001008,-0.16895,-0.0069576,0.5599,0.00017839,0.23497,0,0,0,0.59608,0.011105,-0.067517
-0.0013071,-0.1719,-0.0082847,0.56504,0.00029658,0.23471,0,0,0,0.59914,0.011726,0.011174
-0.0017367,-0.17179,-0.0092424,0.57047,0.0004087,0.23526,0,0,0,0.60219,0.01085,0.088929
-0.0022701,-0.16865,-0.0097187,0.57626,0.00050783,0.2365,0,0,0,0.60524,0.0099536,0.15064
-0.0028212,-0.16267,-0.010309,0.58243,0.00059792,0.23822,0,0,0,0.6083,0.0092275,0.17963
-0.0032761,-0.15401,-0.010104,0.58902,0.00069514,0.24027,0,0,0,0.61135,0.010107,0.22574
-0.0035306,-0.14345,-0.0094759,0.59598,0.00079897,0.24233,0,0,0,0.6144,0.010597,0.20082
-0.0036285,-0.13063,-0.0088718,0.60337,0.00090123,0.24465,0,0,0,0.61746,0.010396,0.2537
-0.003604,-0.11468,-0.0082671,0.61129,0.0010047,0.24747,0,0,0,0.62051,0.010144,0.3029
-0.0034586,-0.095367,-0.0082619,0.61977,0.0011056,0.25081,0,0,0,0.62357,0.0098761,0.35875
-0.0032022,-0.072961,-0.0088185,0.62885,0.0011966,0.2546,0,0,0,0.62662,0.0091413,0.35845
-0.0029416,-0.05027,-0.009187,0.63811,0.0012899,0.25757,0,0,0,0.62967,0.0094013,0.24406
-0.0026802,-0.027363,-0.0096115,0.64736,0.0013834,0.25946,0,0,0,0.63273,0.0092974,0.14518
-0.0024251,-0.0036811,-0.010192,0.65646,0.0014738,0.2605,0,0,0,0.63578,0.0088969,0.067643
-0.0021781,0.019505,-0.010743,0.66543,0.001562,0.26076,0,0,0,0.63884,0.0089818,-0.014744
-0.0019163,0.041793,-0.010981,0.67437,0.0016538,0.26012,0,0,0,0.64189,0.0093118,-0.10847
-0.0016156,0.061057,-0.010425,0.68316,0.001742,0.2591,0,0,0,0.64494,0.0078382,-0.061939
-0.0013307,0.074691,-0.010229,0.69157,0.0018189,0.25856,0,0,0,0.648,0.0075579,-0.047785
-0.0010636,0.085072,-0.009724,0.69965,0.0018911,0.25819,0,0,0,0.65105,0.0069401,-0.028789
-0.0008198,0.092862,-0.0092717,0.70738,0.0019566,0.25798,0,0,0,0.65411,0.0062784,-0.016023
-0.00059048,0.09854,-0.0089952,0.71477,0.0020171,0.25781,0,0,0,0.65716,0.0059385,-0.022134
-0.00036496,0.10274,-0.0088849,0.72183,0.0020733,0.25762,0,0,0,0.66021,0.0050383,-0.015938
-0.00017572,0.10618,-0.0090082,0.72864,0.0021187,0.25717,0,0,0,0.66327,0.0045186,-0.065828
1.1539e-05,0.10819,-0.0090719,0.73517,0.0021601,0.25662,0,0,0,0.66632,0.0037963,-0.051432
0.00019562,0.10817,-0.0092645,0.74143,0.0021953,0.25615,0,0,0,0.66937,0.0033529,-0.043179
0.00039712,0.10572,-0.009382,0.74747,0.002228,0.25578,0,0,0,0.67243,0.0032669,-0.028885
0.00061885,0.10013,-0.0093914,0.75335,0.0022588,0.25559,0,0,0,0.67548,0.0029659,-0.010964
0.0008713,0.090796,-0.0090506,0.75916,0.0022908,0.25554,0,0,0,0.67854,0.0031173,0.0036151
0.0011333,0.077377,-0.0086802,0.76498,0.002319,0.25555,0,0,0,0.68159,0.0026836,-0.0021641
0.0013844,0.059253,-0.0083302,0.77089,0.0023413,0.25558,0,0,0,0.68464,0.0014277,0.010952
0.0015937,0.03791,-0.0082882,0.77687,0.002353,0.25527,0,0,0,0.6877,0.0012417,-0.073835
0.001764,0.016119,-0.0078104,0.78285,0.0023658,0.25395,0,0,0,0.69075,0.0012364,-0.17719
0.0019198,-0.0058815,-0.0071447,0.78886,0.0023795,0.25159,0,0,0,0.69381,0.0015608,-0.2811
0.0020787,-0.028332,-0.0062814,0.79493,0.0023962,0.2482,0,0,0,0.69686,0.001987,-0.38438
0.0022128,-0.052112,-0.0049067,0.80113,0.0024175,0.24382,0,0,0,0.69991,0.0021439,-0.46054
0.0023331,-0.070415,-0.0037433,0.807,0.0024324,0.24016,0,0,0,0.70297,0.0012383,-0.33244
0.0024412,-0.086375,-0.0027361,0.81286,0.0024408,0.23711,0,0,0,0.70602,0.00057602,-0.28542
0.0025153,-0.099822,-0.0022349,0.81878,0.0024455,0.23466,0,0,0,0.70908,0.00041964,-0.21073
0.0026289,-0.11091,-0.0017403,0.82475,0.0024468,0.23241,0,0,0,0.71213,-1.8625e-05,-0.21969
0.0027311,-0.11961,-0.0013054,0.83082,0.0024429,0.23062,0,0,0,0.71518,-0.00058297,-0.14513
0.0028139,-0.1254,-0.0011029,0.83703,0.0024342,0.22957,0,0,0,0.71824,-0.0010772,-0.070617
0.002884,-0.12804,-0.0010254,0.84342,0.0024212,0.22929,0,0,0,0.72129,-0.0014475,0.0089964
0.0029165,-0.1276,-0.00085934,0.85008,0.0024046,0.22978,0,0,0,0.72434,-0.002144,0.081886
0.0029264,-0.12391,-0.0006578,0.85703,0.0023837,0.23096,0,0,0,0.7274,-0.0022735,0.14523
0.0029228,-0.11708,-0.00052183,0.86433,0.0023592,0.23259,0,0,0,0.73045,-0.0025818,0.16957
0.0029019,-0.10744,-0.00042888,0.87201,0.0023323,0.2345,0,0,0,0.73351,-0.0028082,0.20699
0.0028261,-0.095711,-0.00025368,0.88002,0.0022993,0.23636,0,0,0,0.73656,-0.0033628,0.18154
0.0027404,-0.08158,-8.7004e-05,0.88843,0.0022655,0.23844,0,0,0,0.73961,-0.0033546,0.22705
0.002643,-0.064246,0.00043032,0.89731,0.0022277,0.24094,0,0,0,0.74267,-0.0040324,0.26678
0.0025332,-0.043538,0.00085464,0.90667,0.0021842,0.24378,0,0,0,0.74572,-0.0045152,0.26217
0.0024319,-0.021984,0.0011892,0.91615,0.002139,0.24579,0,0,0,0.74878,-0.0045364,0.15059
0.0023377,0.00022496,0.0015461,0.92558,0.0020941,0.24678,0,0,0,0.75183,-0.0044583,0.055245
0.0022472,0.022729,0.0019453,0.93493,0.0020497,0.24687,0,0,0,0.75488,-0.0044718,-0.032547
0.0021518,0.044632,0.0022809,0.94424,0.0020043,0.24608,0,0,0,0.75794,-0.0046718,-0.1181
0.0020485,0.066495,0.0025206,0.9535,0.0019569,0.24441,0,0,0,0.76099,-0.0048292,-0.20957
0.0019484,0.087304,0.0026272,0.96266,0.0019089,0.24227,0,0,0,0.76405,-0.0045137,-0.14877
0.0018586,0.10181,0.0026966,0.97158,0.0018648,0.24099,0,0,0,0.7671,-0.0043255,-0.11188
0.0017714,0.11349,0.0027165,0.98025,0.0018239,0.24016,0,0,0,0.77015,-0.0037669,-0.060693
0.0016882,0.12226,0.0026854,0.98866,0.0017851,0.23997,0,0,0,0.77321,-0.003419,0.0046346
0.001642,0.12892,0.0030152,0.99683,0.0017552,0.24032,0,0,0,0.77626,-0.002924,0.058516
0.0016011,0.13406,0.0031495,1.0047,0.0017267,0.2411,0,0,0,0.77932,-0.0028867,0.091413
0.0015604,0.1386,0.0032469,1.0124,0.001697,0.24237,0,0,0,0.78237,-0.0029943,0.15645
0.0015139,0.14281,0.0033598,1.0198,0.0016673,0.24379,0,0,0,0.78542,-0.0029987,0.14519
0.0014482,0.14612,0.0033176,1.0269,0.0016373,0.24559,0,0,0,0.78848,-0.0029583,0.20954
0.0013699,0.14746,0.0034234,1.034,0.0016089,0.24801,0,0,0,0.79153,-0.0027407,0.26782
0.0012731,0.14589,0.0035888,1.041,0.0015827,0.25101,0,0,0,0.79458,-0.0025697,0.32855
0.001154,0.14062,0.0035833,1.0482,0.0015584,0.25462,0,0,0,0.79764,-0.0023266,0.39027
0.0010207,0.13127,0.0035168,1.0556,0.0015349,0.25882,0,0,0,0.80069,-0.0022811,0.44682
0.00088592,0.11771,0.0033842,1.0631,0.0015122,0.26344,0,0,0,0.80375,-0.0023433,0.47326
0.00077236,0.10033,0.0030319,1.0708,0.001489,0.26847,0,0,0,0.8068,-0.0023223,0.53201
0.00069771,0.079739,0.0027502,1.0787,0.0014671,0.27347,0,0,0,0.80985,-0.002218,0.45873
0.00065102,0.057371,0.0023417,1.0865,0.0014428,0.27743,0,0,0,0.81291,-0.0025715,0.34883
0.00062576,0.034334,0.0017528,1.0944,0.0014163,0.28032,0,0,0,0.81596,-0.0027056,0.24414
0.00061152,0.011593,0.00105,1.1024,0.0013893,0.28223,0,0,0,0.81902,-0.0027404,0.1532
0.00060053,-0.011185,0.00032344,1.1105,0.0013632,0.28333,0,0,0,0.82207,-0.0026554,0.095239
0.00055329,-0.029368,-0.00021861,1.1184,0.0013443,0.2851,0,0,0,0.82512,-0.0011927,0.26653
0.00047314,-0.042101,-0.00048263,1.1258,0.0013364,0.28829,0,0,0,0.82818,-0.00055058,0.35912
0.00039149,-0.053334,-0.00067975,1.1332,0.0013341,0.29255,0,0,0,0.83123,0.00011652,0.48069
0.00031794,-0.063088,-0.00057067,1.1406,0.0013402,0.29738,0,0,0,0.83429,0.0010095,0.50433
0.00026072,-0.07173,-0.00034564,1.1481,0.001353,0.30303,0,0,0,0.83734,0.0014677,0.61458
0.00021577,-0.078907,-0.00020882,1.1557,0.0013699,0.30973,0,0,0,0.84039,0.0018068,0.71381
0.000184,-0.085459,-0.00017863,1.1635,0.0013901,0.31726,0,0,0,0.84345,0.0020829,0.79195
0.00016265,-0.090965,-0.00030173,1.1715,0.0014127,0.32562,0,0,0,0.8465,0.002437,0.86214
0.0001536,-0.095379,-0.00042559,1.1798,0.0014397,0.3347,0,0,0,0.84955,0.0029186,0.93944
0.00015506,-0.098876,-0.00050156,1.1884,0.0014712,0.34431,0,0,0,0.85261,0.003332,0.97306
0.00013853,-0.10183,-0.00040344,1.1972,0.0015068,0.35433,0,0,0,0.85566,0.0037336,1.0271
0.00012526,-0.10445,-0.00032012,1.2062,0.0015444,0.36439,0,0,0,0.85872,0.0036915,1.0009
0.00014376,-0.10662,-0.00035562,1.2155,0.0015833,0.37468,0,0,0,0.86177,0.0040179,1.0413
0.00018568,-0.10858,-0.00040943,1.2252,0.0016243,0.38523,0,0,0,0.86482,0.0041771,1.0633
0.00024771,-0.11015,-0.00048821,1.2351,0.0016668,0.3959,0,0,0,0.86788,0.0043759,1.0485
0.00032017,-0.11129,-0.00048338,1.2451,0.0017112,0.4058,0,0,0,1.0041,0.0045048,0.94342
0.00039236,-0.11237,-0.00044846,1.2551,0.0017559,0.4147,0,0,0,1.0026,0.0044242,0.8461
0.00046449,-0.11349,-0.0004774,1.2652,0.0017995,0.42263,0,0,0,0.9984,0.0043127,0.75094
0.00053235,-0.11449,-0.00057165,1.2751,0.0018418,0.42962,0,0,0,0.9937,0.004198,0.65557
0.0005981,-0.11548,-0.0006929,1.285,0.0018835,0.43564,0,0,0,0.99276,0.0041804,0.55763
0.00066631,-0.11654,-0.00081907,1.295,0.0019252,0.44067,0,0,0,0.99267,0.0041721,0.45819
0.00073635,-0.11739,-0.00096584,1.3049,0.0019667,0.4447,0,0,0,0.99098,0.0041541,0.35847
0.00080649,-0.11801,-0.0011302,1.3148,0.002008,0.44774,0,0,0,0.98961,0.0041352,0.25938
0.00087617,-0.11855,-0.0013044,1.3247,0.0020492,0.44979,0,0,0,0.98872,0.0041178,0.1606
0.00094556,-0.11903,-0.0014878,1.3346,0.0020902,0.45085,0,0,0,0.98818,0.0041074,0.061818
0.0010151,-0.11948,-0.0016784,1.3444,0.0021312,0.45092,0,0,0,0.98778,0.0040987,-0.037041
0.001085,-0.11991,-0.001873,1.3543,0.0021722,0.45001,0,0,0,0.98783,0.0040956,-0.136
0.0011556,-0.12033,-0.0020734,1.3642,0.0022131,0.4481,0,0,0,0.98807,0.0040906,-0.2349
0.0012269,-0.12077,-0.0022797,1.3741,0.002254,0.44521,0,0,0,0.98856,0.004085,-0.33369
0.0012993,-0.12124,-0.0024938,1.384,0.0022948,0.44133,0,0,0,0.98924,0.0040792,-0.43225
0.0013729,-0.12175,-0.0027155,1.3939,0.0023357,0.43647,0,0,0,0.99022,0.0040762,-0.53082
0.0014479,-0.12233,-0.002943,1.4038,0.0023765,0.43061,0,0,0,0.99122,0.0040747,-0.62966
0.0015244,-0.12297,-0.0031755,1.4137,0.0024174,0.42377,0,0,0,0.99209,0.0040738,-0.72861
0.0016022,-0.12368,-0.003411,1.4236,0.0024582,0.41594,0,0,0,0.99323,0.0040747,-0.82745
0.001681,-0.1245,-0.0036476,1.4336,0.0024992,0.40712,0,0,0,0.99481,0.0040801,-0.92617
0.0017609,-0.12543,-0.0038868,1.4435,0.0025401,0.39732,0,0,0,0.99584,0.0040792,-1.0252
0.001842,-0.12643,-0.0041279,1.4535,0.0025812,0.38652,0,0,0,0.99833,0.0041002,-1.1239
0.0019234,-0.12774,-0.0043521,1.4635,0.0026226,0.37474,0,0,0,1.0028,0.0041392,-1.2223
0.0020023,-0.12944,-0.0045504,1.4735,0.0026644,0.36197,0,0,0,1.0083,0.0041804,-1.321
0.0020793,-0.13154,-0.004725,1.4837,0.0027066,0.34821,0,0,0,1.0128,0.0042215,-1.4197
0.0021543,-0.13396,-0.0048698,1.4938,0.0027492,0.33347,0,0,0,0.52814,0.0042579,-1.5188
0.0020315,-0.12678,-0.0056074,1.5034,0.0028193,0.31909,0,0,0,0.52809,0.0057824,-1.44
0.0020535,-0.11918,-0.0054201,1.5125,0.0028645,0.30504,0,0,0,0.52804,0.0038525,-1.3018
0.0020075,-0.11836,-0.0055031,1.5209,0.0029049,0.2918,0,0,0,0.52798,0.0039554,-1.3533
0.001948,-0.1147,-0.0057163,1.5289,0.002943,0.27791,0,0,0,0.52793,0.0025885,-1.3772
0.0018916,-0.1136,-0.0058202,1.5359,0.0029772,0.26601,0,0,0,0.52788,0.0032514,-1.0874
0.0018065,-0.11441,-0.0058557,1.5419,0.0030102,0.25625,0,0,0,0.52783,0.003331,-0.88639
0.0017263,-0.11659,-0.0054651,1.547,0.0030385,0.24845,0,0,0,0.52778,0.0025591,-0.69546
0.0016337,-0.11995,-0.0054043,1.5515,0.0030639,0.24234,0,0,0,0.52773,0.0025493,-0.53964
0.0015274,-0.12412,-0.0051605,1.5554,0.0030862,0.23758,0,0,0,0.52768,0.0019534,-0.43576
0.0014171,-0.12904,-0.0050463,1.5589,0.0031047,0.23388,0,0,0,0.52762,0.0017465,-0.31766
0.00129,-0.13438,-0.0049919,1.5622,0.0031235,0.23066,0,0,0,0.52757,0.0019803,-0.31057
0.0012248,-0.14075,-0.0045683,1.5652,0.0031396,0.22804,0,0,0,0.52752,0.001317,-0.22229
0.0011793,-0.14861,-0.0043061,1.5681,0.0031509,0.22627,0,0,0,0.52747,0.00090888,-0.14069
0.0011253,-0.15815,-0.0042984,1.571,0.0031572,0.22528,0,0,0,0.52742,0.00035521,-0.066433
0.00109,-0.16971,-0.0044701,1.5738,0.0031593,0.22498,0,0,0,0.52737,-8.9093e-05,-0.0015659
0.0010654,-0.18392,-0.0046161,1.5769,0.0031568,0.22522,0,0,0,0.52731,-0.00018492,0.047754
0.0010341,-0.19606,-0.0047572,1.5801,0.0031563,0.22584,0,0,0,0.52726,3.7735e-05,0.06724
0.0010029,-0.20518,-0.0049537,1.5833,0.0031578,0.22668,0,0,0,0.52721,-0.00038292,0.096313
0.00094898,-0.21205,-0.0049014,1.5866,0.0031604,0.22742,0,0,0,0.52716,0.00027212,0.065768
0.00089168,-0.21686,-0.0048621,1.5901,0.003163,0.22824,0,0,0,0.52711,0.00029744,0.09656
0.00084627,-0.21924,-0.0048689,1.5938,0.0031654,0.22938,0,0,0,0.52706,0.00044187,0.12755
0.00080718,-0.21922,-0.0048392,1.5977,0.0031698,0.23083,0,0,0,0.52701,0.00056969,0.16215
0.00077034,-0.21692,-0.0047047,1.602,0.0031772,0.23264,0,0,0,0.52695,0.00085627,0.19592
0.00073244,-0.21266,-0.0044977,1.6065,0.0031873,0.23477,0,0,0,0.5269,0.0011226,0.22679
0.00069321,-0.20664,-0.0042804,1.6114,0.0031997,0.2371,0,0,0,0.52685,0.0013044,0.23298
0.00065818,-0.1989,-0.0040665,1.6167,0.003214,0.23956,0,0,0,0.5268,0.0014802,0.25649
0.00064438,-0.18974,-0.00402,1.6222,0.0032301,0.24184,0,0,0,0.52675,0.0017971,0.21577
0.0006236,-0.17825,-0.0038512,1.6281,0.0032502,0.24413,0,0,0,0.5267,0.0021341,0.23646
0.00060581,-0.16352,-0.0036957,1.6344,0.0032725,0.24659,0,0,0,0.52664,0.0028073,0.25209
0.00061862,-0.14545,-0.0038088,1.6412,0.0032961,0.24931,0,0,0,0.52659,0.0024916,0.28496
0.0006424,-0.12381,-0.0040363,1.6484,0.0033214,0.25234,0,0,0,0.52654,0.002541,0.31677
0.00069224,-0.098506,-0.0043094,1.6561,0.003346,0.25564,0,0,0,0.52649,0.0025548,0.30788
0.00075042,-0.072586,-0.0043432,1.6638,0.0033708,0.25817,0,0,0,0.52644,0.0023647,0.20662
0.00080644,-0.045987,-0.0044336,1.6715,0.0033931,0.2598,0,0,0,0.52639,0.0021525,0.12613
0.00085824,-0.01958,-0.0045356,1.6789,0.0034145,0.26064,0,0,0,0.52634,0.0021914,0.043902
0.00091952,0.0058757,-0.0045456,1.6864,0.0034371,0.26058,0,0,0,0.52628,0.0023257,-0.049897
0.00099089,0.030568,-0.0044959,1.6938,0.0034605,0.25969,0,0,0,0.52623,0.0021269,-0.036624
0.0010612,0.047804,-0.0043944,1.7009,0.0034811,0.25938,0,0,0,0.52618,0.0019977,-0.024619
0.0011278,0.061396,-0.0042239,1.7077,0.0035,0.25924,0,0,0,0.52613,0.0018108,-0.0070826
0.0011901,0.071636,-0.00401,1.7142,0.003517,0.25926,0,0,0,0.52608,0.0015903,0.0084148
0.0012494,0.07895,-0.0036964,1.7204,0.0035312,0.25934,0,0,0,0.52603,0.0011262,0.0034891
0.0012927,0.084302,-0.0034336,1.7264,0.0035409,0.25941,0,0,0,0.52597,0.0008005,0.010399
0.0013198,0.088571,-0.0033343,1.732,0.003546,0.25924,0,0,0,0.52592,0.00045471,-0.031113
0.0013414,0.091719,-0.0032391,1.7374,0.0035494,0.25898,0,0,0,0.52587,0.00020765,-0.02026
0.0013608,0.093094,-0.0031858,1.7424,0.0035499,0.25883,0,0,0,0.52582,-0.00043339,-0.011192
0.0013687,0.092327,-0.0031808,1.7472,0.0035487,0.25877,0,0,0,0.52577,-0.00010406,0.00019032
0.0013818,0.088852,-0.0030901,1.7517,0.0035462,0.25883,0,0,0,0.52572,-0.00030386,0.012451
0.0014042,0.082151,-0.0029373,1.7559,0.0035434,0.259,0,0,0,0.52567,-0.00033356,0.022517
0.0014295,0.072074,-0.0026423,1.7601,0.0035398,0.25919,0,0,0,0.52561,-0.00038445,0.013777
0.0014562,0.058347,-0.0023927,1.7642,0.0035347,0.25938,0,0,0,0.52556,-0.0008071,0.024641
0.0014778,0.041671,-0.0023243,1.7683,0.0035259,0.25933,0,0,0,0.52551,-0.0012189,-0.018752
0.0014838,0.021533,-0.0024063,1.7724,0.0035119,0.25921,0,0,0,0.52546,-0.0015029,-0.028808
0.0014933,0.00047328,-0.002561,1.7765,0.0034968,0.25838,0,0,0,0.52541,-0.0013857,-0.12736
0.0015106,-0.020785,-0.0027151,1.7806,0.0034821,0.25652,0,0,0,0.52536,-0.0012962,-0.23259
0.0015268,-0.042818,-0.0027738,1.7848,0.0034683,0.25361,0,0,0,0.5253,-0.0014288,-0.33751
0.0015312,-0.065548,-0.0027831,1.789,0.0034542,0.24972,0,0,0,0.52525,-0.0013596,-0.41116
0.0015225,-0.083195,-0.0026974,1.7931,0.0034406,0.24634,0,0,0,0.5252,-0.0013124,-0.31017
0.0015054,-0.098114,-0.0025632,1.7971,0.0034283,0.24366,0,0,0,0.52515,-0.0011491,-0.23299
0.0014853,-0.11067,-0.0024034,1.8011,0.0034173,0.2412,0,0,0,0.5251,-0.0010644,-0.24082
0.0014626,-0.1212,-0.0022485,1.8053,0.003407,0.23919,0,0,0,0.52505,-0.0009904,-0.16741
0.0014236,-0.1294,-0.0020511,1.8096,0.0033981,0.23789,0,0,0,0.525,-0.00077534,-0.099384
0.0013586,-0.13513,-0.0016674,1.814,0.0033889,0.2373,0,0,0,0.52494,-0.0010002,-0.025006
0.001292,-0.13841,-0.0014193,1.8187,0.0033785,0.23746,0,0,0,0.52489,-0.0010809,0.048259
0.0012219,-0.13933,-0.001266,1.8236,0.0033667,0.23828,0,0,0,0.52484,-0.0016151,0.10921
0.0011531,-0.13777,-0.0012094,1.8288,0.0033507,0.23957,0,0,0,0.52479,-0.001635,0.13903
0.0010888,-0.13368,-0.0013296,1.8342,0.0033344,0.24122,0,0,0,0.52474,-0.0016054,0.18391
0.0010264,-0.1275,-0.0013992,1.8399,0.0033194,0.2428,0,0,0,0.52469,-0.001642,0.15011
0.00094089,-0.11911,-0.0014531,1.8459,0.0033044,0.24455,0,0,0,0.52464,-0.001407,0.19538
0.00085428,-0.1079,-0.0017683,1.8522,0.0032915,0.24673,0,0,0,0.52458,-0.0013213,0.23525
0.00077873,-0.093282,-0.0020693,1.8588,0.0032789,0.24934,0,0,0,0.52453,-0.0012366,0.28117
0.00072694,-0.075033,-0.0021794,1.8658,0.0032629,0.25241,0,0,0,0.52448,-0.0016536,0.3263
0.00067645,-0.053317,-0.0026664,1.8732,0.0032461,0.25583,0,0,0,0.52443,-0.0018077,0.31989
0.00063607,-0.030972,-0.0031508,1.8807,0.0032283,0.25843,0,0,0,0.52438,-0.0018504,0.21236
0.00059304,-0.0079829,-0.0037433,1.8881,0.0032094,0.26008,0,0,0,0.52433,-0.0018907,0.12343
0.00055093,0.014563,-0.0043735,1.8954,0.0031906,0.26085,0,0,0,0.52427,-0.0018597,0.036128
0.00051278,0.035953,-0.0049772,1.9027,0.0031727,0.26071,0,0,0,0.52422,-0.0016313,-0.057653
0.0004896,0.057037,-0.0053759,1.9099,0.0031585,0.25963,0,0,0,0.52417,-0.0013278,-0.15314
0.00052687,0.074798,-0.0049948,1.9171,0.0031467,0.25822,0,0,0,0.52412,-0.001504,-0.091346
0.00059069,0.085854,-0.0050798,1.9239,0.0031356,0.2574,0,0,0,0.52407,-0.0011153,-0.074222
0.00055821,0.093338,-0.0057869,1.9304,0.0031133,0.25682,0,0,0,0.52402,-0.0028143,-0.04494
0.00045983,0.097574,-0.0064113,1.9365,0.0030887,0.25644,0,0,0,0.52397,-0.001874,-0.039158
0.00042959,0.099845,-0.0065347,1.9423,0.0030779,0.25614,0,0,0,0.52391,-0.00033602,-0.022555
0.00047943,0.10108,-0.0066079,1.9479,0.0030762,0.25565,0,0,0,0.52386,0.000143,-0.059183
0.00057144,0.10128,-0.0065747,1.953,0.0030803,0.25516,0,0,0,0.52381,0.00085772,-0.045501
0.00066685,0.10004,-0.0065554,1.9578,0.0030843,0.25481,0,0,0,0.52376,0.00058022,-0.02725
0.00078451,0.097065,-0.0063997,1.9623,0.003091,0.25463,0,0,0,0.52371,0.00075318,-0.0067927
0.00091936,0.091975,-0.0064109,1.9664,0.0030993,0.25469,0,0,0,0.52366,0.00096179,0.015693
0.0010866,0.084228,-0.0061631,1.9704,0.0031119,0.25494,0,0,0,0.5236,0.001378,0.034784
0.0012651,0.073531,-0.0059036,1.9741,0.0031269,0.25528,0,0,0,0.52355,0.0018183,0.027218
0.0014575,0.059213,-0.0054082,1.9778,0.0031458,0.25565,0,0,0,0.5235,0.0018364,0.043047
0.0016371,0.041796,-0.0048469,1.9815,0.0031639,0.25577,0,0,0,0.52345,0.0015674,-0.00041165
0.0017727,0.020315,-0.0047414,1.9852,0.0031749,0.25578,0,0,0,0.5234,0.0010104,-0.015954
0.0018832,-0.0022963,-0.0045427,1.9889,0.0031848,0.25508,0,0,0,0.52335,0.00083751,-0.11377
0.0019912,-0.025056,-0.0044031,1.9925,0.0031941,0.25337,0,0,0,0.5233,0.00082021,-0.21774
0.0020869,-0.048515,-0.0040205,1.9963,0.0032054,0.2506,0,0,0,0.52324,0.0013965,-0.32284
0.0021692,-0.072379,-0.0033119,2.0001,0.0032199,0.24691,0,0,0,0.52319,0.0015548,-0.33724
0.0022529,-0.091329,-0.0027766,2.0038,0.0032335,0.24381,0,0,0,0.52314,0.0012276,-0.2859
0.0023253,-0.10746,-0.0025082,2.0074,0.0032445,0.24139,0,0,0,0.52309,0.001132,-0.20589
0.0023722,-0.12083,-0.0018447,2.0112,0.0032536,0.2392,0,0,0,0.52304,0.00067859,-0.21244
0.0023871,-0.13181,-0.0014604,2.015,0.0032587,0.23749,0,0,0,0.52299,0.0011389,-0.14011
0.0024333,-0.13992,-0.0014691,2.019,0.0032593,0.2365,0,0,0,0.52293,0.00023671,-0.066396
0.0024325,-0.145,-0.0010705,2.0232,0.00326,0.23625,0,0,0,0.52288,-0.0001411,0.010611
0.0024251,-0.14714,-0.00083653,2.0277,0.0032566,0.23678,0,0,0,0.52283,-0.00067979,0.08648
0.0023784,-0.14645,-0.00089914,2.0324,0.0032535,0.238,0,0,0,0.52278,-0.00034154,0.15107
0.0023671,-0.14305,-0.0007611,2.0374,0.0032446,0.2397,0,0,0,0.52273,-0.00095636,0.1771
0.0023314,-0.13712,-0.00069504,2.0427,0.0032335,0.2417,0,0,0,0.52268,-0.0012666,0.2179
0.0022705,-0.12909,-0.00079011,2.0484,0.0032206,0.24364,0,0,0,0.52263,-0.0013326,0.18932
0.002244,-0.11871,-0.001072,2.0543,0.0032059,0.24579,0,0,0,0.52257,-0.0014835,0.23487
0.0022022,-0.1051,-0.0012447,2.0606,0.0031904,0.24838,0,0,0,0.52252,-0.0016447,0.27696
0.0021405,-0.087833,-0.0013303,2.0672,0.0031726,0.25142,0,0,0,0.52247,-0.0019426,0.32582
0.002072,-0.067202,-0.001853,2.0743,0.0031525,0.25485,0,0,0,0.52242,-0.0021216,0.32214
0.0020108,-0.04604,-0.0022677,2.0815,0.0031321,0.25746,0,0,0,0.52237,-0.0020404,0.2115
0.0019517,-0.024707,-0.0027458,2.0886,0.0031118,0.25904,0,0,0,0.52232,-0.0020205,0.11349
0.0018961,-0.0029657,-0.003273,2.0957,0.0030917,0.25974,0,0,0,0.52227,-0.0019908,0.03258
0.0018453,0.01816,-0.0037917,2.1026,0.0030723,0.25962,0,0,0,0.52221,-0.001807,-0.052653
0.0018056,0.038603,-0.0041451,2.1095,0.003056,0.2586,0,0,0,0.52216,-0.0015626,-0.14589
0.0017737,0.057004,-0.0044606,2.1163,0.0030416,0.25702,0,0,0,0.52211,-0.0011816,-0.10082
0.0017667,0.068443,-0.0046734,2.1228,0.0030323,0.25613,0,0,0,0.52206,-0.00074813,-0.076994
0.0017775,0.07664,-0.0048012,2.129,0.0030267,0.25552,0,0,0,0.52201,-0.00040069,-0.0479
0.0018051,0.08202,-0.004849,2.1349,0.0030248,0.25519,0,0,0,0.52196,-4.3506e-05,-0.02355
0.001847,0.085212,-0.0048466,2.1404,0.0030258,0.25498,0,0,0,0.5219,0.00022228,-0.02355
0.0018989,0.086884,-0.0047315,2.1455,0.0030298,0.25483,0,0,0,0.52185,0.00047804,-0.0070485
0.00196,0.087593,-0.0045983,2.1504,0.0030354,0.25451,0,0,0,0.5218,0.00064166,-0.043147
0.0020188,0.087084,-0.0043842,2.155,0.0030416,0.25413,0,0,0,0.52175,0.00053349,-0.032141
0.0020711,0.084821,-0.0042711,2.1593,0.0030472,0.25388,0,0,0,0.5217,0.00056334,-0.017619
0.0021291,0.080435,-0.0040739,2.1634,0.0030554,0.25381,0,0,0,0.52165,0.0010749,0.0031441
0.0022014,0.073471,-0.0036601,2.1672,0.0030679,0.25395,0,0,0,0.5216,0.001367,0.023433
0.0022753,0.063293,-0.0031849,2.1709,0.0030834,0.25428,0,0,0,0.52154,0.0016283,0.041445
0.0023404,0.049717,-0.0026449,2.1746,0.0030997,0.25467,0,0,0,0.52149,0.0015869,0.035649
0.0023863,0.032171,-0.0022974,2.1782,0.0031152,0.25508,0,0,0,0.52144,0.0014351,0.047422
0.0024059,0.011479,-0.0021611,2.1819,0.0031267,0.25519,0,0,0,0.52139,0.0010696,-0.028236
0.0024214,-0.0096733,-0.0022292,2.1855,0.0031363,0.25437,0,0,0,0.52134,0.0008455,-0.12701
0.002444,-0.030893,-0.0024103,2.1892,0.0031456,0.25253,0,0,0,0.52129,0.00088884,-0.22968
0.0024634,-0.052388,-0.0026141,2.1928,0.0031544,0.24965,0,0,0,0.52123,0.00097052,-0.33369
0.0024716,-0.074848,-0.0026227,2.1966,0.0031647,0.24579,0,0,0,0.52118,0.0010234,-0.40949
0.002486,-0.092531,-0.0026347,2.2002,0.0031758,0.24255,0,0,0,0.52113,0.001153,-0.29284
0.0024895,-0.10833,-0.0025145,2.2037,0.0031871,0.23986,0,0,0,0.52108,0.0011019,-0.25195
0.0024845,-0.12229,-0.0023661,2.2074,0.0031978,0.23772,0,0,0,0.52103,0.0010392,-0.18416
0.0024772,-0.13441,-0.0022824,2.2112,0.0032066,0.23571,0,0,0,0.52098,0.00075578,-0.19795
0.0024565,-0.14494,-0.0020699,2.2151,0.0032147,0.2341,0,0,0,0.52093,0.00081497,-0.13071
0.0023963,-0.15336,-0.0017487,2.2192,0.0032208,0.23316,0,0,0,0.52087,0.00049176,-0.062158
0.0023261,-0.15942,-0.0015982,2.2234,0.0032245,0.23294,0,0,0,0.52082,0.00027876,0.011591
0.0022627,-0.16306,-0.0015029,2.2279,0.003226,0.23345,0,0,0,0.52077,-5.1792e-05,0.083324
0.0021645,-0.16433,-0.0015783,2.2325,0.0032288,0.23462,0,0,0,0.52072,0.00013685,0.14374
0.00207,-0.16305,-0.0016288,2.2375,0.0032293,0.23624,0,0,0,0.52067,-2.8425e-05,0.16999
0.0019631,-0.15917,-0.0016784,2.2427,0.003228,0.23817,0,0,0,0.52062,-0.00022253,0.21096
0.001848,-0.15324,-0.0017012,2.2482,0.0032248,0.24002,0,0,0,0.52056,-0.00032159,0.17941
0.0017246,-0.14526,-0.0016566,2.2539,0.0032211,0.24206,0,0,0,0.52051,-0.00041787,0.22322
0.0015982,-0.13435,-0.0016087,2.26,0.0032161,0.24453,0,0,0,0.52046,-0.00059816,0.26365
0.0014774,-0.12011,-0.001578,2.2664,0.0032093,0.24742,0,0,0,0.52041,-0.00073988,0.31045
0.0013737,-0.10235,-0.0015591,2.2732,0.003201,0.25079,0,0,0,0.52036,-0.00034087,0.35504
0.0013224,-0.081378,-0.0018479,2.2804,0.0031904,0.25453,0,0,0,0.52031,-0.0010177,0.35297
0.001272,-0.05984,-0.0020024,2.2876,0.0031809,0.25747,0,0,0,0.52026,-0.0010196,0.247
0.001221,-0.037612,-0.0022917,2.2948,0.0031698,0.25947,0,0,0,0.5202,-0.0011423,0.16022
0.0011707,-0.015882,-0.0026331,2.3019,0.0031585,0.26062,0,0,0,0.52015,-0.0011128,0.073562
0.0011251,0.0046306,-0.0029375,2.3089,0.003148,0.26085,0,0,0,0.5201,-0.00094954,-0.021179
0.0010897,0.024982,-0.0031178,2.3159,0.0031397,0.26013,0,0,0,0.52005,-0.00077659,-0.11713
0.0010597,0.044264,-0.0032754,2.3229,0.0031324,0.25869,0,0,0,0.52,-0.00060939,-0.084896
0.0010461,0.056137,-0.0033826,2.3295,0.0031277,0.25786,0,0,0,0.51995,-0.00036156,-0.07558
0.0010461,0.064327,-0.0034034,2.3358,0.0031255,0.25731,0,0,0,0.51989,-0.00012556,-0.04076
0.0010577,0.069066,-0.0033902,2.3419,0.0031251,0.25698,0,0,0,0.51984,3.0008e-05,-0.034272
0.0010772,0.071905,-0.0033424,2.3475,0.0031262,0.25671,0,0,0,0.51979,0.00017089,-0.02028
0.001099,0.073758,-0.0033194,2.3529,0.0031281,0.25623,0,0,0,0.51974,0.0001374,-0.063869
0.0011316,0.074555,-0.0031303,2.358,0.0031319,0.25569,0,0,0,0.51969,0.00034154,-0.047881
0.0011452,0.07375,-0.0030876,2.3627,0.0031339,0.25528,0,0,0,0.51964,0.00037746,-0.033974
0.0011573,0.071202,-0.0029081,2.367,0.0031363,0.25503,0,0,0,0.51959,0.00025398,-0.01566
0.0011721,0.066516,-0.0028131,2.3711,0.0031393,0.25498,0,0,0,0.51953,0.00034714,0.0045773
0.0011942,0.059134,-0.0026713,2.3749,0.0031439,0.25512,0,0,0,0.51948,0.00052329,0.022623
0.0012176,0.048762,-0.0025174,2.3786,0.0031497,0.25534,0,0,0,0.51943,0.00065002,0.017444
0.0012432,0.03485,-0.0023116,2.3822,0.003157,0.25557,0,0,0,0.51938,0.0007497,0.028479
0.0012688,0.017782,-0.0020104,2.3858,0.0031661,0.25554,0,0,0,0.51933,0.00095597,-0.014803
0.0012889,-0.0033289,-0.0019107,2.3894,0.003175,0.25541,0,0,0,0.51928,0.00088182,-0.03065
0.0013097,-0.02556,-0.0018493,2.393,0.0031834,0.25456,0,0,0,0.51923,0.00078168,-0.12952
0.0013339,-0.047945,-0.001825,2.3966,0.0031915,0.25269,0,0,0,0.51917,0.0008797,-0.23241
0.0013607,-0.071013,-0.0017414,2.4003,0.0032006,0.24979,0,0,0,0.51912,0.00094754,-0.33714
0.00138,-0.094466,-0.0015727,2.404,0.0032102,0.24595,0,0,0,0.51907,0.00094188,-0.35374
0.0013977,-0.11325,-0.0014336,2.4076,0.003219,0.24268,0,0,0,0.51902,0.00083461,-0.3039
0.0014102,-0.12946,-0.0013923,2.4111,0.0032268,0.24007,0,0,0,0.51897,-0.00025336,-0.22875
0.0014287,-0.14312,-0.001321,2.4148,0.0032344,0.23766,0,0,0,0.51892,0.00073751,-0.23593
0.0014325,-0.15464,-0.0012293,2.4185,0.003241,0.2357,0,0,0,0.51886,0.00060305,-0.16264
0.0014087,-0.16355,-0.0012806,2.4224,0.0032473,0.23447,0,0,0,0.51881,0.00050306,-0.091077
0.0014063,-0.16965,-0.0011719,2.4265,0.0032513,0.23394,0,0,0,0.51876,0.00043899,-0.020466
0.0013812,-0.17273,-0.0011436,2.4307,0.0032551,0.23412,0,0,0,0.51871,0.00033314,0.051384
0.0013485,-0.17323,-0.0011302,2.4352,0.0032578,0.23501,0,0,0,0.51866,0.00025027,0.11927
0.0013012,-0.17132,-0.0011397,2.44,0.0032605,0.23641,0,0,0,0.51861,0.00019116,0.15006
0.0012511,-0.16694,-0.0011225,2.4451,0.0032619,0.23817,0,0,0,0.51856,9.6331e-05,0.19457
0.0011948,-0.16054,-0.0011072,2.4504,0.0032625,0.23986,0,0,0,0.5185,1.7663e-05,0.1638
0.0011322,-0.15196,-0.0011182,2.4561,0.0032626,0.24176,0,0,0,0.51845,-0.00068892,0.20742
0.001072,-0.14038,-0.0011356,2.4621,0.0032616,0.24409,0,0,0,0.5184,-0.00013641,0.2508
0.0010049,-0.12539,-0.001114,2.4685,0.0032596,0.24687,0,0,0,0.51835,-0.00026204,0.29985
0.00094101,-0.1068,-0.001101,2.4753,0.0032564,0.25016,0,0,0,0.5183,-0.00038201,0.35021
0.00088995,-0.084992,-0.0011887,2.4825,0.0032526,0.25383,0,0,0,0.51825,-0.00035796,0.34639
0.00083454,-0.062694,-0.0011684,2.4897,0.003249,0.2567,0,0,0,0.51819,-0.00036278,0.2408
0.00077954,-0.039704,-0.0011723,2.4969,0.0032452,0.25865,0,0,0,0.51814,-0.00039744,0.15475
0.00072661,-0.01717,-0.0011707,2.504,0.0032415,0.25974,0,0,0,0.51809,-0.00033021,0.068096
0.0006781,0.0041625,-0.0011239,2.5111,0.0032387,0.25991,0,0,0,0.51804,-0.00025641,-0.027116
0.00063264,0.025331,-0.0010604,2.5181,0.0032363,0.25913,0,0,0,0.51799,-0.00023637,-0.12335
0.00058838,0.044611,-0.0010063,2.5251,0.003234,0.25778,0,0,0,0.51794,-0.00022573,-0.075525
0.00054676,0.056612,-0.00095759,2.5317,0.0032319,0.2571,0,0,0,0.51789,-0.0002116,-0.060447
0.00050701,0.064747,-0.00090781,2.5381,0.0032298,0.2567,0,0,0,0.51783,-0.0002025,-0.024368
0.00046923,0.069308,-0.00086584,2.5441,0.0032278,0.25654,0,0,0,0.51778,-0.0002021,-0.018274
0.000433,0.072016,-0.00082941,2.5498,0.0032258,0.25643,0,0,0,0.51773,-0.0002056,-0.0053798
0.00040147,0.073766,-0.00074554,2.5552,0.0032244,0.25609,0,0,0,0.51768,-0.00025892,-0.048224
0.00036789,0.074541,-0.00074475,2.5603,0.0032222,0.25566,0,0,0,0.51763,-8.2641e-05,-0.037603
0.00035479,0.073772,-0.00067196,2.5651,0.0032214,0.25534,0,0,0,0.51758,-0.00020441,-0.026576
0.00033787,0.071277,-0.00064123,2.5695,0.0032203,0.25516,0,0,0,0.51752,4.524e-08,-0.0094745
0.00032705,0.066693,-0.00043022,2.5736,0.00322,0.25517,0,0,0,0.51747,-9.2753e-05,0.0098452
0.0003058,0.059484,-0.00037333,2.5776,0.0032182,0.25535,0,0,0,0.51742,-0.000218,0.026717
0.00028363,0.049338,-0.00020787,2.5813,0.0032156,0.2556,0,0,0,0.51737,-0.00034133,0.021436
0.000252,0.035661,-0.00017557,2.5851,0.0032116,0.25586,0,0,0,0.51732,-0.00039348,0.031965
0.00021546,0.018908,-0.00018681,2.5888,0.0032071,0.25587,0,0,0,0.51727,-0.00057111,-0.016285
0.00017673,-0.0018212,-7.7293e-05,2.5925,0.0032033,0.25576,0,0,0,0.51722,-0.00040486,-0.029248
0.00014258,-0.023674,-7.917e-05,2.5962,0.0031989,0.25492,0,0,0,0.51716,-0.00053971,-0.12848
0.00011674,-0.045686,-0.00010877,2.5999,0.0031948,0.25306,0,0,0,0.51711,-0.00042287,-0.23183
9.1305e-05,-0.06833,-0.00016105,2.6037,0.0031906,0.25016,0,0,0,0.51706,-0.00049575,-0.33604
6.3633e-05,-0.091807,-0.00028363,2.6076,0.0031853,0.24627,0,0,0,0.51701,-0.00053685,-0.4118
3.6707e-05,-0.11019,-0.00039644,2.6112,0.0031811,0.24292,0,0,0,0.51696,-0.00036572,-0.31329
9.2006e-06,-0.12609,-0.00046275,2.6149,0.0031781,0.24023,0,0,0,0.51691,-0.00025001,-0.23356
-1.9594e-05,-0.13951,-0.00050062,2.6186,0.003176,0.23777,0,0,0,0.51685,-0.00018574,-0.23969
-5.1624e-05,-0.15084,-0.00052302,2.6224,0.0031746,0.23579,0,0,0,0.5168,-0.00010736,-0.1641
-8.6647e-05,-0.15957,-0.00053208,2.6265,0.0031739,0.23455,0,0,0,0.51675,-3.1618e-05,-0.089787
-0.00012368,-0.16568,-0.00053487,2.6307,0.003174,0.23404,0,0,0,0.5167,2.6558e-05,-0.016642
-0.00016113,-0.16919,-0.00053989,2.6351,0.0031746,0.2343,0,0,0,0.51665,7.9657e-05,0.059036
-0.00019706,-0.17009,-0.00056366,2.6398,0.0031754,0.23525,0,0,0,0.5166,0.00012921,0.12527
-0.00024651,-0.16843,-0.00065176,2.6448,0.003178,0.23671,0,0,0,0.51655,0.00022615,0.15544
-0.00027529,-0.16427,-0.000583,2.65,0.0031793,0.23852,0,0,0,0.51649,-0.00056303,0.19693
-0.00033353,-0.15806,-0.00026935,2.6556,0.0031808,0.24026,0,0,0,0.51644,5.529e-05,0.16813
-0.00040112,-0.14966,-8.0319e-05,2.6614,0.0031815,0.2422,0,0,0,0.51639,0.00013085,0.21456
-0.00046642,-0.13823,2.2217e-05,2.6676,0.0031833,0.24459,0,0,0,0.51634,0.00021487,0.25652
-0.00051443,-0.12333,0.0003525,2.6741,0.0031844,0.2474,0,0,0,0.51629,0.00016102,0.30254
-0.00056312,-0.1047,0.00076771,2.681,0.003186,0.25071,0,0,0,0.51624,0.0001576,0.3508
-0.00061208,-0.082717,0.00091321,2.6884,0.0031901,0.25439,0,0,0,0.51619,0.0003479,0.34759
-0.00064411,-0.060178,0.00096057,2.6958,0.0031933,0.25728,0,0,0,0.51613,0.00032589,0.24181
-0.00068405,-0.036929,0.0010402,2.7032,0.0031963,0.25923,0,0,0,0.51608,0.00025326,0.15571
-0.00072892,-0.014148,0.001103,2.7104,0.0031983,0.26034,0,0,0,0.51603,0.00015906,0.069391
-0.00077783,0.0074086,0.0011436,2.7176,0.0031996,0.26053,0,0,0,0.51598,0.00010419,-0.025706
-0.00082892,0.02875,0.0011686,2.7248,0.0032006,0.25976,0,0,0,0.51593,9.2319e-05,-0.12238
-0.00088076,0.048224,0.0011696,2.7319,0.0032015,0.2584,0,0,0,0.51588,7.1096e-05,-0.079565
-0.00093326,0.060629,0.0011277,2.7387,0.0032022,0.25764,0,0,0,0.66847,6.686e-05,-0.074385
-0.00098548,0.070163,0.001063,2.7452,0.0032029,0.25694,0,0,0,0.63963,8.2443e-05,-0.067881
-0.0010364,0.076979,0.00098645,2.7515,0.0032039,0.25631,0,0,0,0.60961,0.00011141,-0.058904
-0.0010855,0.08129,0.00090495,2.7574,0.0032053,0.25578,0,0,0,0.57853,0.00014827,-0.047359
-0.0011312,0.083695,0.00080949,2.763,0.0032078,0.25534,0,0,0,0.54588,0.00024982,-0.042475
-0.0011815,0.084638,0.00076055,2.7683,0.0032113,0.25494,0,0,0,0.51267,0.00056642,-0.038785
-0.0012232,0.084034,0.00077075,2.7732,0.0032151,0.25455,0,0,0,0.47981,0.00031018,-0.038652
-0.0012624,0.081945,0.00068218,2.7778,0.0032192,0.25415,0,0,0,0.44885,0.0002949,-0.039204
-0.0013011,0.078452,0.00048525,2.7822,0.0032223,0.25375,0,0,0,0.42037,0.00027784,-0.042192
-0.0013251,0.073616,0.000432,2.7862,0.0032281,0.25335,0,0,0,0.39288,0.00058492,-0.041218
-0.001351,0.067459,0.00027592,2.79,0.003234,0.25291,0,0,0,0.3666,0.00059848,-0.044121
-0.0013663,0.060045,0.00018166,2.7935,0.0032401,0.25244,0,0,0,0.34034,0.00061541,-0.049031
-0.0013812,0.051482,3.8785e-05,2.7968,0.0032465,0.25191,0,0,0,0.31305,0.00070369,-0.058192
-0.001392,0.041906,-6.1503e-05,2.7997,0.0032534,0.25131,0,0,0,0.28365,0.00070253,-0.062555
-0.0014012,0.031523,-9.8608e-05,2.8024,0.0032621,0.25064,0,0,0,0.2541,0.0010051,-0.073425
-0.0014136,0.02044,-0.00018506,2.8048,0.0032698,0.24988,0,0,0,0.22365,0.00080105,-0.078191
-0.0014334,0.0088522,-0.00025919,2.8069,0.0032785,0.24906,0,0,0,0.19464,0.00095082,-0.083758
-0.001441,-0.0031698,-0.00027374,2.8087,0.0032885,0.24819,0,0,0,0.16676,0.00097373,-0.089584
-0.0014589,-0.015555,-0.00038084,2.8102,0.0032966,0.24727,0,0,0,0.13845,0.00079096,-0.092892
-0.0014795,-0.028316,-0.00049152,2.8114,0.0033066,0.24632,0,0,0,0.11116,0.0012067,-0.09632
-0.0014611,-0.041316,-0.00041676,2.8123,0.0033166,0.24534,0,0,0,0.077046,-0.00085769,-0.091694
-0.0014742,-0.053556,-0.00054143,2.8129,0.0033239,0.2445,0,0,0,0.042513,0.00074905,-0.081879
-0.001491,-0.065965,-0.00063602,2.8132,0.0033319,0.24371,0,0,0,0.012986,0.00083125,-0.076941
-0.0015116,-0.078534,-0.00072539,2.8131,0.0033416,0.24296,0,0,0,-0.016267,0.0010866,-0.072755
-0.0015299,-0.091309,-0.00074767,2.8128,0.0033531,0.24225,0,0,0,-0.045393,0.0011013,-0.068685
-0.0015492,-0.1043,-0.00076747,2.8122,0.003366,0.24159,0,0,0,-0.074285,0.0013776,-0.065395
-0.0015669,-0.11753,-0.00083627,2.8113,0.0033784,0.24094,0,0,0,-0.10305,0.0012119,-0.062935
-0.0015881,-0.13106,-0.00096794,2.8101,0.0033911,0.24033,0,0,0,-0.13187,0.0013171,-0.060466
-0.0016099,-0.14492,-0.0011007,2.8086,0.0034048,0.23974,0,0,0,-0.16071,0.0014212,-0.058314
-0.0016319,-0.15916,-0.0012347,2.8069,0.0034196,0.23917,0,0,0,-0.18964,0.0015254,-0.056511
-0.0016536,-0.17383,-0.0013636,2.8048,0.0034354,0.23861,0,0,0,-0.21846,0.0016411,-0.055662
-0.0016745,-0.18902,-0.0014784,2.8025,0.0034523,0.23805,0,0,0,-0.24598,0.0017166,-0.058387
-0.00080952,-0.19537,0.0028086,2.8001,0.0032781,0.23881,0,0,0,-0.24272,-0.022399,0.11445
0.00025288,-0.20006,0.0038494,2.7975,0.0030626,0.23995,0,0,0,-0.26107,-0.019274,0.11656
0.00131,-0.20512,0.0033028,2.7948,0.0029004,0.24114,0,0,0,-0.28063,-0.013525,0.12122
