0.025111,-0.77609,1.8127,-0.025113,-0.77618,1.8128,0.039159,-0.76886,1.841,-0.0391,-0.76876,1.8409
0.025111,-0.77609,1.8127,-0.025113,-0.77618,1.8128,0.039159,-0.76886,1.841,-0.0391,-0.76876,1.8409
0.024866,-0.77612,1.8123,-0.02498,-0.77616,1.8128,0.038796,-0.76898,1.8404,-0.038975,-0.76873,1.8409
0.024918,-0.77613,1.8123,-0.024928,-0.77616,1.8128,0.038872,-0.76898,1.8404,-0.038901,-0.76875,1.8409
0.02493,-0.77613,1.8123,-0.024916,-0.77617,1.8128,0.038905,-0.76899,1.8404,-0.03887,-0.76876,1.8409
0.024932,-0.77614,1.8124,-0.024915,-0.77617,1.8128,0.038925,-0.76899,1.8405,-0.038852,-0.76877,1.841
0.024928,-0.77614,1.8124,-0.024921,-0.77617,1.8129,0.038933,-0.76899,1.8405,-0.038847,-0.76877,1.841
0.024922,-0.77615,1.8125,-0.024927,-0.77617,1.8129,0.038931,-0.76901,1.8406,-0.03885,-0.76878,1.841
0.024924,-0.77615,1.8125,-0.024925,-0.77616,1.8129,0.038936,-0.76901,1.8406,-0.038847,-0.76877,1.8411
0.024925,-0.77615,1.8125,-0.024926,-0.77614,1.8129,0.038937,-0.76901,1.8407,-0.038847,-0.76876,1.8411
0.024865,-0.77614,1.8126,-0.02461,-0.77615,1.8124,0.038881,-0.76899,1.8407,-0.038905,-0.76874,1.8411
0.024845,-0.77615,1.8126,-0.02463,-0.77614,1.8124,0.038848,-0.769,1.8407,-0.038939,-0.76874,1.8411
0.024827,-0.77616,1.8127,-0.02465,-0.77614,1.8124,0.038827,-0.76899,1.8407,-0.038961,-0.76873,1.8411
0.024805,-0.77616,1.8127,-0.024673,-0.77613,1.8125,0.038807,-0.76899,1.8408,-0.038982,-0.76873,1.8411
0.024797,-0.77616,1.8127,-0.024681,-0.77613,1.8125,0.038808,-0.76898,1.8408,-0.038982,-0.76872,1.8411
0.02479,-0.77615,1.8128,-0.02469,-0.77612,1.8125,0.038814,-0.76896,1.8408,-0.038977,-0.76871,1.8412
0.02478,-0.77615,1.8128,-0.0247,-0.77612,1.8125,0.038822,-0.76894,1.8408,-0.038969,-0.7687,1.8412
0.024771,-0.77615,1.8129,-0.024711,-0.77612,1.8125,0.038831,-0.76892,1.8408,-0.038961,-0.7687,1.8412
0.024761,-0.77615,1.8129,-0.024721,-0.77612,1.8125,0.03884,-0.76891,1.8408,-0.038953,-0.7687,1.8412
0.024753,-0.77615,1.813,-0.024731,-0.77611,1.8125,0.038847,-0.7689,1.8408,-0.038946,-0.7687,1.8412
0.024689,-0.77615,1.813,-0.024795,-0.77612,1.8126,0.03879,-0.7689,1.8408,-0.038522,-0.76883,1.8406
0.024672,-0.77615,1.813,-0.024812,-0.77611,1.8126,0.038754,-0.76891,1.8409,-0.038559,-0.76883,1.8406
0.024672,-0.77615,1.813,-0.024813,-0.77611,1.8126,0.03873,-0.76893,1.8409,-0.038586,-0.76882,1.8406
0.024678,-0.77615,1.813,-0.024806,-0.7761,1.8126,0.038711,-0.76895,1.841,-0.038607,-0.76882,1.8407
0.024689,-0.77615,1.813,-0.024797,-0.77609,1.8126,0.038695,-0.76896,1.841,-0.038624,-0.76881,1.8407
0.0247,-0.77615,1.813,-0.024786,-0.77608,1.8126,0.038683,-0.76897,1.841,-0.038638,-0.76881,1.8407
0.02471,-0.77614,1.813,-0.024776,-0.77607,1.8127,0.038675,-0.76898,1.8411,-0.038649,-0.7688,1.8408
0.024719,-0.77613,1.813,-0.024767,-0.77606,1.8127,0.038669,-0.76897,1.8411,-0.038656,-0.76879,1.8408
0.024727,-0.77612,1.813,-0.024759,-0.77605,1.8127,0.038666,-0.76897,1.8411,-0.038661,-0.76879,1.8408
0.024733,-0.7761,1.8129,-0.024753,-0.77604,1.8127,0.038665,-0.76896,1.8411,-0.038663,-0.76878,1.8408
0.024738,-0.77608,1.8129,-0.024749,-0.77603,1.8127,0.038666,-0.76895,1.8411,-0.038663,-0.76878,1.8409
0.024741,-0.77607,1.8129,-0.024745,-0.77603,1.8128,0.038668,-0.76894,1.8411,-0.038661,-0.76878,1.8409
0.024744,-0.77605,1.8129,-0.024743,-0.77602,1.8128,0.038671,-0.76893,1.8411,-0.038659,-0.76878,1.8409
0.024746,-0.77603,1.8129,-0.024741,-0.77602,1.8128,0.038675,-0.76892,1.8411,-0.038656,-0.76878,1.841
0.024747,-0.77602,1.8129,-0.02474,-0.77601,1.8128,0.038679,-0.76891,1.8411,-0.038653,-0.76878,1.841
0.024748,-0.776,1.8128,-0.024738,-0.77601,1.8128,0.038682,-0.7689,1.8411,-0.03865,-0.76878,1.841
0.02475,-0.77599,1.8128,-0.024737,-0.77601,1.8128,0.038686,-0.76889,1.8411,-0.038647,-0.76879,1.841
0.024751,-0.77598,1.8128,-0.024735,-0.77601,1.8128,0.038688,-0.76888,1.8411,-0.038645,-0.76879,1.8411
0.024753,-0.77597,1.8128,-0.024734,-0.77601,1.8128,0.03869,-0.76888,1.8411,-0.038643,-0.76879,1.8411
0.024754,-0.77596,1.8128,-0.024732,-0.77601,1.8129,0.038691,-0.76887,1.8411,-0.038642,-0.7688,1.8411
0.024756,-0.77596,1.8128,-0.02473,-0.77602,1.8129,0.038692,-0.76887,1.8411,-0.038641,-0.7688,1.8411
0.024758,-0.77595,1.8128,-0.024728,-0.77602,1.8129,0.038692,-0.76886,1.8411,-0.038641,-0.7688,1.8411
0.024759,-0.77595,1.8127,-0.024727,-0.77602,1.8129,0.038692,-0.76886,1.841,-0.038641,-0.7688,1.8411
0.024761,-0.77595,1.8127,-0.024725,-0.77603,1.8129,0.038692,-0.76886,1.841,-0.038641,-0.76881,1.8411
0.024762,-0.77595,1.8127,-0.024724,-0.77603,1.8129,0.038691,-0.76886,1.841,-0.038642,-0.76881,1.8411
0.024763,-0.77595,1.8127,-0.024723,-0.77604,1.8129,0.03869,-0.76886,1.841,-0.038642,-0.76881,1.8411
0.024764,-0.77596,1.8127,-0.024723,-0.77604,1.8129,0.03869,-0.76887,1.841,-0.038642,-0.76881,1.8411
0.024764,-0.77596,1.8127,-0.024722,-0.77605,1.8129,0.038689,-0.76887,1.841,-0.038643,-0.76882,1.8411
0.024764,-0.77596,1.8127,-0.024722,-0.77606,1.8129,0.038689,-0.76887,1.841,-0.038643,-0.76882,1.8411
0.024763,-0.77597,1.8127,-0.024723,-0.77606,1.8129,0.038688,-0.76888,1.841,-0.038643,-0.76882,1.8411
0.024763,-0.77598,1.8127,-0.024724,-0.77607,1.8129,0.038688,-0.76888,1.841,-0.038643,-0.76882,1.8411
0.024761,-0.77598,1.8127,-0.024725,-0.77607,1.8129,0.038688,-0.76888,1.841,-0.038643,-0.76883,1.8411
0.02476,-0.77599,1.8127,-0.024726,-0.77608,1.8129,0.038687,-0.76889,1.841,-0.038642,-0.76883,1.8411
0.024759,-0.776,1.8127,-0.024728,-0.77608,1.8129,0.038687,-0.76889,1.841,-0.038642,-0.76883,1.841
0.024757,-0.776,1.8127,-0.024729,-0.77609,1.8129,0.038687,-0.7689,1.841,-0.038642,-0.76883,1.841
0.024755,-0.77601,1.8127,-0.024731,-0.77609,1.8129,0.038687,-0.7689,1.841,-0.038641,-0.76884,1.841
0.024754,-0.77602,1.8128,-0.024733,-0.7761,1.8129,0.038687,-0.7689,1.841,-0.038641,-0.76884,1.841
0.024752,-0.77603,1.8128,-0.024735,-0.7761,1.8129,0.038687,-0.76891,1.841,-0.038641,-0.76884,1.841
0.02475,-0.77603,1.8128,-0.024736,-0.77611,1.8129,0.038687,-0.76891,1.841,-0.03864,-0.76884,1.841
0.024749,-0.77604,1.8128,-0.024738,-0.77611,1.8129,0.038687,-0.76892,1.841,-0.03864,-0.76884,1.841
0.024747,-0.77604,1.8128,-0.024739,-0.77611,1.8129,0.038687,-0.76892,1.841,-0.03864,-0.76884,1.841
0.024746,-0.77605,1.8128,-0.024741,-0.77612,1.8129,0.038687,-0.76892,1.841,-0.038639,-0.76884,1.841
0.024744,-0.77605,1.8128,-0.024742,-0.77612,1.8129,0.038687,-0.76893,1.841,-0.038639,-0.76884,1.841
0.024743,-0.77606,1.8128,-0.024743,-0.77612,1.8129,0.038687,-0.76893,1.841,-0.038639,-0.76884,1.8409
0.024742,-0.77606,1.8128,-0.024744,-0.77612,1.8129,0.038687,-0.76893,1.841,-0.038639,-0.76884,1.8409
0.024741,-0.77606,1.8128,-0.024745,-0.77612,1.8129,0.038687,-0.76893,1.841,-0.038639,-0.76884,1.8409
0.02474,-0.77606,1.8128,-0.024746,-0.77612,1.8129,0.038687,-0.76893,1.841,-0.038639,-0.76884,1.8409
0.02474,-0.77607,1.8128,-0.024747,-0.77612,1.8129,0.038687,-0.76894,1.841,-0.038639,-0.76884,1.8409
0.024739,-0.77607,1.8128,-0.024747,-0.77612,1.8129,0.038688,-0.76894,1.841,-0.038638,-0.76884,1.8409
0.024739,-0.77607,1.8128,-0.024748,-0.77612,1.8129,0.038688,-0.76894,1.841,-0.038638,-0.76884,1.8409
0.024739,-0.77607,1.8128,-0.024748,-0.77612,1.8129,0.038688,-0.76894,1.841,-0.038638,-0.76884,1.8409
0.024738,-0.77607,1.8128,-0.024748,-0.77612,1.8129,0.038688,-0.76894,1.841,-0.038638,-0.76884,1.8409
0.024738,-0.77607,1.8128,-0.024748,-0.77612,1.8129,0.038688,-0.76894,1.841,-0.038638,-0.76884,1.8409
0.024738,-0.77606,1.8128,-0.024748,-0.77612,1.8129,0.038688,-0.76894,1.841,-0.038638,-0.76884,1.8409
0.024739,-0.77606,1.8128,-0.024748,-0.77612,1.8129,0.038688,-0.76894,1.841,-0.038638,-0.76884,1.8409
0.024739,-0.77606,1.8128,-0.024748,-0.77612,1.8129,0.038689,-0.76894,1.841,-0.038638,-0.76884,1.8409
0.024739,-0.77606,1.8128,-0.024747,-0.77612,1.8129,0.038689,-0.76894,1.841,-0.038638,-0.76884,1.8409
0.024739,-0.77606,1.8128,-0.024747,-0.77611,1.8129,0.038689,-0.76893,1.841,-0.038638,-0.76884,1.8409
0.02474,-0.77605,1.8128,-0.024747,-0.77611,1.8129,0.038689,-0.76893,1.841,-0.038637,-0.76883,1.8409
0.02474,-0.77605,1.8128,-0.024746,-0.77611,1.8129,0.03869,-0.76893,1.841,-0.038637,-0.76883,1.8409
0.024741,-0.77605,1.8128,-0.024746,-0.77611,1.8129,0.03869,-0.76893,1.841,-0.038637,-0.76883,1.8409
0.024741,-0.77604,1.8128,-0.024745,-0.77611,1.8129,0.03869,-0.76893,1.841,-0.038637,-0.76883,1.8409
0.024742,-0.77604,1.8128,-0.024745,-0.77611,1.8129,0.03869,-0.76893,1.841,-0.038637,-0.76883,1.8409
0.024742,-0.77604,1.8128,-0.024744,-0.77611,1.8129,0.038691,-0.76893,1.841,-0.038637,-0.76883,1.8409
0.024742,-0.77604,1.8128,-0.024744,-0.77611,1.8129,0.038691,-0.76893,1.841,-0.038637,-0.76883,1.841
0.024743,-0.77603,1.8128,-0.024743,-0.77611,1.8129,0.038691,-0.76892,1.841,-0.038637,-0.76883,1.841
0.024743,-0.77603,1.8128,-0.024743,-0.77611,1.8129,0.038691,-0.76892,1.841,-0.038636,-0.76883,1.841
0.024744,-0.77603,1.8128,-0.024743,-0.77611,1.8129,0.038692,-0.76892,1.841,-0.038636,-0.76883,1.841
0.024744,-0.77603,1.8128,-0.024742,-0.77611,1.8129,0.038692,-0.76892,1.841,-0.038636,-0.76883,1.841
0.024744,-0.77603,1.8128,-0.024742,-0.77611,1.8129,0.038692,-0.76892,1.841,-0.038636,-0.76883,1.841
0.024745,-0.77602,1.8128,-0.024742,-0.77611,1.8129,0.038692,-0.76892,1.841,-0.038636,-0.76883,1.841
0.024745,-0.77602,1.8128,-0.024741,-0.77611,1.8129,0.038692,-0.76892,1.841,-0.038636,-0.76883,1.841
0.024745,-0.77602,1.8128,-0.024741,-0.77611,1.8129,0.038692,-0.76892,1.841,-0.038636,-0.76883,1.841
0.024745,-0.77602,1.8128,-0.024741,-0.77611,1.8129,0.038693,-0.76892,1.841,-0.038635,-0.76883,1.841
0.024745,-0.77602,1.8128,-0.024741,-0.77611,1.8129,0.038693,-0.76892,1.841,-0.038635,-0.76883,1.841
0.024745,-0.77602,1.8128,-0.024741,-0.77611,1.8129,0.038693,-0.76892,1.841,-0.038635,-0.76883,1.841
0.024745,-0.77602,1.8128,-0.024741,-0.77611,1.8129,0.038693,-0.76892,1.841,-0.038635,-0.76883,1.841
0.024745,-0.77602,1.8128,-0.024741,-0.77611,1.8129,0.038693,-0.76892,1.841,-0.038635,-0.76883,1.841
0.024745,-0.77602,1.8128,-0.024741,-0.77611,1.8129,0.038693,-0.76892,1.841,-0.038635,-0.76883,1.841
0.024745,-0.77602,1.8128,-0.024741,-0.77611,1.8129,0.038693,-0.76892,1.841,-0.038634,-0.76883,1.841
0.024745,-0.77602,1.8128,-0.024741,-0.77611,1.8129,0.038694,-0.76892,1.841,-0.038634,-0.76883,1.841
0.024745,-0.77602,1.8128,-0.024741,-0.77612,1.8129,0.038694,-0.76892,1.841,-0.038634,-0.76883,1.841
0.024745,-0.77602,1.8128,-0.024742,-0.77612,1.8129,0.038694,-0.76892,1.841,-0.038634,-0.76883,1.841
0.024745,-0.77602,1.8128,-0.024742,-0.77612,1.8129,0.038694,-0.76892,1.841,-0.038634,-0.76883,1.841
0.024744,-0.77602,1.8128,-0.024742,-0.77612,1.8129,0.038694,-0.76892,1.841,-0.038634,-0.76883,1.841
0.024772,-0.77603,1.8128,-0.024714,-0.77613,1.8129,0.038188,-0.769,1.8403,-0.038604,-0.76884,1.841
0.024792,-0.77603,1.8128,-0.024694,-0.77613,1.8129,0.038256,-0.76899,1.8403,-0.038538,-0.76888,1.841
0.024809,-0.77603,1.8128,-0.024677,-0.77614,1.8129,0.038309,-0.76899,1.8403,-0.038487,-0.7689,1.841
0.024814,-0.77603,1.8128,-0.024673,-0.77614,1.8128,0.038346,-0.76899,1.8404,-0.038451,-0.76893,1.8411
0.024811,-0.77602,1.8128,-0.024675,-0.77614,1.8128,0.038371,-0.76899,1.8404,-0.038428,-0.76895,1.8411
0.024806,-0.77602,1.8129,-0.024681,-0.77614,1.8128,0.038387,-0.76899,1.8404,-0.038414,-0.76896,1.8412
0.024801,-0.77602,1.8129,-0.024686,-0.77613,1.8128,0.038396,-0.76899,1.8405,-0.038407,-0.76897,1.8412
0.024797,-0.77601,1.8129,-0.024691,-0.77611,1.8128,0.038401,-0.76899,1.8405,-0.038404,-0.76897,1.8412
0.024794,-0.77601,1.8129,-0.024694,-0.77609,1.8128,0.038401,-0.76899,1.8406,-0.038405,-0.76896,1.8412
0.024792,-0.776,1.813,-0.024696,-0.77607,1.8128,0.038399,-0.76899,1.8406,-0.038409,-0.76895,1.8412
0.024487,-0.77607,1.8126,-0.024682,-0.77606,1.8128,0.038409,-0.76898,1.8406,-0.0384,-0.76893,1.8412
0.024503,-0.77608,1.8126,-0.024667,-0.77605,1.8128,0.038426,-0.76899,1.8407,-0.038384,-0.76893,1.8413
0.024521,-0.77608,1.8127,-0.02465,-0.77603,1.8128,0.038436,-0.76899,1.8407,-0.038376,-0.7689,1.8413
0.024534,-0.77608,1.8127,-0.024638,-0.77601,1.8128,0.038437,-0.76899,1.8408,-0.038376,-0.76888,1.8413
0.024544,-0.77608,1.8127,-0.024629,-0.776,1.8128,0.038431,-0.76899,1.8408,-0.038383,-0.76885,1.8412
0.024552,-0.77609,1.8128,-0.024622,-0.77598,1.8128,0.038423,-0.76899,1.8408,-0.038392,-0.76882,1.8412
0.024557,-0.77609,1.8128,-0.024617,-0.77596,1.8128,0.038414,-0.76899,1.8409,-0.038401,-0.7688,1.8412
0.024561,-0.7761,1.8128,-0.024614,-0.77594,1.8128,0.038406,-0.76899,1.8409,-0.03841,-0.76878,1.8412
0.024564,-0.7761,1.8129,-0.024612,-0.77593,1.8128,0.038399,-0.769,1.8409,-0.038417,-0.76876,1.8412
0.024564,-0.7761,1.8129,-0.024612,-0.77591,1.8128,0.038394,-0.769,1.8409,-0.038423,-0.76875,1.8412
0.024562,-0.77611,1.8129,-0.024613,-0.7759,1.8128,0.038391,-0.769,1.841,-0.038426,-0.76874,1.8412
0.02456,-0.77611,1.8129,-0.024616,-0.77589,1.8128,0.038389,-0.76901,1.841,-0.038428,-0.76873,1.8412
0.024534,-0.77612,1.8129,-0.024642,-0.77589,1.8128,0.038335,-0.76904,1.841,-0.037951,-0.76879,1.8404
0.02444,-0.77612,1.8129,-0.024361,-0.77591,1.8123,0.038223,-0.76903,1.841,-0.038065,-0.76878,1.8405
0.024396,-0.77612,1.813,-0.024405,-0.77591,1.8124,0.038168,-0.76904,1.8411,-0.038121,-0.76878,1.8405
0.024371,-0.77612,1.813,-0.024431,-0.77591,1.8124,0.038137,-0.76905,1.8411,-0.038153,-0.76879,1.8405
0.024358,-0.77613,1.813,-0.024445,-0.77592,1.8124,0.038123,-0.76905,1.8411,-0.03817,-0.76879,1.8406
0.02435,-0.77613,1.813,-0.024454,-0.77593,1.8125,0.038119,-0.76905,1.8412,-0.038176,-0.7688,1.8406
0.024346,-0.77612,1.8131,-0.024459,-0.77594,1.8125,0.03812,-0.76904,1.8412,-0.038176,-0.76881,1.8407
0.024344,-0.77612,1.8131,-0.024462,-0.77594,1.8126,0.038124,-0.76903,1.8412,-0.038174,-0.76881,1.8407
0.024344,-0.7761,1.8131,-0.024464,-0.77595,1.8126,0.03813,-0.76902,1.8412,-0.038169,-0.76882,1.8408
0.024345,-0.77609,1.8131,-0.024463,-0.77595,1.8126,0.038136,-0.76901,1.8412,-0.038164,-0.76883,1.8408
0.024347,-0.77608,1.8131,-0.024462,-0.77596,1.8127,0.038142,-0.769,1.8412,-0.03816,-0.76883,1.8408
0.02435,-0.77606,1.8131,-0.024458,-0.77596,1.8127,0.038146,-0.76899,1.8412,-0.038156,-0.76884,1.8409
0.024355,-0.77605,1.813,-0.024454,-0.77596,1.8127,0.03815,-0.76897,1.8412,-0.038153,-0.76884,1.8409
0.02436,-0.77603,1.813,-0.024449,-0.77596,1.8128,0.038152,-0.76896,1.8412,-0.038151,-0.76884,1.8409
0.024366,-0.77601,1.813,-0.024443,-0.77596,1.8128,0.038154,-0.76895,1.8411,-0.03815,-0.76885,1.841
0.024373,-0.776,1.813,-0.024436,-0.77597,1.8128,0.038155,-0.76894,1.8411,-0.03815,-0.76885,1.841
0.024379,-0.77599,1.8129,-0.024429,-0.77597,1.8128,0.038154,-0.76893,1.8411,-0.03815,-0.76885,1.841
0.024386,-0.77597,1.8129,-0.024422,-0.77597,1.8129,0.038154,-0.76893,1.8411,-0.038151,-0.76886,1.8411
0.024393,-0.77596,1.8129,-0.024416,-0.77597,1.8129,0.038153,-0.76892,1.8411,-0.038152,-0.76886,1.8411
0.024399,-0.77595,1.8128,-0.02441,-0.77598,1.8129,0.038152,-0.76892,1.8411,-0.038153,-0.76886,1.8411
0.024404,-0.77594,1.8128,-0.024404,-0.77598,1.8129,0.038151,-0.76891,1.841,-0.038154,-0.76887,1.8411
0.024409,-0.77594,1.8128,-0.024399,-0.77598,1.8129,0.038151,-0.76891,1.841,-0.038155,-0.76887,1.8411
0.024413,-0.77593,1.8128,-0.024395,-0.77599,1.8129,0.03815,-0.7689,1.841,-0.038155,-0.76887,1.8411
0.024416,-0.77593,1.8128,-0.024392,-0.77599,1.813,0.03815,-0.7689,1.841,-0.038155,-0.76888,1.8411
0.024418,-0.77593,1.8128,-0.02439,-0.776,1.813,0.038149,-0.7689,1.841,-0.038155,-0.76888,1.8412
0.024419,-0.77592,1.8127,-0.024388,-0.776,1.813,0.038149,-0.7689,1.841,-0.038155,-0.76888,1.8412
0.02442,-0.77592,1.8127,-0.024388,-0.77601,1.813,0.03815,-0.7689,1.841,-0.038155,-0.76889,1.8412
0.02442,-0.77593,1.8127,-0.024387,-0.77602,1.813,0.03815,-0.7689,1.841,-0.038155,-0.76889,1.8412
0.02442,-0.77593,1.8127,-0.024388,-0.77602,1.813,0.03815,-0.7689,1.841,-0.038154,-0.76889,1.8412
0.024419,-0.77593,1.8127,-0.024389,-0.77603,1.813,0.03815,-0.7689,1.841,-0.038154,-0.7689,1.8412
0.024418,-0.77593,1.8127,-0.02439,-0.77603,1.813,0.038151,-0.7689,1.8409,-0.038153,-0.7689,1.8412
0.024416,-0.77594,1.8127,-0.024392,-0.77603,1.813,0.038151,-0.7689,1.8409,-0.038153,-0.7689,1.8411
0.024414,-0.77594,1.8127,-0.024394,-0.77604,1.813,0.038151,-0.7689,1.8409,-0.038152,-0.7689,1.8411
0.024412,-0.77595,1.8127,-0.024396,-0.77604,1.813,0.038151,-0.76891,1.8409,-0.038152,-0.7689,1.8411
0.024409,-0.77595,1.8127,-0.024399,-0.77604,1.813,0.038151,-0.76891,1.8409,-0.038151,-0.76891,1.8411
0.024407,-0.77596,1.8128,-0.024401,-0.77605,1.813,0.038151,-0.76891,1.8409,-0.038151,-0.76891,1.8411
0.024404,-0.77597,1.8128,-0.024404,-0.77605,1.813,0.038151,-0.76892,1.8409,-0.038151,-0.76891,1.8411
0.024402,-0.77597,1.8128,-0.024406,-0.77605,1.813,0.038151,-0.76892,1.841,-0.038151,-0.76891,1.8411
0.024399,-0.77598,1.8128,-0.024409,-0.77605,1.813,0.038151,-0.76893,1.841,-0.038151,-0.76891,1.8411
0.024397,-0.77598,1.8128,-0.024411,-0.77605,1.813,0.038151,-0.76893,1.841,-0.038151,-0.76891,1.8411
0.024394,-0.77599,1.8128,-0.024414,-0.77606,1.8129,0.03815,-0.76893,1.841,-0.038151,-0.76891,1.8411
0.024392,-0.77599,1.8128,-0.024416,-0.77606,1.8129,0.03815,-0.76894,1.841,-0.038151,-0.76891,1.841
0.02439,-0.776,1.8128,-0.024418,-0.77606,1.8129,0.03815,-0.76894,1.841,-0.038151,-0.7689,1.841
0.024388,-0.776,1.8128,-0.02442,-0.77606,1.8129,0.03815,-0.76895,1.841,-0.038151,-0.7689,1.841
0.024386,-0.77601,1.8128,-0.024422,-0.77606,1.8129,0.03815,-0.76895,1.841,-0.03815,-0.7689,1.841
0.024384,-0.77601,1.8128,-0.024424,-0.77606,1.8129,0.03815,-0.76895,1.841,-0.03815,-0.7689,1.841
0.024383,-0.77601,1.8128,-0.024425,-0.77606,1.8129,0.03815,-0.76895,1.841,-0.03815,-0.7689,1.841
0.024381,-0.77602,1.8128,-0.024427,-0.77606,1.8129,0.03815,-0.76896,1.841,-0.03815,-0.7689,1.841
0.02438,-0.77602,1.8128,-0.024428,-0.77606,1.8129,0.03815,-0.76896,1.841,-0.03815,-0.7689,1.841
0.024379,-0.77602,1.8129,-0.024429,-0.77605,1.8129,0.03815,-0.76896,1.841,-0.03815,-0.7689,1.841
0.024379,-0.77602,1.8129,-0.024429,-0.77605,1.8129,0.03815,-0.76896,1.841,-0.03815,-0.7689,1.841
0.024378,-0.77602,1.8129,-0.02443,-0.77605,1.8129,0.038151,-0.76896,1.841,-0.03815,-0.76889,1.841
0.024378,-0.77602,1.8129,-0.02443,-0.77605,1.8129,0.038151,-0.76896,1.841,-0.03815,-0.76889,1.841
0.024378,-0.77602,1.8129,-0.02443,-0.77605,1.8129,0.038151,-0.76896,1.841,-0.038149,-0.76889,1.841
0.024378,-0.77602,1.8129,-0.02443,-0.77605,1.8129,0.038151,-0.76896,1.841,-0.038149,-0.76889,1.841
0.024378,-0.77602,1.8129,-0.02443,-0.77605,1.8129,0.038151,-0.76896,1.841,-0.038149,-0.76889,1.841
0.024379,-0.77602,1.8129,-0.02443,-0.77605,1.8129,0.038152,-0.76896,1.841,-0.038149,-0.76889,1.841
0.024379,-0.77602,1.8129,-0.024429,-0.77605,1.8129,0.038152,-0.76896,1.841,-0.038149,-0.76889,1.841
0.02438,-0.77601,1.8129,-0.024428,-0.77605,1.8129,0.038152,-0.76896,1.841,-0.038149,-0.76889,1.841
0.02438,-0.77601,1.8128,-0.024428,-0.77605,1.8129,0.038152,-0.76896,1.841,-0.038148,-0.76889,1.841
0.024381,-0.77601,1.8128,-0.024427,-0.77605,1.8129,0.038153,-0.76896,1.841,-0.038148,-0.76889,1.841
0.024382,-0.77601,1.8128,-0.024426,-0.77605,1.8129,0.038153,-0.76896,1.841,-0.038148,-0.76889,1.841
0.024382,-0.77601,1.8128,-0.024426,-0.77605,1.8129,0.038153,-0.76896,1.841,-0.038148,-0.76889,1.841
0.024383,-0.776,1.8128,-0.024425,-0.77605,1.8129,0.038153,-0.76896,1.841,-0.038148,-0.76889,1.841
0.024384,-0.776,1.8128,-0.024424,-0.77605,1.8129,0.038154,-0.76895,1.841,-0.038148,-0.76889,1.841
0.024385,-0.776,1.8128,-0.024423,-0.77605,1.8129,0.038154,-0.76895,1.841,-0.038147,-0.76889,1.841
0.024386,-0.776,1.8128,-0.024422,-0.77605,1.8129,0.038154,-0.76895,1.841,-0.038147,-0.76889,1.841
0.024386,-0.77599,1.8128,-0.024422,-0.77605,1.8129,0.038154,-0.76895,1.841,-0.038147,-0.76889,1.841
0.024387,-0.77599,1.8128,-0.024421,-0.77605,1.8129,0.038155,-0.76895,1.841,-0.038147,-0.76889,1.841
0.024388,-0.77599,1.8128,-0.02442,-0.77605,1.8129,0.038155,-0.76895,1.841,-0.038147,-0.76889,1.841
0.024388,-0.77599,1.8128,-0.02442,-0.77605,1.8129,0.038155,-0.76895,1.841,-0.038146,-0.76889,1.841
0.024389,-0.77599,1.8128,-0.024419,-0.77605,1.8129,0.038155,-0.76895,1.841,-0.038146,-0.76889,1.841
0.024389,-0.77599,1.8128,-0.024419,-0.77606,1.8129,0.038155,-0.76895,1.841,-0.038146,-0.76889,1.841
0.024389,-0.77599,1.8128,-0.024419,-0.77606,1.8129,0.038156,-0.76895,1.841,-0.038146,-0.76889,1.841
0.02439,-0.77598,1.8128,-0.024418,-0.77606,1.8129,0.038156,-0.76895,1.841,-0.038146,-0.76889,1.841
0.02439,-0.77598,1.8128,-0.024418,-0.77606,1.813,0.038156,-0.76895,1.841,-0.038145,-0.76889,1.841
0.02439,-0.77598,1.8128,-0.024418,-0.77606,1.813,0.038156,-0.76895,1.841,-0.038145,-0.76889,1.841
0.02439,-0.77598,1.8128,-0.024418,-0.77606,1.813,0.038156,-0.76895,1.841,-0.038145,-0.76889,1.841
0.02439,-0.77598,1.8128,-0.024418,-0.77606,1.813,0.038156,-0.76895,1.841,-0.038145,-0.7689,1.841
0.02439,-0.77598,1.8128,-0.024418,-0.77606,1.813,0.038157,-0.76895,1.841,-0.038145,-0.7689,1.841
0.02439,-0.77598,1.8128,-0.024418,-0.77606,1.813,0.038157,-0.76895,1.841,-0.038145,-0.7689,1.841
0.02439,-0.77598,1.8128,-0.024418,-0.77607,1.813,0.038157,-0.76895,1.841,-0.038144,-0.7689,1.841
0.02439,-0.77598,1.8128,-0.024419,-0.77607,1.813,0.038157,-0.76895,1.841,-0.038144,-0.7689,1.841
0.024389,-0.77598,1.8128,-0.024419,-0.77607,1.813,0.038157,-0.76895,1.841,-0.038144,-0.7689,1.841
0.024389,-0.77599,1.8128,-0.024419,-0.77607,1.813,0.038157,-0.76895,1.841,-0.038144,-0.7689,1.841
0.024389,-0.77599,1.8128,-0.024419,-0.77607,1.813,0.038157,-0.76895,1.841,-0.038144,-0.7689,1.841
0.024388,-0.77599,1.8128,-0.02442,-0.77607,1.813,0.038158,-0.76895,1.841,-0.038143,-0.7689,1.841
0.024491,-0.776,1.8128,-0.024317,-0.77606,1.8129,0.037795,-0.76908,1.8404,-0.038034,-0.7689,1.841
0.024497,-0.77599,1.8128,-0.024311,-0.77606,1.8129,0.037835,-0.76907,1.8404,-0.037995,-0.76891,1.841
0.024492,-0.77599,1.8129,-0.024316,-0.77606,1.8129,0.037864,-0.76907,1.8404,-0.037967,-0.76894,1.8411
0.024482,-0.77599,1.8129,-0.024326,-0.77607,1.8129,0.037886,-0.76907,1.8404,-0.037948,-0.76896,1.8411
0.024454,-0.77586,1.8129,-0.024355,-0.77594,1.8129,0.037881,-0.76862,1.8404,-0.037954,-0.7685,1.8411
0.024357,-0.77432,1.8127,-0.024453,-0.77441,1.8127,0.037801,-0.76374,1.8399,-0.038048,-0.7636,1.8406
0.024294,-0.77148,1.8119,-0.0245,-0.77158,1.8118,0.037795,-0.75766,1.84,-0.038114,-0.75752,1.8407
0.023887,-0.76732,1.8088,-0.024534,-0.76764,1.8096,0.037799,-0.75451,1.8414,-0.038215,-0.75437,1.8421
0.023769,-0.76289,1.8044,-0.024526,-0.76323,1.8052,0.037797,-0.7523,1.8431,-0.038048,-0.75217,1.843
0.023686,-0.75869,1.7979,-0.02442,-0.75903,1.7988,0.037853,-0.75124,1.8452,-0.038113,-0.75104,1.8449
0.023522,-0.75513,1.7893,-0.024059,-0.7556,1.7895,0.037897,-0.75195,1.8481,-0.038219,-0.7517,1.8477
0.02342,-0.75249,1.7809,-0.023906,-0.75293,1.781,0.038051,-0.75409,1.8527,-0.038298,-0.75381,1.8522
0.023343,-0.75124,1.7699,-0.023644,-0.75162,1.7698,0.038007,-0.75953,1.8583,-0.038365,-0.75904,1.8586
0.023147,-0.75131,1.7539,-0.023353,-0.75164,1.7537,0.038231,-0.76865,1.8661,-0.038493,-0.76814,1.8664
0.022842,-0.75272,1.7319,-0.023007,-0.75301,1.7316,0.03846,-0.78233,1.8755,-0.03867,-0.78182,1.8757
0.0222,-0.75503,1.702,-0.0228,-0.75509,1.7028,0.038668,-0.80158,1.8865,-0.038938,-0.80106,1.8867
0.0223,-0.75207,1.6885,-0.022728,-0.75226,1.6896,0.038794,-0.81693,1.8933,-0.039093,-0.8164,1.8935
0.021925,-0.75283,1.6945,-0.022474,-0.7528,1.6957,0.038814,-0.82766,1.896,-0.039164,-0.82712,1.8963
0.019463,-0.76155,1.7166,-0.020082,-0.76137,1.7177,0.038811,-0.83532,1.8962,-0.039136,-0.83478,1.8964
0.013507,-0.78177,1.7565,-0.014234,-0.78166,1.7576,0.038794,-0.842,1.8966,-0.039143,-0.84146,1.8968
0.0019547,-0.81177,1.8149,-0.0027546,-0.81179,1.8158,0.038738,-0.84762,1.8962,-0.039149,-0.84709,1.8964
-0.015749,-0.84976,1.8885,0.015071,-0.84988,1.8895,0.038696,-0.8521,1.894,-0.039048,-0.85156,1.8941
-0.039346,-0.89423,1.9716,0.038819,-0.89442,1.9726,0.038591,-0.85544,1.8898,-0.038908,-0.85489,1.89
-0.068775,-0.94434,2.0564,0.068421,-0.94455,2.0574,0.038419,-0.85761,1.8834,-0.038717,-0.85706,1.8835
-0.10379,-0.99917,2.1339,0.10361,-0.9994,2.135,0.038181,-0.85864,1.8745,-0.038473,-0.85809,1.8747
-0.14337,-1.0579,2.1944,0.14338,-1.0581,2.1955,0.037898,-0.85892,1.864,-0.038195,-0.85837,1.8641
-0.18573,-1.1182,2.2292,0.1859,-1.1185,2.2304,0.037035,-0.8591,1.8503,-0.037408,-0.85835,1.8501
-0.22535,-1.1768,2.2344,0.22593,-1.1771,2.2355,0.03691,-0.85887,1.8382,-0.036931,-0.85816,1.838
-0.25866,-1.2284,2.2149,0.25935,-1.2288,2.216,0.036699,-0.85576,1.8237,-0.036442,-0.85508,1.8236
-0.28205,-1.2656,2.1755,0.28277,-1.2661,2.1765,0.036361,-0.8487,1.8046,-0.035885,-0.84806,1.8045
-0.29373,-1.2822,2.1216,0.29452,-1.2828,2.1225,0.035909,-0.83727,1.7804,-0.035242,-0.83668,1.7803
-0.29616,-1.2797,2.0582,0.29684,-1.2804,2.0588,0.03545,-0.8221,1.7509,-0.034137,-0.82163,1.7487
-0.29585,-1.2732,1.9861,0.29648,-1.2739,1.9866,0.036756,-0.81763,1.7329,-0.035521,-0.81555,1.7299
-0.29382,-1.2604,1.9172,0.29462,-1.261,1.9175,0.039343,-0.81663,1.7367,-0.038456,-0.81372,1.733
-0.28716,-1.2207,1.877,0.28819,-1.2211,1.8773,0.042686,-0.81214,1.7607,-0.042199,-0.80909,1.7564
-0.28192,-1.1646,1.8579,0.28291,-1.1649,1.8581,0.048164,-0.80623,1.8043,-0.048059,-0.8034,1.7997
-0.27838,-1.1183,1.8302,0.27924,-1.1184,1.8304,0.054292,-0.80306,1.8648,-0.054448,-0.80045,1.86
-0.28278,-1.1355,1.8518,0.28345,-1.1357,1.8521,0.058595,-0.8029,1.9378,-0.05891,-0.80028,1.933
-0.28613,-1.151,1.8665,0.28666,-1.1513,1.8668,0.061367,-0.80251,2.0185,-0.061776,-0.80011,2.0137
-0.28812,-1.1641,1.8728,0.28852,-1.1643,1.8731,0.063795,-0.7995,2.1026,-0.0644,-0.7976,2.098
-0.28904,-1.1747,1.8729,0.28933,-1.175,1.8733,0.065957,-0.79207,2.1842,-0.066855,-0.79073,2.18
-0.2893,-1.1835,1.8696,0.28953,-1.1838,1.87,0.068112,-0.77991,2.2575,-0.069337,-0.77911,2.2536
-0.28917,-1.1908,1.8645,0.2894,-1.1911,1.8649,0.069552,-0.76058,2.3173,-0.071115,-0.76029,2.3138
-0.2891,-1.1978,1.8598,0.28936,-1.1982,1.8603,0.070882,-0.73241,2.358,-0.072809,-0.73258,2.3549
-0.28861,-1.2024,1.8532,0.28881,-1.2026,1.8535,0.070682,-0.69472,2.3743,-0.072839,-0.69529,2.3716
-0.28763,-1.206,1.8441,0.28792,-1.2062,1.8444,0.070565,-0.64812,2.3651,-0.072729,-0.64899,2.3629
-0.28617,-1.2081,1.832,0.2865,-1.2084,1.8323,0.070258,-0.59538,2.3326,-0.072464,-0.59646,2.3308
-0.28418,-1.2091,1.8159,0.28446,-1.2094,1.8162,0.069873,-0.5401,2.2775,-0.07188,-0.54131,2.2761
-0.28151,-1.2083,1.7941,0.2817,-1.2085,1.7944,0.069591,-0.48885,2.2041,-0.071446,-0.49007,2.203
-0.27853,-1.2086,1.7683,0.27864,-1.2089,1.7687,0.069477,-0.44879,2.119,-0.071411,-0.44991,2.1182
-0.27533,-1.2096,1.7373,0.27521,-1.2101,1.7378,0.069499,-0.42474,2.0295,-0.071499,-0.42575,2.0288
-0.27228,-1.2114,1.7043,0.27205,-1.2118,1.7048,0.07023,-0.41535,1.9416,-0.072113,-0.41621,1.941
-0.27161,-1.2119,1.6874,0.2714,-1.2124,1.6879,0.072332,-0.41442,1.8611,-0.074405,-0.41514,1.8605
-0.27174,-1.2187,1.6859,0.27157,-1.2193,1.6865,0.075665,-0.41467,1.7923,-0.078231,-0.41536,1.7917
-0.27216,-1.2368,1.6951,0.27198,-1.2374,1.6957,0.079703,-0.4178,1.739,-0.082788,-0.4184,1.7383
-0.27528,-1.2657,1.7179,0.27499,-1.2663,1.7186,0.081447,-0.43897,1.695,-0.0849,-0.43953,1.6943
-0.2831,-1.2976,1.7575,0.28279,-1.2982,1.7582,0.081138,-0.47111,1.7199,-0.084615,-0.47171,1.7192
-0.29584,-1.3322,1.8124,0.2955,-1.3329,1.8132,0.082434,-0.49747,1.7521,-0.085842,-0.4981,1.7514
-0.31179,-1.3726,1.8768,0.3115,-1.3734,1.8775,0.083573,-0.52025,1.7784,-0.086834,-0.52092,1.7778
-0.3271,-1.4181,1.9467,0.32688,-1.4188,1.9473,0.084648,-0.54033,1.8016,-0.087736,-0.54102,1.801
-0.34478,-1.4645,2.0194,0.34466,-1.4653,2.0201,0.085552,-0.55777,1.8205,-0.088446,-0.55847,1.8198
-0.36504,-1.5072,2.0916,0.365,-1.508,2.0922,0.086144,-0.57212,1.8332,-0.088844,-0.57282,1.8326
-0.38646,-1.5436,2.1576,0.38668,-1.5445,2.1581,0.085657,-0.58444,1.8367,-0.088836,-0.58423,1.8393
-0.40841,-1.5729,2.21,0.40804,-1.5739,2.2106,0.085149,-0.59297,1.8359,-0.088038,-0.59392,1.8367
-0.42771,-1.5939,2.2431,0.42727,-1.5949,2.2436,0.084487,-0.59938,1.8302,-0.087591,-0.6003,1.8309
-0.44081,-1.6055,2.2543,0.44055,-1.6064,2.2548,0.0837,-0.60377,1.8206,-0.086857,-0.60465,1.8212
-0.44574,-1.6057,2.2486,0.44537,-1.6067,2.2492,0.08282,-0.60599,1.8074,-0.085883,-0.60684,1.8079
-0.44389,-1.5975,2.2327,0.44292,-1.5985,2.2334,0.081933,-0.60695,1.7929,-0.084866,-0.60779,1.7933
-0.44033,-1.5784,2.2091,0.43857,-1.5795,2.21,0.080962,-0.60609,1.7753,-0.083679,-0.6069,1.7756
-0.43231,-1.5473,2.1783,0.4299,-1.5485,2.1793,0.079125,-0.60315,1.7502,-0.082243,-0.6031,1.7528
-0.41749,-1.5073,2.1395,0.41416,-1.5087,2.1405,0.077777,-0.59613,1.7215,-0.080417,-0.59713,1.7224
-0.39313,-1.4682,2.0892,0.38959,-1.4696,2.0901,0.078166,-0.59527,1.7035,-0.080723,-0.59621,1.7043
-0.36339,-1.4222,2.0414,0.35994,-1.4236,2.0424,0.079382,-0.59403,1.7046,-0.081833,-0.59498,1.7054
-0.33699,-1.3619,2.0092,0.33373,-1.3631,2.0101,0.082484,-0.58947,1.7223,-0.084853,-0.59038,1.723
-0.32183,-1.3041,1.9832,0.31869,-1.3052,1.9841,0.088348,-0.58296,1.7562,-0.090642,-0.58386,1.757
-0.31628,-1.2589,1.9545,0.31324,-1.2599,1.9554,0.09615,-0.57714,1.8053,-0.098328,-0.57805,1.8061
-0.30311,-1.1747,1.8779,0.30022,-1.1756,1.8788,0.10277,-0.57258,1.8676,-0.10478,-0.57349,1.8685
-0.298,-1.1416,1.8439,0.29526,-1.1424,1.8447,0.10956,-0.57173,1.9405,-0.1114,-0.57264,1.9414
-0.30112,-1.1594,1.8558,0.29854,-1.1602,1.8566,0.11412,-0.5715,2.0186,-0.11579,-0.57241,2.0196
-0.30313,-1.1752,1.8608,0.3007,-1.176,1.8616,0.11658,-0.57106,2.097,-0.11804,-0.57194,2.098
-0.3042,-1.1887,1.8606,0.30192,-1.1895,1.8613,0.11752,-0.57072,2.1705,-0.11874,-0.57158,2.1717
-0.30476,-1.2005,1.8572,0.3025,-1.2012,1.8579,0.11801,-0.57056,2.2347,-0.11935,-0.57136,2.2358
-0.30495,-1.2106,1.8519,0.30271,-1.2114,1.8526,0.11806,-0.56833,2.2846,-0.11952,-0.56909,2.2857
-0.30525,-1.2205,1.847,0.30298,-1.2213,1.8477,0.11854,-0.56197,2.3149,-0.12,-0.5627,2.316
-0.30535,-1.2294,1.8412,0.30309,-1.2302,1.8419,0.11804,-0.55144,2.3225,-0.11938,-0.55214,2.3236
-0.3049,-1.2367,1.8327,0.30276,-1.2374,1.8334,0.11676,-0.5371,2.3101,-0.1178,-0.53776,2.3112
-0.30365,-1.2407,1.82,0.30148,-1.2412,1.8203,0.11379,-0.52034,2.2793,-0.11464,-0.52095,2.2803
-0.30169,-1.2435,1.8028,0.29963,-1.2439,1.8031,0.109,-0.50332,2.2317,-0.10964,-0.50388,2.2327
-0.29914,-1.2455,1.7812,0.29726,-1.2459,1.7814,0.10337,-0.48923,2.1712,-0.10381,-0.48975,2.1722
-0.29635,-1.247,1.7549,0.29429,-1.2466,1.7543,0.098131,-0.4811,2.1026,-0.098684,-0.48161,2.1035
-0.29297,-1.2484,1.7222,0.29127,-1.2489,1.7227,0.09497,-0.4808,2.0306,-0.095455,-0.48132,2.0316
-0.29013,-1.2517,1.6892,0.28854,-1.2524,1.6901,0.094166,-0.48409,1.9593,-0.094734,-0.48466,1.9602
-0.28926,-1.2525,1.6728,0.28796,-1.2528,1.6739,0.094171,-0.48982,1.893,-0.094623,-0.49044,1.8939
-0.28943,-1.2581,1.6727,0.28808,-1.2585,1.6739,0.094129,-0.49788,1.8368,-0.094762,-0.49852,1.8377
-0.28994,-1.2729,1.6845,0.28872,-1.2736,1.6859,0.094433,-0.51013,1.795,-0.094977,-0.51078,1.7959
-0.29269,-1.2961,1.7118,0.29126,-1.2972,1.7132,0.095398,-0.53671,1.7811,-0.095987,-0.53738,1.782
-0.30097,-1.3212,1.7571,0.29936,-1.3225,1.7586,0.097297,-0.56871,1.82,-0.098044,-0.56939,1.8209
-0.31338,-1.3478,1.8191,0.31174,-1.3492,1.8206,0.099015,-0.59644,1.8524,-0.099817,-0.59714,1.8533
-0.32869,-1.3798,1.8904,0.32715,-1.3812,1.8919,0.10049,-0.62039,1.8785,-0.10125,-0.62109,1.8794
-0.34355,-1.4166,1.9668,0.34213,-1.418,1.9683,0.10184,-0.64164,1.9011,-0.10254,-0.64234,1.902
-0.36068,-1.4534,2.0462,0.3594,-1.4548,2.0476,0.10291,-0.66024,1.919,-0.10355,-0.66094,1.9198
-0.38028,-1.485,2.1251,0.37914,-1.4864,2.1264,0.10353,-0.6758,1.9304,-0.10411,-0.6765,1.9312
-0.40119,-1.5091,2.1975,0.40019,-1.5105,2.1987,0.10286,-0.68968,1.9331,-0.10335,-0.69038,1.9338
-0.4224,-1.526,2.2554,0.42154,-1.5273,2.2565,0.10237,-0.69983,1.9301,-0.10283,-0.70051,1.9308
-0.44132,-1.5353,2.2924,0.44061,-1.5367,2.2935,0.1015,-0.70814,1.9219,-0.10193,-0.70881,1.9226
-0.45399,-1.5375,2.3057,0.45344,-1.5388,2.3068,0.10036,-0.71474,1.9097,-0.10074,-0.7154,1.9103
-0.45826,-1.5338,2.3008,0.45784,-1.5351,2.3017,0.099012,-0.71958,1.8938,-0.099325,-0.72023,1.8944
-0.4544,-1.5228,2.282,0.4541,-1.524,2.2829,0.097528,-0.72442,1.8752,-0.097749,-0.72505,1.8758
-0.44729,-1.5031,2.2556,0.44705,-1.5042,2.2564,0.095246,-0.72774,1.8524,-0.095387,-0.72836,1.853
-0.43523,-1.4724,2.2212,0.43499,-1.4735,2.222,0.093355,-0.72681,1.8252,-0.093484,-0.72741,1.8257
-0.41709,-1.4337,2.178,0.4168,-1.4348,2.1787,0.091509,-0.7236,1.7932,-0.091714,-0.72419,1.7937
-0.39028,-1.398,2.1219,0.38997,-1.399,2.1226,0.092017,-0.72461,1.7719,-0.092271,-0.72518,1.7724
-0.35836,-1.3547,2.0687,0.35802,-1.3556,2.0693,0.092962,-0.72432,1.7704,-0.093282,-0.72489,1.7709
-0.33034,-1.2928,2.0322,0.32994,-1.2936,2.0328,0.095479,-0.72131,1.7865,-0.095833,-0.72189,1.787
-0.31488,-1.2324,2.0016,0.31438,-1.2332,2.0022,0.10095,-0.71507,1.8195,-0.10134,-0.71565,1.82
-0.3099,-1.1867,1.9679,0.30931,-1.1875,1.9684,0.10851,-0.70739,1.868,-0.10892,-0.70797,1.8685
-0.29878,-1.1099,1.8905,0.29819,-1.1106,1.891,0.11492,-0.69889,1.9293,-0.11533,-0.69947,1.9298
-0.29251,-1.0701,1.8438,0.29191,-1.0707,1.8443,0.12149,-0.69217,2.0006,-0.12191,-0.69274,2.0011
-0.29553,-1.0907,1.8555,0.29493,-1.0913,1.856,0.12607,-0.6849,2.0767,-0.12649,-0.68545,2.0772
-0.29758,-1.1096,1.8611,0.29699,-1.1102,1.8616,0.12873,-0.67502,2.152,-0.12914,-0.67557,2.1525
-0.29882,-1.1265,1.8618,0.29825,-1.1271,1.8622,0.12988,-0.66261,2.2213,-0.13028,-0.66315,2.2219
-0.29957,-1.1419,1.8596,0.29903,-1.1425,1.8601,0.13041,-0.6489,2.28,-0.13081,-0.64942,2.2806
-0.30007,-1.1558,1.8559,0.29956,-1.1564,1.8564,0.13039,-0.63045,2.3233,-0.13081,-0.63094,2.3239
-0.30029,-1.1676,1.8517,0.29946,-1.167,1.8511,0.13054,-0.60583,2.3462,-0.13109,-0.6063,2.3467
-0.30007,-1.1779,1.8449,0.29965,-1.1783,1.845,0.13003,-0.57593,2.3462,-0.13035,-0.57636,2.3466
-0.29966,-1.1878,1.8362,0.29934,-1.1883,1.8364,0.12811,-0.54217,2.3264,-0.12851,-0.54256,2.3268
-0.29891,-1.1964,1.8244,0.29828,-1.1959,1.8239,0.12398,-0.50684,2.2872,-0.12467,-0.50722,2.2876
-0.29732,-1.2027,1.8074,0.29672,-1.2031,1.8076,0.11788,-0.47307,2.2311,-0.11858,-0.47344,2.2315
-0.29526,-1.2093,1.786,0.29466,-1.2099,1.7865,0.11078,-0.44517,2.1626,-0.11137,-0.44552,2.163
-0.29282,-1.2155,1.759,0.29203,-1.2157,1.7593,0.10401,-0.42704,2.0872,-0.10464,-0.42736,2.0876
-0.29004,-1.2229,1.7269,0.28932,-1.2234,1.7275,0.099341,-0.42167,2.0105,-0.10003,-0.42195,2.0109
-0.2877,-1.2315,1.6923,0.2869,-1.2315,1.6931,0.097319,-0.42425,1.9366,-0.098174,-0.42452,1.937
-0.28708,-1.236,1.6746,0.28626,-1.2357,1.6762,0.097076,-0.43027,1.8696,-0.098056,-0.43055,1.8699
-0.28721,-1.2438,1.6745,0.28655,-1.244,1.6763,0.097126,-0.43979,1.8138,-0.098013,-0.4401,1.8141
-0.28773,-1.2603,1.687,0.28718,-1.2613,1.6889,0.097282,-0.45498,1.7736,-0.098305,-0.45529,1.7739
-0.29084,-1.2849,1.7153,0.2904,-1.2864,1.717,0.098072,-0.48623,1.7634,-0.099254,-0.48653,1.7636
-0.29971,-1.311,1.7619,0.29943,-1.3127,1.7636,0.10035,-0.52356,1.8087,-0.10151,-0.52387,1.8089
-0.31262,-1.3378,1.8255,0.31247,-1.3396,1.8272,0.10246,-0.55656,1.8476,-0.10357,-0.55688,1.8478
-0.32843,-1.3705,1.8979,0.32842,-1.3722,1.8996,0.10435,-0.58599,1.8804,-0.10538,-0.58631,1.8806
-0.34349,-1.4081,1.9751,0.34364,-1.4097,1.9767,0.10616,-0.61267,1.9099,-0.10712,-0.61299,1.91
-0.36057,-1.4456,2.0552,0.36115,-1.4471,2.0567,0.10696,-0.63787,1.9311,-0.10747,-0.6382,1.9314
-0.38022,-1.4773,2.1352,0.38103,-1.4788,2.1365,0.10813,-0.65892,1.9474,-0.10805,-0.65926,1.9474
-0.40138,-1.5007,2.2091,0.40222,-1.5022,2.2102,0.10871,-0.67711,1.9572,-0.10828,-0.67745,1.9571
-0.42309,-1.5161,2.2687,0.42384,-1.5177,2.2695,0.1086,-0.69268,1.9607,-0.10816,-0.69303,1.9605
-0.44251,-1.5243,2.3069,0.44347,-1.5258,2.3075,0.10723,-0.70719,1.9561,-0.10681,-0.70755,1.9561
-0.45574,-1.5264,2.3203,0.45712,-1.5279,2.3207,0.10625,-0.71862,1.9485,-0.10584,-0.71894,1.9484
-0.46041,-1.5246,2.3142,0.46223,-1.5259,2.3145,0.10502,-0.72824,1.9373,-0.10464,-0.72852,1.9372
-0.45732,-1.518,2.2958,0.45875,-1.5191,2.296,0.10364,-0.73674,1.9249,-0.10352,-0.73701,1.9247
-0.45036,-1.502,2.2687,0.45169,-1.5029,2.2688,0.10212,-0.74345,1.9091,-0.10214,-0.7437,1.9088
-0.438,-1.4745,2.2342,0.43917,-1.4752,2.2342,0.099319,-0.74788,1.8847,-0.099739,-0.74813,1.8846
-0.41995,-1.438,2.1916,0.421,-1.4387,2.1915,0.09688,-0.74735,1.8558,-0.097847,-0.74757,1.8557
-0.39874,-1.4012,2.1363,0.39973,-1.4019,2.1362,0.094618,-0.74409,1.8216,-0.09595,-0.74429,1.8215
-0.37119,-1.3686,2.0726,0.37178,-1.3692,2.0726,0.095105,-0.74561,1.7993,-0.09671,-0.7458,1.7991
-0.34267,-1.3373,2.0099,0.34244,-1.3379,2.0101,0.09671,-0.74481,1.798,-0.098624,-0.745,1.7979
-0.31761,-1.2835,1.9746,0.31654,-1.2842,1.9748,0.099114,-0.73891,1.8157,-0.10129,-0.73908,1.8155
-0.30464,-1.2183,1.9562,0.30292,-1.2192,1.9565,0.10397,-0.72763,1.8516,-0.10638,-0.72776,1.8514
-0.29459,-1.1395,1.8927,0.29279,-1.1404,1.8929,0.11059,-0.71277,1.9033,-0.11317,-0.71285,1.9031
-0.2866,-1.0808,1.8273,0.28481,-1.0817,1.8275,0.11815,-0.69666,1.9676,-0.12096,-0.69671,1.9673
-0.28934,-1.0999,1.8375,0.28743,-1.1007,1.8377,0.12441,-0.6796,2.0394,-0.1274,-0.67964,2.0391
-0.29124,-1.1178,1.8421,0.28928,-1.1187,1.8423,0.12848,-0.65504,2.1133,-0.13162,-0.65508,2.113
-0.29239,-1.1345,1.8421,0.29046,-1.1354,1.8422,0.13081,-0.62419,2.1828,-0.13407,-0.62423,2.1826
-0.29308,-1.1502,1.8389,0.29123,-1.1511,1.8391,0.13211,-0.59043,2.2423,-0.13553,-0.59048,2.242
-0.29346,-1.1652,1.8338,0.29177,-1.1659,1.8338,0.13247,-0.55163,2.2864,-0.13597,-0.55168,2.2861
-0.29352,-1.1782,1.8271,0.2918,-1.1785,1.8267,0.13264,-0.50696,2.3094,-0.13644,-0.50701,2.3091
-0.29324,-1.1901,1.8168,0.29168,-1.1914,1.8172,0.13209,-0.45847,2.3079,-0.13622,-0.45851,2.3075
-0.29273,-1.2019,1.8035,0.29088,-1.2025,1.8035,0.13,-0.40889,2.2835,-0.13501,-0.40893,2.283
-0.29135,-1.2115,1.7849,0.28976,-1.2129,1.7856,0.126,-0.36157,2.2366,-0.13124,-0.36162,2.2359
-0.28948,-1.2209,1.7615,0.28792,-1.2213,1.7613,0.11944,-0.32077,2.1708,-0.12485,-0.32077,2.17
-0.28682,-1.2284,1.7304,0.28567,-1.2297,1.7311,0.11143,-0.29052,2.092,-0.11663,-0.29046,2.0912
-0.28396,-1.2357,1.6925,0.28282,-1.2366,1.6932,0.10338,-0.27349,2.007,-0.10826,-0.27333,2.0062
-0.28116,-1.2433,1.6499,0.27977,-1.2434,1.6494,0.09718,-0.27076,1.9217,-0.10178,-0.27046,1.9211
-0.28038,-1.247,1.6229,0.27866,-1.247,1.6219,0.094145,-0.2771,1.8414,-0.09823,-0.27671,1.8409
-0.28055,-1.2539,1.6148,0.27877,-1.2538,1.6135,0.094105,-0.29719,1.7719,-0.097974,-0.2967,1.7714
-0.28094,-1.269,1.6218,0.27904,-1.2688,1.6204,0.094209,-0.32426,1.7172,-0.098182,-0.32373,1.7168
-0.28187,-1.2904,1.6444,0.28017,-1.2901,1.6431,0.094462,-0.35349,1.6803,-0.098382,-0.35294,1.6799
-0.28545,-1.3152,1.6869,0.28408,-1.3147,1.6856,0.095325,-0.39102,1.6751,-0.099042,-0.39046,1.6748
-0.29554,-1.3373,1.7501,0.2945,-1.3369,1.7488,0.097449,-0.43681,1.728,-0.10115,-0.4362,1.7276
-0.30975,-1.3576,1.8303,0.30931,-1.3571,1.829,0.09885,-0.47952,1.7714,-0.10273,-0.47806,1.7728
-0.32714,-1.3805,1.9181,0.32635,-1.3802,1.9169,0.10042,-0.51818,1.811,-0.1039,-0.51772,1.8095
-0.34074,-1.4055,2.0086,0.3441,-1.4049,2.0073,0.10145,-0.55944,1.8499,-0.1039,-0.5539,1.8448
-0.35577,-1.4278,2.0993,0.3644,-1.4262,2.0981,0.10767,-0.59503,1.8836,-0.10097,-0.58869,1.8768
-0.37795,-1.4395,2.1874,0.38299,-1.4383,2.1864,0.11033,-0.6279,1.9105,-0.10009,-0.62193,1.8995
-0.40094,-1.4391,2.2673,0.40397,-1.4386,2.2657,0.11091,-0.65914,1.9271,-0.10018,-0.65121,1.9172
-0.42223,-1.4314,2.3314,0.42925,-1.4315,2.3278,0.11144,-0.68674,1.939,-0.10024,-0.67781,1.9282
-0.43906,-1.4172,2.3734,0.45473,-1.4172,2.3672,0.11021,-0.71303,1.9422,-0.099338,-0.70275,1.929
-0.44819,-1.3986,2.3909,0.47515,-1.3973,2.3824,0.10943,-0.73543,1.9405,-0.098789,-0.72401,1.9266
-0.44969,-1.3747,2.3875,0.48438,-1.3715,2.3785,0.10757,-0.75541,1.934,-0.09878,-0.74314,1.92
-0.44549,-1.3458,2.3706,0.48194,-1.3405,2.362,0.10443,-0.77484,1.9231,-0.098738,-0.76156,1.9097
-0.43668,-1.3103,2.3423,0.47384,-1.3037,2.3342,0.10187,-0.7901,1.9079,-0.097649,-0.77769,1.8924
-0.42191,-1.2676,2.304,0.45913,-1.2609,2.2962,0.099044,-0.80126,1.8859,-0.096891,-0.7886,1.8701
-0.40091,-1.2214,2.2555,0.4387,-1.2155,2.2479,0.095638,-0.80826,1.8535,-0.095036,-0.79467,1.8403
-0.37659,-1.184,2.1934,0.41563,-1.1795,2.1859,0.093848,-0.80909,1.8148,-0.091528,-0.79667,1.7989
-0.34703,-1.1596,2.1225,0.38646,-1.1567,2.1156,0.094478,-0.81403,1.788,-0.092648,-0.80135,1.7715
-0.31579,-1.1425,2.0529,0.35551,-1.1406,2.0467,0.096362,-0.81589,1.7836,-0.094645,-0.80302,1.7667
-0.28684,-1.0972,2.0094,0.32739,-1.0953,2.0042,0.098552,-0.81209,1.7997,-0.096336,-0.79918,1.7824
-0.27174,-1.0335,1.9828,0.31292,-1.0312,1.9783,0.10308,-0.80331,1.835,-0.10035,-0.79058,1.8173
-0.26445,-0.96656,1.911,0.30422,-0.96367,1.9076,0.10986,-0.79108,1.8871,-0.10705,-0.77887,1.8692
-0.2633,-0.94385,1.869,0.2991,-0.93046,1.853,0.11698,-0.77748,1.9528,-0.11507,-0.76619,1.9345
-0.26688,-0.97187,1.8829,0.30135,-0.95841,1.8673,0.12328,-0.76127,2.0268,-0.12056,-0.7509,2.0083
-0.26996,-0.99954,1.8912,0.30256,-0.98611,1.8762,0.12734,-0.73741,2.1039,-0.12491,-0.7281,2.0853
-0.27182,-1.0245,1.8923,0.30329,-1.0132,1.8808,0.12986,-0.706,2.1774,-0.12789,-0.698,2.1588
-0.27285,-1.0479,1.8892,0.30392,-1.0398,1.8826,0.13148,-0.6689,2.241,-0.13002,-0.66253,2.2225
-0.27336,-1.0701,1.8838,0.30407,-1.0639,1.8803,0.13199,-0.62355,2.289,-0.13085,-0.6191,2.271
-0.27374,-1.0922,1.8785,0.30394,-1.0855,1.8745,0.1324,-0.56877,2.3151,-0.13111,-0.56635,2.2981
-0.27419,-1.1142,1.8719,0.30399,-1.1076,1.8681,0.13212,-0.5064,2.3147,-0.13061,-0.50602,2.2993
-0.27394,-1.1343,1.8615,0.30371,-1.1278,1.8577,0.13123,-0.43926,2.289,-0.12855,-0.4407,2.2756
-0.27333,-1.1532,1.847,0.30284,-1.1467,1.8433,0.12851,-0.37171,2.2379,-0.12395,-0.37451,2.2269
-0.27238,-1.1719,1.8282,0.30147,-1.1655,1.8246,0.1236,-0.30952,2.1654,-0.11647,-0.31307,2.1569
-0.27107,-1.1887,1.8023,0.299,-1.1826,1.799,0.11702,-0.25879,2.0784,-0.1072,-0.26243,2.0721
-0.26939,-1.2052,1.7706,0.29618,-1.1993,1.7676,0.11061,-0.22419,1.9849,-0.097335,-0.2274,1.9806
-0.26744,-1.2218,1.7323,0.29321,-1.2162,1.7295,0.10602,-0.2075,1.8921,-0.088902,-0.21003,1.8894
-0.26609,-1.2358,1.6988,0.29155,-1.2302,1.696,0.10433,-0.2049,1.8054,-0.083214,-0.20676,1.8042
-0.26619,-1.2468,1.6808,0.29142,-1.2415,1.6782,0.1042,-0.2075,1.7289,-0.081989,-0.20903,1.7287
-0.26668,-1.2638,1.6787,0.29163,-1.2587,1.6763,0.10424,-0.2144,1.6664,-0.082152,-0.21621,1.6668
-0.26879,-1.2886,1.6914,0.29231,-1.2837,1.6893,0.10441,-0.23021,1.6224,-0.082993,-0.2326,1.6231
-0.27588,-1.3237,1.7196,0.2965,-1.3191,1.7178,0.10228,-0.2701,1.5909,-0.083814,-0.273,1.5915
-0.2886,-1.3606,1.7668,0.30678,-1.3562,1.7651,0.10321,-0.32248,1.6534,-0.086902,-0.32578,1.6549
-0.30632,-1.3989,1.832,0.32207,-1.3946,1.8304,0.10436,-0.37155,1.7102,-0.089832,-0.37522,1.7125
-0.32659,-1.4413,1.908,0.3402,-1.4372,1.9066,0.10512,-0.41869,1.7578,-0.092216,-0.4216,1.7645
-0.34587,-1.4869,1.9903,0.35632,-1.4832,1.989,0.1065,-0.46192,1.8013,-0.093755,-0.46597,1.8078
-0.36758,-1.5311,2.0751,0.37495,-1.5279,2.074,0.10708,-0.50407,1.8377,-0.094779,-0.5083,1.8436
-0.39169,-1.5678,2.1593,0.39663,-1.5651,2.1582,0.10821,-0.54215,1.8677,-0.095934,-0.54663,1.874
-0.41706,-1.5935,2.2363,0.4199,-1.5914,2.2352,0.10913,-0.57741,1.8912,-0.096612,-0.58211,1.8977
-0.44255,-1.608,2.2968,0.44331,-1.6065,2.2957,0.10848,-0.61099,1.9032,-0.095999,-0.61589,1.9101
-0.46494,-1.6113,2.334,0.4638,-1.6103,2.3328,0.10823,-0.64048,1.9108,-0.095801,-0.64555,1.9177
-0.48053,-1.608,2.346,0.47771,-1.6071,2.3448,0.10753,-0.66732,1.9116,-0.095034,-0.67252,1.9186
-0.48633,-1.5974,2.34,0.48199,-1.5968,2.3388,0.10583,-0.69193,1.9042,-0.093227,-0.69731,1.9115
-0.48244,-1.5775,2.323,0.47779,-1.5776,2.3217,0.1047,-0.71351,1.8961,-0.092148,-0.71887,1.9032
-0.47419,-1.5463,2.2978,0.46887,-1.547,2.2966,0.10257,-0.73341,1.8816,-0.090886,-0.73778,1.8907
-0.46039,-1.5044,2.2647,0.4536,-1.5057,2.2636,0.10036,-0.74728,1.86,-0.088771,-0.75281,1.8676
-0.43987,-1.4568,2.2224,0.43203,-1.4584,2.2214,0.098286,-0.75651,1.8321,-0.087339,-0.76197,1.8395
-0.41209,-1.4151,2.1678,0.40322,-1.417,2.167,0.098422,-0.76698,1.8139,-0.087592,-0.77242,1.8213
-0.38096,-1.3732,2.1147,0.3708,-1.3752,2.1142,0.098573,-0.77213,1.8149,-0.08785,-0.77756,1.8222
-0.35482,-1.3234,2.0765,0.34318,-1.3254,2.0761,0.099082,-0.76993,1.8333,-0.088672,-0.77532,1.8406
-0.34035,-1.2786,2.0423,0.32791,-1.2807,2.0421,0.10057,-0.76246,1.8701,-0.09053,-0.76771,1.8774
-0.32959,-1.2304,1.9846,0.31726,-1.2326,1.9844,0.10158,-0.74866,1.924,-0.091963,-0.75365,1.9313
-0.31898,-1.1873,1.9205,0.30731,-1.1893,1.9201,0.10161,-0.72754,1.9922,-0.092116,-0.7322,1.9994
-0.3221,-1.2159,1.9252,0.31083,-1.2178,1.9247,0.10049,-0.70098,2.0684,-0.091305,-0.70521,2.0755
-0.32368,-1.2405,1.9216,0.31311,-1.243,1.9218,0.097364,-0.66538,2.1461,-0.088664,-0.66908,2.153
-0.32373,-1.261,1.9099,0.31382,-1.2642,1.9105,0.091317,-0.62005,2.219,-0.083101,-0.62315,2.2257
-0.32303,-1.2781,1.8923,0.31274,-1.2803,1.8922,0.08172,-0.56445,2.2807,-0.074705,-0.56695,2.287
-0.32107,-1.2904,1.869,0.31115,-1.2936,1.8699,0.069291,-0.49925,2.3248,-0.062809,-0.5011,2.3306
-0.31831,-1.2984,1.8423,0.30849,-1.3011,1.8426,0.052393,-0.41475,2.3411,-0.04661,-0.41599,2.3462
-0.31561,-1.3052,1.8149,0.30573,-1.3065,1.8144,0.031805,-0.30983,2.3221,-0.027263,-0.31064,2.327
-0.31181,-1.3069,1.7828,0.30274,-1.3098,1.7833,0.0053674,-0.18962,2.2633,-0.0022582,-0.19018,2.2676
-0.30736,-1.3049,1.7451,0.29838,-1.3074,1.7452,-0.028112,-0.069159,2.1682,0.028868,-0.06961,2.1718
-0.30236,-1.3007,1.7004,0.29318,-1.3016,1.6997,-0.066169,0.035608,2.0487,0.063896,0.035145,2.0517
-0.29609,-1.2911,1.6452,0.28757,-1.2938,1.6457,-0.10464,0.11219,1.9205,0.099255,0.11159,1.923
-0.28923,-1.2782,1.5799,0.28114,-1.2806,1.5803,-0.13779,0.15784,1.7954,0.1291,0.15703,1.7976
-0.28237,-1.263,1.5049,0.27456,-1.2644,1.5045,-0.15872,0.17659,1.6802,0.14684,0.17546,1.6821
-0.27503,-1.2431,1.4181,0.26822,-1.2447,1.4181,-0.1632,0.17606,1.5773,0.14923,0.1745,1.5786
-0.26878,-1.2223,1.3251,0.26264,-1.2236,1.3247,-0.15142,0.16507,1.4854,0.13655,0.16316,1.4862
-0.26592,-1.2042,1.2528,0.26044,-1.2054,1.2518,-0.12459,0.14521,1.4052,0.11007,0.14317,1.4052
-0.26508,-1.1955,1.1986,0.26018,-1.1962,1.1973,-0.092323,0.12079,1.3372,0.079403,0.11902,1.3364
-0.2644,-1.1962,1.1564,0.25998,-1.1965,1.1548,-0.065277,0.091511,1.2834,0.054759,0.090326,1.2821
-0.265,-1.2005,1.125,0.26106,-1.2004,1.1232,-0.050545,0.037507,1.2345,0.042546,0.037014,1.2329
-0.26699,-1.2032,1.1041,0.26427,-1.2029,1.1018,-0.052537,-0.040531,1.2016,0.045856,-0.040588,1.1997
-0.27091,-1.2038,1.0923,0.27016,-1.2032,1.0896,-0.051823,-0.088162,1.2329,0.045796,-0.088066,1.2308
-0.27418,-1.2037,1.0897,0.27602,-1.2031,1.087,-0.051106,-0.13177,1.2548,0.045563,-0.13152,1.2525
-0.2734,-1.2033,1.0933,0.27645,-1.2028,1.0906,-0.050712,-0.17245,1.2711,0.044984,-0.17209,1.2687
-0.27358,-1.2012,1.1035,0.27669,-1.2004,1.1007,-0.050394,-0.21026,1.2804,0.044212,-0.20984,1.278
-0.27329,-1.1956,1.1212,0.27651,-1.1946,1.1183,-0.049897,-0.24413,1.2805,0.043422,-0.24363,1.278
-0.27268,-1.1879,1.1457,0.27626,-1.1868,1.1426,-0.049429,-0.27365,1.2609,0.042901,-0.27304,1.2584
-0.27069,-1.1788,1.1752,0.27524,-1.1776,1.1719,-0.048712,-0.29852,1.2311,0.042437,-0.29777,1.2284
-0.26719,-1.1688,1.2076,0.27261,-1.1676,1.2042,-0.047507,-0.31644,1.1914,0.04148,-0.31554,1.1885
-0.26275,-1.1581,1.2414,0.26879,-1.1568,1.238,-0.046481,-0.33017,1.1431,0.040584,-0.32912,1.1399
-0.25874,-1.1456,1.2759,0.26523,-1.1444,1.2726,-0.045959,-0.3389,1.0822,0.039802,-0.33774,1.0789
-0.25397,-1.1311,1.3105,0.26092,-1.13,1.3073,-0.045513,-0.34441,1.0156,0.039173,-0.34342,1.0121
-0.25146,-1.114,1.344,0.25872,-1.1129,1.341,-0.044846,-0.34345,0.93927,0.038549,-0.34226,0.93548
-0.25025,-1.0937,1.3753,0.25773,-1.0927,1.3724,-0.044145,-0.33456,0.8477,0.037943,-0.33312,0.84343
-0.24826,-1.0718,1.4018,0.25599,-1.0709,1.3991,-0.043703,-0.31768,0.74201,0.037649,-0.3159,0.73708
-0.24294,-1.0559,1.4175,0.25027,-1.0552,1.4149,-0.043521,-0.30078,0.6525,0.037462,-0.29867,0.64693
-0.23723,-1.0396,1.4275,0.24406,-1.039,1.4252,-0.043185,-0.28609,0.58704,0.037021,-0.28372,0.58094
-0.23322,-1.0178,1.436,0.23983,-1.0173,1.4339,-0.041917,-0.27339,0.54234,0.035846,-0.27082,0.53577
-0.23014,-0.98558,1.4464,0.237,-0.98521,1.4444,-0.039741,-0.26268,0.51555,0.033853,-0.25995,0.50855
-0.22817,-0.94761,1.4551,0.23548,-0.94734,1.4533,-0.036774,-0.25421,0.50441,0.031093,-0.25133,0.49701
-0.22671,-0.90993,1.4574,0.23438,-0.90972,1.4557,-0.033403,-0.24745,0.50586,0.028001,-0.24445,0.49806
-0.22443,-0.87171,1.457,0.23248,-0.87155,1.4554,-0.03008,-0.2402,0.5147,0.025069,-0.23707,0.5065
-0.22172,-0.83291,1.4551,0.2302,-0.83283,1.4537,-0.026752,-0.23184,0.53093,0.022195,-0.22858,0.5223
-0.21918,-0.79395,1.45,0.22814,-0.79395,1.4486,-0.023319,-0.22314,0.55418,0.01924,-0.21973,0.5451
-0.2168,-0.75472,1.4408,0.22625,-0.75479,1.4395,-0.019878,-0.21453,0.58401,0.016303,-0.21098,0.57445
-0.2144,-0.71514,1.4273,0.22436,-0.71526,1.4261,-0.01653,-0.2064,0.61976,0.013485,-0.20271,0.60971
-0.2119,-0.67541,1.4095,0.22237,-0.67557,1.4084,-0.013332,-0.19898,0.66055,0.010835,-0.19515,0.64999
-0.20927,-0.6357,1.388,0.22025,-0.6359,1.3869,-0.010346,-0.19231,0.70516,0.0084227,-0.18836,0.69412
-0.20656,-0.59645,1.3631,0.21804,-0.59667,1.3621,-0.0076098,-0.18637,0.75196,0.0062884,-0.18234,0.74048
-0.20382,-0.55792,1.3356,0.21582,-0.55817,1.3347,-0.0051885,-0.18094,0.79884,0.0045069,-0.17688,0.78701
-0.20115,-0.52073,1.3063,0.21366,-0.52099,1.3054,-0.0030597,-0.1757,0.84332,0.0030626,-0.17167,0.83126
-0.19857,-0.48567,1.2759,0.21157,-0.48595,1.275,-0.0010162,-0.16997,0.88327,0.0017493,-0.16605,0.87112
-0.19605,-0.45314,1.2454,0.20954,-0.45343,1.2445,0.0011421,-0.16302,0.91717,0.00036448,-0.15927,0.90508
-0.19368,-0.42354,1.2159,0.20764,-0.42384,1.2151,0.0035412,-0.15453,0.94397,-0.0012276,-0.15102,0.93211
-0.19154,-0.39732,1.1885,0.20596,-0.39763,1.1876,0.0062234,-0.14477,0.96321,-0.0030771,-0.14155,0.95172
-0.18965,-0.37541,1.1639,0.20449,-0.37573,1.1631,0.0091983,-0.13299,0.97551,-0.0051818,-0.1301,0.96449
-0.18797,-0.35888,1.1432,0.2032,-0.3592,1.1423,0.012425,-0.1183,0.98183,-0.0074889,-0.11575,0.97141
-0.18668,-0.34753,1.1278,0.20223,-0.34785,1.1269,0.015852,-0.10508,0.98263,-0.010058,-0.10286,0.97264
-0.1858,-0.34175,1.1188,0.2016,-0.34206,1.1178,0.019489,-0.095805,0.98261,-0.012969,-0.093743,0.97267
-0.1852,-0.34183,1.1168,0.2012,-0.34213,1.1157,0.023498,-0.090442,0.98289,-0.016366,-0.088437,0.97294
-0.18474,-0.34576,1.1176,0.20088,-0.34606,1.1164,0.027911,-0.088401,0.98457,-0.020313,-0.086369,0.97445
-0.18243,-0.34867,1.1209,0.1997,-0.34888,1.1196,0.029014,-0.10912,1.083,-0.019863,-0.11005,1.0843
-0.18493,-0.37769,1.1681,0.20199,-0.37799,1.1668,0.029883,-0.16008,1.217,-0.021322,-0.16128,1.214
-0.19374,-0.45206,1.309,0.2109,-0.45205,1.3071,0.030969,-0.21682,1.3411,-0.022546,-0.21785,1.338
-0.19887,-0.49684,1.4197,0.2161,-0.49573,1.4162,0.031594,-0.25972,1.4488,-0.023193,-0.26184,1.4465
-0.20813,-0.55555,1.5259,0.22576,-0.5545,1.5225,0.032888,-0.30487,1.5503,-0.02458,-0.30695,1.5469
-0.21638,-0.60417,1.6053,0.23415,-0.60323,1.6028,0.033293,-0.3439,1.6299,-0.025256,-0.34618,1.6271
-0.22329,-0.6447,1.6657,0.2405,-0.64353,1.6619,0.033804,-0.37701,1.6968,-0.026856,-0.37932,1.6935
-0.22848,-0.67887,1.7091,0.24575,-0.67775,1.7056,0.033854,-0.40696,1.7482,-0.027344,-0.40929,1.7454
-0.23247,-0.70802,1.7414,0.24965,-0.70726,1.7378,0.034219,-0.43333,1.7927,-0.028485,-0.43561,1.7894
-0.23541,-0.73397,1.7641,0.25252,-0.73329,1.7615,0.034639,-0.458,1.831,-0.029396,-0.46021,1.8272
-0.23777,-0.75806,1.7833,0.25496,-0.75729,1.7809,0.034504,-0.48206,1.8626,-0.030095,-0.48357,1.8608
-0.23993,-0.78083,1.7963,0.25629,-0.77993,1.7935,0.034507,-0.50551,1.8932,-0.0307,-0.50761,1.8895
-0.24072,-0.80175,1.8019,0.25666,-0.80096,1.7996,0.03463,-0.52977,1.9207,-0.031505,-0.53185,1.9162
-0.24028,-0.82158,1.8006,0.25633,-0.82086,1.7974,0.034494,-0.55625,1.9435,-0.031972,-0.55756,1.9406
-0.2388,-0.8409,1.7912,0.25509,-0.83992,1.7887,0.034963,-0.58462,1.9662,-0.032192,-0.58587,1.9638
-0.23678,-0.85996,1.7768,0.25338,-0.85893,1.7743,0.035441,-0.61744,1.9899,-0.032047,-0.61936,1.9855
-0.23698,-0.8692,1.7738,0.25359,-0.86812,1.7713,0.035694,-0.64854,2.009,-0.032182,-0.65026,2.0046
-0.23821,-0.87387,1.785,0.25486,-0.87278,1.7825,0.035469,-0.67742,2.0218,-0.031658,-0.67903,2.0181
-0.24028,-0.88078,1.8119,0.25692,-0.87978,1.8093,0.035534,-0.70343,2.0345,-0.031894,-0.70492,2.0306
-0.24596,-0.89226,1.8562,0.26277,-0.89131,1.8534,0.035582,-0.72796,2.0451,-0.032085,-0.72931,2.0411
-0.25579,-0.90726,1.9165,0.27267,-0.90631,1.9137,0.03561,-0.75067,2.0522,-0.03214,-0.75187,2.048
-0.2694,-0.92456,1.9893,0.28606,-0.92364,1.9865,0.034989,-0.77231,2.0528,-0.031561,-0.77337,2.0485
-0.28684,-0.94383,2.0684,0.30289,-0.943,2.0656,0.034654,-0.79139,2.0509,-0.03154,-0.79231,2.0466
-0.30754,-0.96515,2.1465,0.32284,-0.96451,2.1437,0.034163,-0.80915,2.0457,-0.031522,-0.80993,2.0413
-0.33001,-0.98922,2.2157,0.34462,-0.98881,2.2128,0.033517,-0.82583,2.0369,-0.03138,-0.82646,2.0327
-0.35258,-1.0165,2.2678,0.36658,-1.0163,2.2649,0.032296,-0.84166,2.0233,-0.030685,-0.84211,2.0191
-0.37123,-1.0476,2.2955,0.38486,-1.0476,2.2927,0.031838,-0.85539,2.0105,-0.030374,-0.85571,2.0062
-0.38359,-1.0811,2.2963,0.3966,-1.0813,2.2935,0.031202,-0.86674,1.9951,-0.030164,-0.86694,1.9908
-0.38625,-1.1138,2.2749,0.39875,-1.114,2.2722,0.02988,-0.87506,1.973,-0.029243,-0.87508,1.9685
-0.38107,-1.1422,2.2331,0.39349,-1.1424,2.2305,0.029362,-0.87748,1.9455,-0.028512,-0.87735,1.9409
-0.36848,-1.1651,2.1726,0.381,-1.1652,2.1703,0.028879,-0.87455,1.9115,-0.027554,-0.87426,1.9067
-0.34783,-1.1769,2.0996,0.36052,-1.1768,2.0974,0.0286,-0.86666,1.8713,-0.025898,-0.86636,1.8633
-0.32048,-1.1731,2.0234,0.33308,-1.173,2.0213,0.028847,-0.86655,1.8443,-0.026505,-0.86488,1.8345
-0.29159,-1.132,1.9674,0.30478,-1.1318,1.9654,0.029702,-0.86498,1.8412,-0.027605,-0.86296,1.8306
-0.27385,-1.0659,1.9303,0.28766,-1.0656,1.9284,0.03332,-0.85755,1.8593,-0.031437,-0.855,1.8486
-0.27007,-1.0077,1.8954,0.28378,-1.0072,1.8936,0.040315,-0.84399,1.8968,-0.038631,-0.84119,1.8861
-0.26686,-0.95429,1.8241,0.27995,-0.95348,1.8225,0.047996,-0.8262,1.9507,-0.046401,-0.82361,1.9402
-0.27031,-0.97444,1.8416,0.28307,-0.97369,1.8401,0.054881,-0.80859,2.0165,-0.053391,-0.80656,2.0061
-0.27296,-0.99445,1.853,0.28526,-0.99378,1.8517,0.059278,-0.7849,2.0891,-0.058098,-0.78368,2.079
-0.27486,-1.0141,1.8591,0.28663,-1.0135,1.8579,0.062176,-0.75637,2.1627,-0.061463,-0.75615,2.1529
-0.27629,-1.0336,1.8611,0.28701,-1.0316,1.8583,0.064674,-0.72495,2.2314,-0.064653,-0.72587,2.2222
-0.27688,-1.0509,1.8583,0.28712,-1.0495,1.856,0.06695,-0.68711,2.2906,-0.067383,-0.68923,2.2819
-0.27737,-1.0685,1.8556,0.28743,-1.0672,1.8535,0.069501,-0.64034,2.3344,-0.07005,-0.64356,2.3265
-0.27759,-1.0846,1.8509,0.28749,-1.0834,1.8489,0.070404,-0.58447,2.3568,-0.071104,-0.58864,2.3499
-0.27762,-1.1007,1.8446,0.28735,-1.0985,1.8419,0.070328,-0.52069,2.353,-0.070932,-0.52558,2.347
-0.27699,-1.1144,1.8341,0.28687,-1.1132,1.8322,0.070046,-0.45269,2.3239,-0.070599,-0.45793,2.3187
-0.27603,-1.1275,1.8199,0.28575,-1.1262,1.818,0.069757,-0.38555,2.2694,-0.070316,-0.39085,2.2652
-0.27466,-1.1406,1.8016,0.28416,-1.1395,1.7999,0.069499,-0.32614,2.1944,-0.069931,-0.33122,2.1911
-0.27314,-1.1532,1.7791,0.28199,-1.1518,1.7768,0.069346,-0.28102,2.1064,-0.069884,-0.2856,2.1037
-0.27113,-1.1654,1.7509,0.27965,-1.1645,1.7492,0.06939,-0.25439,2.0135,-0.069789,-0.25829,2.0112
-0.26921,-1.1791,1.7209,0.27768,-1.1787,1.7198,0.070381,-0.24437,1.9219,-0.07003,-0.2475,1.9198
-0.26712,-1.1929,1.6881,0.27582,-1.1917,1.686,0.071947,-0.24522,1.8357,-0.070554,-0.24754,1.8338
-0.26654,-1.202,1.6702,0.27537,-1.2005,1.6678,0.075208,-0.24745,1.7576,-0.07244,-0.24913,1.7559
-0.26673,-1.2137,1.6697,0.27547,-1.212,1.667,0.080199,-0.25254,1.6914,-0.075886,-0.25385,1.69
-0.2681,-1.2337,1.682,0.27652,-1.2319,1.679,0.086594,-0.26973,1.6427,-0.081188,-0.2709,1.6415
-0.27164,-1.261,1.7106,0.28011,-1.2591,1.7074,0.090087,-0.30414,1.6061,-0.08415,-0.30529,1.6051
-0.28014,-1.2888,1.7581,0.28858,-1.2869,1.7548,0.0901,-0.34941,1.645,-0.084171,-0.35059,1.6442
-0.29544,-1.3199,1.8203,0.30357,-1.318,1.8171,0.091626,-0.38892,1.6919,-0.085819,-0.39014,1.6912
-0.31031,-1.3536,1.895,0.31783,-1.3517,1.8917,0.093155,-0.4255,1.7351,-0.08753,-0.42676,1.7346
-0.3277,-1.3871,1.9788,0.3344,-1.3853,1.9757,0.094619,-0.45985,1.7741,-0.089171,-0.46114,1.7738
-0.34776,-1.4163,2.0681,0.35347,-1.4147,2.0651,0.094897,-0.49277,1.803,-0.089755,-0.49409,1.8031
-0.36968,-1.4387,2.1568,0.37424,-1.4373,2.1539,0.095306,-0.52189,1.8261,-0.09084,-0.52319,1.8263
-0.39328,-1.4545,2.2361,0.39707,-1.4534,2.2333,0.095545,-0.54888,1.8434,-0.091473,-0.55012,1.8436
-0.41687,-1.4636,2.2989,0.41999,-1.4627,2.2963,0.094742,-0.57495,1.8521,-0.09092,-0.57613,1.8525
-0.43706,-1.466,2.3393,0.43955,-1.4654,2.3369,0.094495,-0.59755,1.8572,-0.090648,-0.59865,1.8577
-0.45168,-1.4639,2.3568,0.45341,-1.4635,2.3547,0.094217,-0.61787,1.8583,-0.089985,-0.61887,1.8586
-0.45647,-1.4563,2.3554,0.45706,-1.4562,2.3536,0.093677,-0.63666,1.8566,-0.088641,-0.63837,1.8556
-0.45588,-1.44,2.3427,0.45601,-1.4403,2.3412,0.092988,-0.65286,1.8508,-0.087751,-0.65437,1.8496
-0.4513,-1.4129,2.3204,0.45147,-1.4136,2.319,0.091533,-0.66647,1.8368,-0.086338,-0.66699,1.8379
-0.44012,-1.3758,2.2882,0.44037,-1.3767,2.2869,0.090457,-0.67456,1.8181,-0.084645,-0.67515,1.8198
-0.42303,-1.3346,2.2435,0.42325,-1.3357,2.2422,0.088896,-0.67735,1.7919,-0.081963,-0.67849,1.7904
-0.39991,-1.293,2.188,0.40127,-1.2941,2.1866,0.086932,-0.6761,1.756,-0.079758,-0.67614,1.7563
-0.37001,-1.2527,2.1276,0.37274,-1.2537,2.126,0.087499,-0.67797,1.7329,-0.080056,-0.67811,1.7336
-0.33728,-1.1934,2.0818,0.34178,-1.1941,2.0801,0.088699,-0.6775,1.731,-0.080581,-0.67776,1.732
-0.31422,-1.1225,2.0489,0.32053,-1.1228,2.0471,0.092459,-0.67383,1.748,-0.083465,-0.67418,1.7491
-0.30519,-1.0635,2.0148,0.31301,-1.0636,2.0129,0.099277,-0.6665,1.7829,-0.08937,-0.66692,1.7842
-0.29717,-0.99986,1.9321,0.30503,-0.9996,1.9305,0.10659,-0.65652,1.8339,-0.096077,-0.657,1.8352
-0.29405,-0.97457,1.8836,0.29905,-0.96401,1.8677,0.11393,-0.64736,1.898,-0.10368,-0.64804,1.8994
-0.29676,-0.99827,1.8956,0.30188,-0.98745,1.8798,0.12101,-0.638,1.9707,-0.10914,-0.63868,1.9719
-0.29748,-1.0204,1.9002,0.30445,-1.0104,1.8857,0.1257,-0.62679,2.0463,-0.11249,-0.62708,2.0472
-0.29747,-1.0424,1.9,0.30621,-1.0328,1.8866,0.12793,-0.61532,2.1198,-0.11617,-0.61519,2.12
-0.29733,-1.062,1.8955,0.30708,-1.0546,1.8852,0.12855,-0.59985,2.1861,-0.11923,-0.59975,2.1854
-0.29736,-1.0813,1.8906,0.30801,-1.0765,1.884,0.12986,-0.57761,2.2395,-0.12121,-0.57789,2.2382
-0.29751,-1.1001,1.8849,0.30858,-1.0968,1.8814,0.12982,-0.5475,2.2738,-0.12125,-0.5482,2.2723
-0.29715,-1.1162,1.8761,0.30819,-1.1138,1.8731,0.12937,-0.50925,2.283,-0.1205,-0.51027,2.2816
-0.29663,-1.1316,1.865,0.30704,-1.1281,1.8612,0.12785,-0.46505,2.268,-0.1186,-0.46635,2.2668
-0.29524,-1.1443,1.8494,0.30573,-1.142,1.8466,0.12456,-0.41865,2.2299,-0.11376,-0.42016,2.2293
-0.29377,-1.1569,1.8306,0.30339,-1.1534,1.8267,0.11899,-0.37536,2.1717,-0.10666,-0.37697,2.1718
-0.29173,-1.1677,1.8066,0.30077,-1.1648,1.8033,0.11231,-0.34053,2.0991,-0.098253,-0.34216,2.0999
-0.2897,-1.1788,1.7782,0.2976,-1.1767,1.7757,0.10583,-0.31806,2.0186,-0.090529,-0.31973,2.0201
-0.28793,-1.1916,1.748,0.29451,-1.1888,1.7447,0.10126,-0.30764,1.9362,-0.085231,-0.30942,1.9382
-0.28554,-1.2036,1.7132,0.29194,-1.2017,1.711,0.099359,-0.30713,1.8567,-0.082462,-0.30907,1.8591
-0.2849,-1.2111,1.6946,0.29112,-1.2095,1.6927,0.098993,-0.30846,1.7838,-0.082349,-0.3107,1.7864
-0.28511,-1.222,1.6944,0.29141,-1.2207,1.6929,0.09905,-0.31369,1.722,-0.082517,-0.31632,1.7247
-0.28674,-1.2421,1.708,0.29252,-1.241,1.7067,0.099227,-0.33099,1.6769,-0.083977,-0.334,1.6794
-0.29127,-1.2698,1.7391,0.29557,-1.2688,1.7381,0.098508,-0.36477,1.6547,-0.085908,-0.36806,1.6569
-0.3015,-1.2981,1.7899,0.30456,-1.2973,1.789,0.099912,-0.40768,1.7055,-0.088291,-0.41121,1.7082
-0.31779,-1.3303,1.8555,0.31953,-1.3296,1.8547,0.10056,-0.44783,1.7463,-0.089428,-0.4516,1.75
-0.33402,-1.3657,1.9323,0.33362,-1.3652,1.9315,0.10159,-0.48359,1.7852,-0.091636,-0.48747,1.7886
-0.3524,-1.4022,2.0159,0.35079,-1.402,2.0151,0.10199,-0.51807,1.8173,-0.093433,-0.52085,1.8226
-0.37285,-1.4341,2.103,0.37059,-1.434,2.1022,0.10312,-0.5482,1.8431,-0.093674,-0.55236,1.8475
-0.39505,-1.458,2.1875,0.39143,-1.4582,2.1867,0.10345,-0.57532,1.8622,-0.09466,-0.57951,1.8663
-0.41828,-1.474,2.2603,0.41371,-1.4745,2.2595,0.10357,-0.5997,1.8748,-0.095075,-0.6039,1.8785
-0.4402,-1.4818,2.3134,0.43522,-1.4825,2.3126,0.10265,-0.62252,1.8778,-0.094832,-0.62568,1.8845
-0.45751,-1.4825,2.3418,0.45168,-1.4835,2.341,0.10203,-0.6416,1.8774,-0.093575,-0.64589,1.8817
-0.46705,-1.4786,2.3467,0.46091,-1.4799,2.3459,0.10126,-0.65848,1.873,-0.092786,-0.66268,1.8769
-0.4662,-1.4683,2.3363,0.46042,-1.4698,2.3353,0.099835,-0.67456,1.8645,-0.091786,-0.67767,1.8702
-0.461,-1.4484,2.3146,0.45567,-1.4499,2.3135,0.099062,-0.68674,1.8528,-0.089625,-0.69103,1.8572
-0.44968,-1.417,2.283,0.44463,-1.4184,2.2818,0.097846,-0.69483,1.8348,-0.087927,-0.69892,1.8385
-0.43109,-1.3761,2.2413,0.42653,-1.3776,2.24,0.096196,-0.6978,1.8096,-0.086008,-0.70164,1.8128
-0.40723,-1.3349,2.1861,0.40452,-1.3362,2.1844,0.094104,-0.69695,1.7744,-0.083707,-0.69997,1.7804
-0.37704,-1.2983,2.1216,0.37591,-1.2993,2.1197,0.094734,-0.69895,1.7523,-0.084153,-0.70228,1.7591
-0.34558,-1.2641,2.0573,0.34606,-1.2648,2.0551,0.096759,-0.69863,1.751,-0.085659,-0.70203,1.7582
-0.31761,-1.2072,2.0176,0.31966,-1.2076,2.0154,0.099796,-0.69397,1.7683,-0.087874,-0.69737,1.7757
-0.30268,-1.1394,1.9927,0.30614,-1.1395,1.9905,0.1053,-0.68477,1.8037,-0.09249,-0.68828,1.8112
-0.29283,-1.0644,1.9191,0.29654,-1.064,1.9171,0.11252,-0.67263,1.8552,-0.099131,-0.67622,1.8628
-0.28497,-1.0109,1.8469,0.28885,-1.0103,1.8452,0.12051,-0.65987,1.9198,-0.10653,-0.66341,1.9273
-0.28747,-1.0327,1.8587,0.29187,-1.0319,1.8568,0.12715,-0.64705,1.9925,-0.11278,-0.65042,1.9999
-0.28919,-1.0536,1.8646,0.29392,-1.0527,1.8627,0.13141,-0.6281,2.0679,-0.1167,-0.6312,2.0751
-0.29026,-1.0733,1.8657,0.29513,-1.0724,1.8637,0.13406,-0.60399,2.1399,-0.11897,-0.60677,2.1469
-0.29096,-1.0922,1.8636,0.29585,-1.0913,1.8616,0.13588,-0.57719,2.2028,-0.12026,-0.57958,2.2095
-0.29158,-1.1102,1.8598,0.29624,-1.1094,1.8579,0.13654,-0.5449,2.2512,-0.1206,-0.54691,2.2576
-0.29243,-1.1284,1.8565,0.2968,-1.1276,1.8546,0.1371,-0.50587,2.2791,-0.12067,-0.50755,2.2854
-0.29281,-1.1442,1.85,0.2966,-1.143,1.8475,0.13662,-0.46138,2.2821,-0.12007,-0.46277,2.2883
-0.29237,-1.1574,1.8389,0.2959,-1.1561,1.8364,0.13502,-0.41374,2.2619,-0.11821,-0.41495,2.268
-0.29167,-1.1701,1.8251,0.29485,-1.169,1.8229,0.13113,-0.36624,2.2188,-0.11431,-0.36743,2.2248
-0.2906,-1.1809,1.8065,0.29289,-1.1797,1.8043,0.1245,-0.32288,2.1561,-0.10819,-0.32426,2.162
-0.28915,-1.1915,1.7836,0.29052,-1.1907,1.7819,0.11619,-0.28817,2.0795,-0.1007,-0.28989,2.0852
-0.28748,-1.2014,1.7561,0.2876,-1.2003,1.7539,0.10763,-0.26541,1.9958,-0.093444,-0.26762,2.0012
-0.28521,-1.211,1.7224,0.28476,-1.2105,1.7208,0.10074,-0.25597,1.911,-0.087917,-0.25872,1.9161
-0.28329,-1.2226,1.689,0.28253,-1.2219,1.6872,0.096907,-0.256,1.83,-0.085531,-0.25925,1.8348
-0.28298,-1.2302,1.6718,0.28216,-1.2298,1.6699,0.096244,-0.2585,1.7566,-0.085654,-0.26218,1.7609
-0.28324,-1.2405,1.6709,0.28234,-1.2402,1.6691,0.096299,-0.26392,1.695,-0.085832,-0.26782,1.6991
-0.28383,-1.2584,1.682,0.28304,-1.2579,1.6803,0.096576,-0.27532,1.65,-0.086228,-0.27926,1.6539
-0.28746,-1.2835,1.7083,0.28648,-1.2831,1.7067,0.09476,-0.30632,1.6158,-0.085558,-0.31018,1.6193
-0.29679,-1.3084,1.7532,0.29571,-1.308,1.7516,0.096567,-0.34676,1.6667,-0.087285,-0.35067,1.6702
-0.3109,-1.3335,1.8155,0.30943,-1.3331,1.8138,0.098183,-0.38451,1.7126,-0.089096,-0.38847,1.7161
-0.32766,-1.3638,1.8873,0.3257,-1.3636,1.8856,0.099691,-0.42015,1.754,-0.090857,-0.42416,1.7576
-0.34261,-1.3991,1.9647,0.34018,-1.3989,1.963,0.10102,-0.45411,1.7909,-0.092296,-0.45815,1.7945
-0.35999,-1.4347,2.046,0.35672,-1.4347,2.0443,0.10145,-0.48758,1.8215,-0.09309,-0.49166,1.8249
-0.38003,-1.4646,2.1291,0.37605,-1.4649,2.1273,0.10219,-0.51799,1.8482,-0.094458,-0.52208,1.8519
-0.40162,-1.4857,2.2091,0.39733,-1.4861,2.2073,0.1028,-0.5464,1.8695,-0.095356,-0.55047,1.8733
-0.42458,-1.4977,2.2783,0.41966,-1.4982,2.2767,0.10314,-0.57288,1.8851,-0.095019,-0.57809,1.8867
-0.44652,-1.5017,2.3293,0.44122,-1.5024,2.3278,0.10237,-0.59861,1.8917,-0.094869,-0.60251,1.8951
-0.46402,-1.5013,2.3569,0.45854,-1.5022,2.3553,0.10207,-0.62101,1.8956,-0.094476,-0.62481,1.899
-0.47416,-1.4986,2.3626,0.46893,-1.4997,2.3608,0.10156,-0.64117,1.8956,-0.09387,-0.64484,1.8989
-0.47397,-1.491,2.3542,0.46934,-1.4922,2.3521,0.10078,-0.65985,1.8928,-0.09303,-0.66333,1.8956
-0.4702,-1.4749,2.3366,0.46628,-1.4762,2.3342,0.099103,-0.67715,1.884,-0.09147,-0.68044,1.8867
-0.46118,-1.4481,2.3105,0.45815,-1.4493,2.308,0.097799,-0.68989,1.8712,-0.090307,-0.69303,1.8738
-0.44539,-1.412,2.2754,0.44335,-1.4129,2.2728,0.096197,-0.69831,1.8521,-0.088814,-0.7013,1.8547
-0.42465,-1.3729,2.2279,0.4234,-1.3736,2.2253,0.09347,-0.7026,1.8237,-0.086175,-0.70543,1.826
-0.39969,-1.3337,2.17,0.39942,-1.3341,2.1675,0.091851,-0.70103,1.7893,-0.083985,-0.70373,1.7914
-0.36919,-1.2949,2.1084,0.36949,-1.2953,2.1058,0.092054,-0.70328,1.7664,-0.084362,-0.70586,1.7684
-0.33634,-1.2343,2.0648,0.33776,-1.2346,2.0622,0.092792,-0.70262,1.7646,-0.084757,-0.70516,1.7665
-0.31405,-1.1609,2.0355,0.3168,-1.1611,2.0329,0.096274,-0.69825,1.7814,-0.087705,-0.70079,1.7833
-0.30639,-1.1019,2.0028,0.31019,-1.1021,2.0002,0.10306,-0.68934,1.816,-0.094011,-0.6919,1.818
-0.299,-1.0391,1.9259,0.30292,-1.0391,1.9235,0.11033,-0.67666,1.8663,-0.10098,-0.67925,1.8684
-0.29001,-0.98399,1.8416,0.29387,-0.9837,1.8394,0.11771,-0.66276,1.9294,-0.10801,-0.66537,1.9316
-0.29283,-1.0063,1.8549,0.29697,-1.0059,1.8525,0.12469,-0.64993,2.0009,-0.11474,-0.65251,2.0031
-0.29477,-1.028,1.8617,0.299,-1.0276,1.8594,0.12928,-0.63373,2.075,-0.11922,-0.6363,2.0772
-0.2956,-1.0481,1.8619,0.29983,-1.0476,1.8595,0.13271,-0.61522,2.1461,-0.12246,-0.61775,2.1482
-0.29607,-1.0672,1.8588,0.30023,-1.0668,1.8564,0.13462,-0.59322,2.2089,-0.12415,-0.5957,2.211
-0.29632,-1.0849,1.8548,0.30064,-1.0854,1.8532,0.13602,-0.56622,2.2583,-0.12521,-0.56863,2.2605
-0.29691,-1.1029,1.8503,0.30063,-1.1024,1.848,0.13599,-0.53281,2.2887,-0.12522,-0.53515,2.291
-0.29682,-1.1186,1.8429,0.30069,-1.1191,1.8414,0.13558,-0.49297,2.2943,-0.12487,-0.49516,2.2966
-0.29656,-1.1335,1.833,0.29995,-1.1329,1.8308,0.13342,-0.44898,2.2764,-0.12336,-0.45103,2.2788
-0.29561,-1.146,1.8189,0.29886,-1.1455,1.8168,0.12887,-0.40453,2.2363,-0.11909,-0.40647,2.2387
-0.2943,-1.1582,1.8013,0.29725,-1.1577,1.7991,0.12192,-0.36462,2.1772,-0.11243,-0.36648,2.1796
-0.29265,-1.1695,1.7796,0.2953,-1.1694,1.7776,0.1137,-0.33413,2.1048,-0.10453,-0.33594,2.1072
-0.2906,-1.1803,1.7524,0.29283,-1.1803,1.7504,0.10581,-0.31611,2.0255,-0.097139,-0.31792,2.0279
-0.28898,-1.1935,1.7241,0.29055,-1.1929,1.7213,0.099969,-0.30958,1.9447,-0.0921,-0.31144,1.9471
-0.28701,-1.2057,1.6908,0.28847,-1.2058,1.6891,0.096938,-0.31098,1.8668,-0.089459,-0.31255,1.8691
-0.28654,-1.2133,1.6733,0.28793,-1.2137,1.6719,0.096269,-0.31325,1.7952,-0.08906,-0.31477,1.7973
-0.28681,-1.2238,1.6733,0.2882,-1.2243,1.672,0.09633,-0.31918,1.7345,-0.089203,-0.32087,1.7365
-0.28837,-1.2427,1.6861,0.28938,-1.2433,1.6849,0.096804,-0.33722,1.6905,-0.089894,-0.33917,1.6924
-0.29201,-1.2682,1.7154,0.29258,-1.2689,1.7143,0.096852,-0.37138,1.6694,-0.090621,-0.37352,1.6712
-0.30126,-1.294,1.7638,0.30151,-1.2947,1.7627,0.098759,-0.41335,1.7207,-0.092773,-0.41556,1.7226
-0.3162,-1.3234,1.8266,0.31621,-1.3242,1.8255,0.099819,-0.45292,1.763,-0.093911,-0.45521,1.7654
-0.33038,-1.3562,1.9007,0.3298,-1.3571,1.8996,0.10154,-0.48823,1.8026,-0.09572,-0.49056,1.8048
-0.34705,-1.3905,1.9824,0.34597,-1.3915,1.9812,0.10314,-0.52142,1.8381,-0.097452,-0.52377,1.8402
-0.36594,-1.4209,2.069,0.36473,-1.422,2.0677,0.10377,-0.55324,1.8652,-0.098774,-0.55443,1.8695
-0.38621,-1.444,2.1552,0.38451,-1.4453,2.154,0.10455,-0.58111,1.8865,-0.098939,-0.58349,1.8887
-0.40703,-1.4581,2.2343,0.40511,-1.4595,2.2331,0.10502,-0.60611,1.9015,-0.099437,-0.60847,1.9035
-0.42876,-1.4655,2.2964,0.42677,-1.467,2.2952,0.10511,-0.62902,1.9108,-0.09954,-0.63134,1.9126
-0.44805,-1.469,2.3338,0.44613,-1.4707,2.3325,0.10404,-0.65106,1.912,-0.09848,-0.65335,1.914
-0.46117,-1.4687,2.3463,0.45936,-1.4706,2.345,0.10341,-0.66988,1.9107,-0.097895,-0.6721,1.9126
-0.46401,-1.4661,2.3404,0.46244,-1.468,2.339,0.10274,-0.68725,1.908,-0.09726,-0.68938,1.9096
-0.46238,-1.4569,2.3236,0.46119,-1.4588,2.3221,0.10113,-0.70364,1.8996,-0.095678,-0.70573,1.9014
-0.45497,-1.4371,2.2977,0.45421,-1.4389,2.2962,0.099852,-0.71529,1.8862,-0.094384,-0.71726,1.8878
-0.44014,-1.4066,2.2628,0.43985,-1.4083,2.2613,0.098178,-0.72258,1.8663,-0.092788,-0.72441,1.8677
-0.41982,-1.3711,2.2159,0.42001,-1.3726,2.2145,0.096146,-0.72472,1.8389,-0.090822,-0.72642,1.8401
-0.39525,-1.3333,2.1587,0.39597,-1.3346,2.1573,0.093377,-0.72313,1.8016,-0.087943,-0.7248,1.8029
-0.36524,-1.2945,2.0976,0.36621,-1.2957,2.0962,0.093809,-0.72501,1.778,-0.088448,-0.72658,1.7792
-0.3332,-1.2325,2.0545,0.33454,-1.2335,2.0532,0.094402,-0.7242,1.776,-0.089048,-0.72571,1.7771
-0.31188,-1.1575,2.0255,0.31356,-1.1585,2.0243,0.097543,-0.71919,1.7932,-0.092206,-0.72067,1.7942
-0.30511,-1.0979,1.9927,0.30684,-1.0989,1.9916,0.10401,-0.70923,1.8283,-0.098769,-0.71069,1.8293
-0.29807,-1.0351,1.9144,0.29966,-1.036,1.9133,0.11107,-0.69531,1.8792,-0.10593,-0.69675,1.8802
-0.2907,-0.98952,1.8412,0.29217,-0.99029,1.84,0.11832,-0.68042,1.9428,-0.11325,-0.68181,1.9438
-0.29349,-1.0111,1.8534,0.29496,-1.0119,1.8522,0.12459,-0.66525,2.0142,-0.11964,-0.66659,2.0152
-0.29527,-1.0322,1.859,0.29672,-1.033,1.8578,0.12886,-0.64699,2.0877,-0.12408,-0.64828,2.0887
-0.29617,-1.0528,1.8588,0.29762,-1.0534,1.8576,0.13211,-0.62643,2.1578,-0.12749,-0.62766,2.1588
-0.2968,-1.0726,1.8565,0.29825,-1.0733,1.8552,0.13389,-0.60231,2.2194,-0.12942,-0.60347,2.2203
-0.29716,-1.0905,1.853,0.29845,-1.0906,1.8514,0.13504,-0.57318,2.2674,-0.13084,-0.57428,2.2683
-0.29716,-1.1071,1.8468,0.29875,-1.1082,1.8461,0.13493,-0.53766,2.2962,-0.13084,-0.53869,2.297
-0.29714,-1.1233,1.8392,0.2985,-1.1235,1.8378,0.13461,-0.49567,2.3003,-0.1304,-0.49668,2.3011
-0.29654,-1.137,1.828,0.29803,-1.1382,1.8274,0.13287,-0.44969,2.2812,-0.12856,-0.45062,2.282
-0.2958,-1.1503,1.8141,0.29674,-1.1504,1.8127,0.12804,-0.40339,2.2396,-0.12421,-0.40424,2.2404
-0.29423,-1.1614,1.7952,0.29529,-1.1627,1.7949,0.12071,-0.36182,2.1789,-0.11718,-0.36257,2.1797
-0.29261,-1.1733,1.7735,0.2932,-1.1733,1.772,0.11179,-0.32986,2.1052,-0.10893,-0.33056,2.1058
-0.29039,-1.1841,1.7461,0.29107,-1.1845,1.745,0.10326,-0.31059,2.0246,-0.10094,-0.31124,2.0251
-0.28836,-1.1961,1.7163,0.2892,-1.1973,1.7162,0.096907,-0.30304,1.9427,-0.095167,-0.30367,1.9431
-0.28651,-1.2089,1.6838,0.28712,-1.2093,1.6829,0.093094,-0.30399,1.864,-0.092338,-0.3046,1.8642
-0.28598,-1.2169,1.6663,0.2866,-1.2171,1.6651,0.092167,-0.30621,1.7917,-0.091903,-0.3068,1.7918
-0.28631,-1.2276,1.6663,0.2867,-1.2276,1.6649,0.092247,-0.3121,1.7306,-0.092104,-0.31262,1.7306
-0.28753,-1.2463,1.6792,0.28779,-1.2462,1.6776,0.092883,-0.32944,1.6862,-0.092765,-0.32987,1.6861
-0.29102,-1.2719,1.7087,0.29161,-1.2719,1.7069,0.091749,-0.36472,1.6525,-0.091488,-0.36507,1.6524
-0.29938,-1.2975,1.7576,0.30029,-1.2974,1.7558,0.093842,-0.40706,1.7046,-0.093335,-0.40737,1.7043
-0.31419,-1.3267,1.8212,0.31532,-1.3266,1.8192,0.095778,-0.44592,1.7504,-0.095129,-0.4462,1.7501
-0.32844,-1.359,1.8963,0.32976,-1.359,1.8943,0.0977,-0.48182,1.7925,-0.096975,-0.48206,1.7922
-0.34511,-1.3923,1.9796,0.34659,-1.3923,1.9777,0.09951,-0.51559,1.8304,-0.098751,-0.51578,1.83
-0.36411,-1.4213,2.0679,0.3657,-1.4214,2.066,0.10104,-0.54681,1.8622,-0.10028,-0.54696,1.8617
-0.38454,-1.4435,2.1554,0.38622,-1.4437,2.1535,0.1012,-0.57676,1.883,-0.10047,-0.57685,1.8825
-0.4065,-1.4591,2.2335,0.40828,-1.4595,2.2317,0.10164,-0.60315,1.8984,-0.10094,-0.60318,1.8978
-0.42832,-1.468,2.2947,0.43023,-1.4686,2.293,0.10173,-0.62748,1.9081,-0.10102,-0.62744,1.9075
-0.44651,-1.4709,2.3333,0.44868,-1.4716,2.3316,0.10073,-0.65076,1.9099,-0.10055,-0.64981,1.911
-0.45891,-1.4699,2.3482,0.46087,-1.4703,2.3465,0.10004,-0.67066,1.9089,-0.099299,-0.67076,1.908
-0.4616,-1.4649,2.3446,0.46318,-1.4652,2.3427,0.099039,-0.68898,1.9063,-0.098946,-0.68888,1.9046
-0.46027,-1.4522,2.3298,0.46197,-1.4526,2.3278,0.097227,-0.70624,1.8982,-0.098291,-0.7049,1.8979
-0.45375,-1.4289,2.3052,0.45562,-1.4294,2.3032,0.095792,-0.71861,1.8846,-0.097227,-0.71745,1.8854
-0.44015,-1.3957,2.2707,0.4415,-1.3963,2.2688,0.093796,-0.72641,1.8645,-0.095149,-0.72624,1.8631
-0.42092,-1.3585,2.2232,0.42128,-1.3593,2.2216,0.091351,-0.72882,1.8368,-0.093578,-0.72836,1.8348
-0.39692,-1.3203,2.165,0.39651,-1.3211,2.1637,0.088341,-0.72713,1.7989,-0.091793,-0.72597,1.7998
-0.36703,-1.2815,2.1027,0.36585,-1.2825,2.1018,0.088762,-0.72907,1.7748,-0.091957,-0.72788,1.7764
-0.33496,-1.2192,2.0586,0.33309,-1.2203,2.0579,0.089266,-0.72831,1.7726,-0.092512,-0.72691,1.7744
-0.31353,-1.1434,2.0287,0.31138,-1.1447,2.0282,0.092374,-0.72326,1.7895,-0.095792,-0.72191,1.7913
-0.30667,-1.083,1.9953,0.30454,-1.0845,1.9948,0.098854,-0.71319,1.8246,-0.1025,-0.712,1.8262
-0.29978,-1.0213,1.9161,0.29774,-1.0229,1.9155,0.10597,-0.69915,1.8755,-0.10984,-0.69804,1.8769
-0.29263,-0.97774,1.8435,0.29067,-0.97928,1.8426,0.11324,-0.68424,1.9391,-0.11725,-0.68308,1.9404
-0.29557,-1.0003,1.8569,0.29369,-1.0017,1.856,0.11974,-0.6697,2.0106,-0.12375,-0.66838,2.0118
-0.29791,-1.0228,1.8663,0.29616,-1.0242,1.8652,0.12442,-0.65056,2.0847,-0.12835,-0.64902,2.0858
-0.29972,-1.0452,1.8718,0.2981,-1.0465,1.8706,0.12822,-0.62503,2.1558,-0.132,-0.62324,2.1569
-0.30103,-1.0672,1.8738,0.29955,-1.0684,1.8725,0.13129,-0.59116,2.2178,-0.13488,-0.58912,2.2187
-0.30145,-1.0865,1.8707,0.3003,-1.0881,1.8702,0.133,-0.54751,2.2638,-0.13636,-0.54524,2.2646
-0.30142,-1.1039,1.8645,0.30055,-1.1064,1.8647,0.13296,-0.49447,2.2874,-0.1364,-0.49198,2.2879
-0.30143,-1.1212,1.8573,0.30026,-1.1227,1.8565,0.13263,-0.43482,2.284,-0.13614,-0.43227,2.2846
-0.30099,-1.1366,1.8476,0.29998,-1.1381,1.8469,0.13154,-0.3732,2.2561,-0.13476,-0.37071,2.2567
-0.30033,-1.1513,1.8368,0.29974,-1.1534,1.8362,0.12844,-0.31438,2.2048,-0.13096,-0.31197,2.2053
-0.29977,-1.1658,1.8247,0.29911,-1.167,1.8238,0.12281,-0.26247,2.1344,-0.12489,-0.26017,2.1347
-0.29893,-1.1788,1.8113,0.29866,-1.1809,1.8107,0.11558,-0.22017,2.0507,-0.1169,-0.218,2.0509
-0.29827,-1.1921,1.7973,0.29791,-1.1931,1.7961,0.10773,-0.18801,1.9599,-0.10839,-0.18599,1.96
-0.29742,-1.2039,1.7823,0.2973,-1.2049,1.7812,0.10064,-0.16445,1.8672,-0.10053,-0.16258,1.8672
-0.29686,-1.2162,1.7676,0.2968,-1.2169,1.7661,0.095191,-0.14683,1.7769,-0.094475,-0.14512,1.7769
-0.29627,-1.2269,1.7524,0.29625,-1.2278,1.7511,0.091828,-0.13279,1.6929,-0.090788,-0.13121,1.6929
-0.29595,-1.2382,1.738,0.29597,-1.2388,1.7364,0.090708,-0.12143,1.6189,-0.089336,-0.11998,1.6188
-0.29552,-1.2479,1.7238,0.29589,-1.2496,1.7227,0.090664,-0.11365,1.5587,-0.08929,-0.11227,1.5586
-0.29551,-1.2581,1.7104,0.29563,-1.2587,1.7089,0.09091,-0.11161,1.5167,-0.089467,-0.11027,1.5166
-0.29554,-1.268,1.6978,0.29577,-1.2684,1.6961,0.091014,-0.11561,1.4934,-0.089591,-0.11427,1.4932
-0.29537,-1.2761,1.6852,0.29603,-1.2777,1.684,0.090983,-0.12713,1.4833,-0.089656,-0.12575,1.4831
-0.29572,-1.2847,1.6736,0.29588,-1.2852,1.6721,0.090876,-0.14461,1.4846,-0.089586,-0.14317,1.4822
-0.29581,-1.2917,1.6634,0.29612,-1.2921,1.6616,0.091372,-0.16238,1.506,-0.089918,-0.16088,1.5034
-0.29591,-1.298,1.6535,0.29632,-1.2982,1.6515,0.091898,-0.17879,1.5259,-0.090316,-0.17726,1.5232
-0.29568,-1.3022,1.6436,0.29648,-1.3035,1.642,0.092416,-0.19386,1.5444,-0.090729,-0.1923,1.5417
-0.2957,-1.3066,1.6342,0.29651,-1.3081,1.6328,0.092857,-0.20767,1.5616,-0.091212,-0.20608,1.5588
-0.29567,-1.3103,1.6251,0.29648,-1.3118,1.6239,0.093224,-0.22032,1.5773,-0.091698,-0.21862,1.5746
-0.29554,-1.3133,1.6165,0.29622,-1.3137,1.615,0.093682,-0.23165,1.5918,-0.092124,-0.22995,1.5892
-0.29527,-1.3156,1.6082,0.29613,-1.3159,1.6066,0.094196,-0.24185,1.6051,-0.092475,-0.24012,1.6026
-0.29492,-1.3172,1.6,0.29596,-1.3175,1.5984,0.094696,-0.25094,1.6173,-0.092815,-0.24919,1.6149
-0.29448,-1.318,1.5921,0.2957,-1.3183,1.5904,0.095183,-0.259,1.6284,-0.093138,-0.2572,1.626
-0.29395,-1.3182,1.5841,0.29533,-1.3185,1.5824,0.095646,-0.26606,1.6386,-0.093451,-0.26422,1.636
-0.29335,-1.3179,1.5763,0.29487,-1.318,1.5745,0.096088,-0.27228,1.6479,-0.093769,-0.27038,1.6452
-0.29524,-1.3091,1.5686,0.28953,-1.3114,1.5692,0.090307,-0.27285,1.6516,-0.094692,-0.27091,1.6493
-0.29363,-1.299,1.5614,0.28695,-1.3019,1.5624,0.089385,-0.28151,1.6513,-0.093469,-0.27351,1.6477
-0.29067,-1.2886,1.5543,0.28554,-1.2915,1.5547,0.089301,-0.28932,1.651,-0.090925,-0.27038,1.6434
