0.0000,0.0000,0.0000,-0.0119,-0.0005,0.3455,0.0000,0.0000,0.0000,0.0005,0.0000,-0.0000,
0.0000,0.0000,0.0000,-0.0118,-0.0005,0.3455,0.0000,0.0000,0.0000,0.0039,0.0077,-0.0011,
0.0000,0.0000,0.0000,-0.0118,-0.0003,0.3455,0.0000,0.0000,0.0000,0.0090,0.0185,-0.0028,
0.0000,0.0000,0.0000,-0.0116,0.0000,0.3454,0.0000,0.0000,0.0000,0.0140,0.0291,-0.0046,
0.0000,0.0000,0.0000,-0.0114,0.0004,0.3454,0.0000,0.0000,0.0000,0.0191,0.0396,-0.0063,
0.0000,0.0000,0.0000,-0.0112,0.0009,0.3453,0.0000,0.0000,0.0000,0.0243,0.0499,-0.0079,
0.0000,0.0000,0.0000,-0.0109,0.0015,0.3452,0.0000,0.0000,0.0000,0.0294,0.0602,-0.0096,
0.0000,0.0000,0.0000,-0.0105,0.0022,0.3451,0.0000,0.0000,0.0000,0.0346,0.0703,-0.0111,
0.0000,0.0000,0.0000,-0.0101,0.0030,0.3449,0.0000,0.0000,0.0000,0.0398,0.0802,-0.0126,
0.0000,0.0000,0.0000,-0.0097,0.0039,0.3448,0.0000,0.0000,0.0000,0.0450,0.0900,-0.0140,
0.0000,0.0000,0.0000,-0.0092,0.0049,0.3446,0.0000,0.0000,0.0000,0.0504,0.0997,-0.0154,
0.0000,0.0000,0.0000,-0.0086,0.0060,0.3445,0.0000,0.0000,0.0000,0.0558,0.1092,-0.0166,
0.0000,0.0000,0.0000,-0.0080,0.0072,0.3443,0.0000,0.0000,0.0000,0.0613,0.1185,-0.0177,
0.0000,0.0000,0.0000,-0.0074,0.0085,0.3441,0.0000,0.0000,0.0000,0.0670,0.1276,-0.0187,
0.0000,0.0000,0.0000,-0.0066,0.0098,0.3439,0.0000,0.0000,0.0000,0.0729,0.1365,-0.0195,
0.0000,0.0000,0.0000,-0.0058,0.0113,0.3437,0.0000,0.0000,0.0000,0.0791,0.1452,-0.0202,
0.0000,0.0000,0.0000,-0.0050,0.0128,0.3435,0.0000,0.0000,0.0000,0.0856,0.1537,-0.0208,
0.0000,0.0000,0.0000,-0.0041,0.0144,0.3433,0.0000,0.0000,0.0000,0.0926,0.1618,-0.0212,
0.0000,0.0000,0.0000,-0.0030,0.0161,0.3431,0.0000,0.0000,0.0000,0.1003,0.1694,-0.0215,
0.0000,0.0000,0.0000,-0.0020,0.0179,0.3429,0.0000,0.0000,0.0000,0.1088,0.1747,-0.0216,
0.0000,0.0000,0.0000,-0.0008,0.0195,0.3427,0.0000,0.0000,0.0000,0.1192,0.1635,-0.0202,
0.0000,0.0000,0.0000,0.0005,0.0210,0.3425,0.0000,0.0000,0.0000,0.1304,0.1510,-0.0188,
0.0000,0.0000,0.0000,0.0020,0.0224,0.3423,0.0000,0.0000,0.0000,0.1421,0.1391,-0.0174,
0.0000,0.0000,0.0000,0.0035,0.0237,0.3421,0.0000,0.0000,0.0000,0.1542,0.1278,-0.0158,
0.0000,0.0000,0.0000,0.0052,0.0249,0.3420,0.0000,0.0000,0.0000,0.1666,0.1173,-0.0143,
0.0000,0.0000,0.0000,0.0070,0.0259,0.3419,0.0000,0.0000,0.0000,0.1792,0.1074,-0.0127,
0.0000,0.0000,0.0000,0.0089,0.0269,0.3418,0.0000,0.0000,0.0000,0.1920,0.0982,-0.0110,
0.0000,0.0000,0.0000,0.0109,0.0278,0.3417,0.0000,0.0000,0.0000,0.2048,0.0895,-0.0094,
0.0000,0.0000,0.0000,0.0131,0.0286,0.3416,0.0000,0.0000,0.0000,0.2177,0.0813,-0.0078,
0.0000,0.0000,0.0000,0.0154,0.0294,0.3415,0.0000,0.0000,0.0000,0.2306,0.0736,-0.0061,
0.0000,0.0000,0.0000,0.0178,0.0300,0.3415,0.0000,0.0000,0.0000,0.2435,0.0664,-0.0045,
0.0000,0.0000,0.0000,0.0204,0.0306,0.3415,0.0000,0.0000,0.0000,0.2563,0.0597,-0.0028,
0.0000,0.0000,0.0000,0.0231,0.0312,0.3415,0.0000,0.0000,0.0000,0.2691,0.0533,-0.0012,
0.0000,0.0000,0.0000,0.0259,0.0316,0.3415,0.0000,0.0000,0.0000,0.2818,0.0473,0.0005,
0.0000,0.0000,0.0000,0.0289,0.0321,0.3415,0.0000,0.0000,0.0000,0.2943,0.0415,0.0022,
0.0000,0.0000,0.0000,0.0319,0.0324,0.3415,0.0000,0.0000,0.0000,0.3065,0.0360,0.0038,
0.0000,0.0000,0.0000,0.0351,0.0327,0.3416,0.0000,0.0000,0.0000,0.3184,0.0307,0.0056,
0.0000,0.0000,0.0000,0.0384,0.0330,0.3416,0.0000,0.0000,0.0000,0.3297,0.0254,0.0074,
0.0000,0.0000,0.0000,0.0418,0.0332,0.3417,0.0000,0.0000,0.0000,0.3404,0.0202,0.0092,
0.0000,0.0000,0.0000,0.0453,0.0333,0.3419,0.0000,0.0000,0.0000,0.3501,0.0157,0.0112,
0.0000,0.0000,0.0000,0.0489,0.0335,0.3420,0.0000,0.0000,0.0000,0.3577,0.0183,0.0103,
0.0000,0.0000,0.0000,0.0525,0.0337,0.3420,0.0000,0.0000,0.0000,0.3643,0.0220,0.0094,
0.0000,0.0000,0.0000,0.0562,0.0340,0.3421,0.0000,0.0000,0.0000,0.3703,0.0260,0.0085,
0.0000,0.0000,0.0000,0.0600,0.0343,0.3422,0.0000,0.0000,0.0000,0.3758,0.0301,0.0078,
0.0000,0.0000,0.0000,0.0638,0.0346,0.3423,0.0000,0.0000,0.0000,0.3811,0.0344,0.0072,
0.0000,0.0000,0.0000,0.0677,0.0350,0.3424,0.0000,0.0000,0.0000,0.3864,0.0389,0.0068,
0.0000,0.0000,0.0000,0.0716,0.0355,0.3424,0.0000,0.0000,0.0000,0.3917,0.0434,0.0064,
0.0000,0.0000,0.0000,0.0756,0.0359,0.3425,0.0000,0.0000,0.0000,0.3972,0.0479,0.0063,
0.0000,0.0000,0.0000,0.0796,0.0365,0.3425,0.0000,0.0000,0.0000,0.4029,0.0525,0.0063,
0.0000,0.0000,0.0000,0.0837,0.0370,0.3426,0.0000,0.0000,0.0000,0.4089,0.0571,0.0064,
0.0000,0.0000,0.0000,0.0878,0.0377,0.3427,0.0000,0.0000,0.0000,0.4152,0.0617,0.0067,
0.0000,0.0000,0.0000,0.0920,0.0383,0.3427,0.0000,0.0000,0.0000,0.4218,0.0663,0.0071,
0.0000,0.0000,0.0000,0.0963,0.0390,0.3428,0.0000,0.0000,0.0000,0.4286,0.0709,0.0076,
0.0000,0.0000,0.0000,0.1007,0.0398,0.3429,0.0000,0.0000,0.0000,0.4357,0.0755,0.0083,
0.0000,0.0000,0.0000,0.1051,0.0406,0.3430,0.0000,0.0000,0.0000,0.4431,0.0801,0.0090,
0.0000,0.0000,0.0000,0.1096,0.0414,0.3431,0.0000,0.0000,0.0000,0.4505,0.0848,0.0099,
0.0000,0.0000,0.0000,0.1142,0.0423,0.3432,0.0000,0.0000,0.0000,0.4580,0.0895,0.0109,
0.0000,0.0000,0.0000,0.1189,0.0433,0.3433,0.0000,0.0000,0.0000,0.4654,0.0942,0.0120,
0.0000,0.0000,0.0000,0.1236,0.0443,0.3435,0.0000,0.0000,0.0000,0.4724,0.0990,0.0133,
0.0000,0.0000,0.0000,0.1284,0.0453,0.3436,0.0000,0.0000,0.0000,0.4789,0.1032,0.0148,
0.0000,0.0000,0.0000,0.1332,0.0463,0.3437,0.0000,0.0000,0.0000,0.4854,0.0997,0.0130,
0.0000,0.0000,0.0000,0.1381,0.0472,0.3438,0.0000,0.0000,0.0000,0.4915,0.0954,0.0113,
0.0000,0.0000,0.0000,0.1431,0.0481,0.3439,0.0000,0.0000,0.0000,0.4972,0.0911,0.0098,
0.0000,0.0000,0.0000,0.1481,0.0490,0.3440,0.0000,0.0000,0.0000,0.5027,0.0869,0.0085,
0.0000,0.0000,0.0000,0.1532,0.0498,0.3441,0.0000,0.0000,0.0000,0.5082,0.0829,0.0074,
0.0000,0.0000,0.0000,0.1584,0.0506,0.3442,0.0000,0.0000,0.0000,0.5139,0.0792,0.0066,
0.0000,0.0000,0.0000,0.1636,0.0514,0.3442,0.0000,0.0000,0.0000,0.5198,0.0757,0.0059,
0.0000,0.0000,0.0000,0.1688,0.0521,0.3443,0.0000,0.0000,0.0000,0.5260,0.0727,0.0055,
0.0000,0.0000,0.0000,0.1741,0.0528,0.3443,0.0000,0.0000,0.0000,0.5325,0.0700,0.0053,
0.0000,0.0000,0.0000,0.1795,0.0535,0.3444,0.0000,0.0000,0.0000,0.5393,0.0676,0.0052,
0.0000,0.0000,0.0000,0.1850,0.0542,0.3444,0.0000,0.0000,0.0000,0.5466,0.0657,0.0052,
0.0000,0.0000,0.0000,0.1905,0.0548,0.3445,0.0000,0.0000,0.0000,0.5542,0.0641,0.0054,
0.0000,0.0000,0.0000,0.1962,0.0554,0.3445,0.0000,0.0000,0.0000,0.5622,0.0628,0.0057,
0.0000,0.0000,0.0000,0.2019,0.0560,0.3446,0.0000,0.0000,0.0000,0.5705,0.0619,0.0062,
0.0000,0.0000,0.0000,0.2077,0.0567,0.3447,0.0000,0.0000,0.0000,0.5790,0.0612,0.0067,
0.0000,0.0000,0.0000,0.2135,0.0573,0.3448,0.0000,0.0000,0.0000,0.5876,0.0606,0.0073,
0.0000,0.0000,0.0000,0.2195,0.0579,0.3448,0.0000,0.0000,0.0000,0.5962,0.0602,0.0080,
0.0000,0.0000,0.0000,0.2255,0.0585,0.3449,0.0000,0.0000,0.0000,0.6045,0.0597,0.0089,
0.0000,0.0000,0.0000,0.2317,0.0591,0.3450,0.0000,0.0000,0.0000,0.6123,0.0591,0.0100,
0.0000,0.0000,0.0000,0.2379,0.0596,0.3451,0.0000,0.0000,0.0000,0.6191,0.0586,0.0114,
0.0000,0.0000,0.0000,0.2441,0.0603,0.3452,0.0000,0.0000,0.0000,0.6238,0.0617,0.0097,
0.0000,0.0000,0.0000,0.2504,0.0609,0.3453,0.0000,0.0000,0.0000,0.6274,0.0653,0.0079,
0.0000,0.0000,0.0000,0.2567,0.0616,0.3454,0.0000,0.0000,0.0000,0.6304,0.0692,0.0064,
0.0000,0.0000,0.0000,0.2630,0.0623,0.3454,0.0000,0.0000,0.0000,0.6332,0.0731,0.0050,
0.0000,0.0000,0.0000,0.2694,0.0631,0.3455,0.0000,0.0000,0.0000,0.6360,0.0771,0.0039,
0.0000,0.0000,0.0000,0.2757,0.0639,0.3455,0.0000,0.0000,0.0000,0.6389,0.0811,0.0030,
0.0000,0.0000,0.0000,0.2822,0.0648,0.3455,0.0000,0.0000,0.0000,0.6423,0.0850,0.0023,
0.0000,0.0000,0.0000,0.2886,0.0657,0.3455,0.0000,0.0000,0.0000,0.6460,0.0888,0.0019,
0.0000,0.0000,0.0000,0.2951,0.0666,0.3456,0.0000,0.0000,0.0000,0.6503,0.0926,0.0017,
0.0000,0.0000,0.0000,0.3017,0.0675,0.3456,0.0000,0.0000,0.0000,0.6552,0.0962,0.0017,
0.0000,0.0000,0.0000,0.3083,0.0685,0.3456,0.0000,0.0000,0.0000,0.6607,0.0998,0.0019,
0.0000,0.0000,0.0000,0.3150,0.0696,0.3456,0.0000,0.0000,0.0000,0.6668,0.1032,0.0022,
0.0000,0.0000,0.0000,0.3217,0.0706,0.3456,0.0000,0.0000,0.0000,0.6734,0.1065,0.0026,
0.0000,0.0000,0.0000,0.3285,0.0717,0.3457,0.0000,0.0000,0.0000,0.6805,0.1098,0.0030,
0.0000,0.0000,0.0000,0.3354,0.0729,0.3457,0.0000,0.0000,0.0000,0.6880,0.1130,0.0035,
0.0000,0.0000,0.0000,0.3423,0.0740,0.3457,0.0000,0.0000,0.0000,0.6957,0.1161,0.0041,
0.0000,0.0000,0.0000,0.3494,0.0752,0.3458,0.0000,0.0000,0.0000,0.7034,0.1193,0.0048,
0.0000,0.0000,0.0000,0.3565,0.0764,0.3458,0.0000,0.0000,0.0000,0.7108,0.1225,0.0056,
0.0000,0.0000,0.0000,0.3637,0.0777,0.3459,0.0000,0.0000,0.0000,0.7175,0.1258,0.0067,
0.0000,0.0000,0.0000,0.3709,0.0790,0.3460,0.0000,0.0000,0.0000,0.7230,0.1289,0.0081,
0.0000,0.0000,0.0000,0.3782,0.0803,0.3461,0.0000,0.0000,0.0000,0.7274,0.1270,0.0065,
0.0000,0.0000,0.0000,0.3855,0.0815,0.3461,0.0000,0.0000,0.0000,0.7306,0.1243,0.0049,
0.0000,0.0000,0.0000,0.3928,0.0827,0.3461,0.0000,0.0000,0.0000,0.7333,0.1212,0.0035,
0.0000,0.0000,0.0000,0.4002,0.0839,0.3462,0.0000,0.0000,0.0000,0.7356,0.1181,0.0022,
0.0000,0.0000,0.0000,0.4075,0.0850,0.3462,0.0000,0.0000,0.0000,0.7380,0.1151,0.0012,
0.0000,0.0000,0.0000,0.4149,0.0862,0.3462,0.0000,0.0000,0.0000,0.7406,0.1123,0.0005,
0.0000,0.0000,0.0000,0.4224,0.0873,0.3462,0.0000,0.0000,0.0000,0.7436,0.1098,0.0001,
0.0000,0.0000,0.0000,0.4298,0.0883,0.3462,0.0000,0.0000,0.0000,0.7471,0.1076,-0.0001,
0.0000,0.0000,0.0000,0.4374,0.0894,0.3462,0.0000,0.0000,0.0000,0.7511,0.1058,-0.0001,
0.0000,0.0000,0.0000,0.4449,0.0904,0.3462,0.0000,0.0000,0.0000,0.7559,0.1045,0.0001,
0.0000,0.0000,0.0000,0.4525,0.0915,0.3462,0.0000,0.0000,0.0000,0.7613,0.1036,0.0003,
0.0000,0.0000,0.0000,0.4602,0.0925,0.3462,0.0000,0.0000,0.0000,0.7673,0.1032,0.0007,
0.0000,0.0000,0.0000,0.4679,0.0935,0.3462,0.0000,0.0000,0.0000,0.7740,0.1031,0.0011,
0.0000,0.0000,0.0000,0.4758,0.0946,0.3462,0.0000,0.0000,0.0000,0.7812,0.1035,0.0016,
0.0000,0.0000,0.0000,0.4836,0.0956,0.3462,0.0000,0.0000,0.0000,0.7888,0.1041,0.0020,
0.0000,0.0000,0.0000,0.4916,0.0967,0.3463,0.0000,0.0000,0.0000,0.7968,0.1049,0.0024,
0.0000,0.0000,0.0000,0.4997,0.0977,0.3463,0.0000,0.0000,0.0000,0.8047,0.1057,0.0029,
0.0000,0.0000,0.0000,0.5078,0.0988,0.3463,0.0000,0.0000,0.0000,0.8124,0.1065,0.0035,
0.0000,0.0000,0.0000,0.5160,0.0999,0.3464,0.0000,0.0000,0.0000,0.8194,0.1069,0.0043,
0.0000,0.0000,0.0000,0.5242,0.1009,0.3464,0.0000,0.0000,0.0000,0.8250,0.1069,0.0055,
0.0000,0.0000,0.0000,0.5325,0.1020,0.3465,0.0000,0.0000,0.0000,0.8280,0.1088,0.0043,
0.0000,0.0000,0.0000,0.5408,0.1031,0.3465,0.0000,0.0000,0.0000,0.8294,0.1111,0.0030,
0.0000,0.0000,0.0000,0.5491,0.1043,0.3465,0.0000,0.0000,0.0000,0.8301,0.1135,0.0018,
0.0000,0.0000,0.0000,0.5574,0.1054,0.3465,0.0000,0.0000,0.0000,0.8304,0.1160,0.0007,
0.0000,0.0000,0.0000,0.5657,0.1066,0.3465,0.0000,0.0000,0.0000,0.8307,0.1185,-0.0001,
0.0000,0.0000,0.0000,0.5740,0.1078,0.3465,0.0000,0.0000,0.0000,0.8314,0.1209,-0.0006,
0.0000,0.0000,0.0000,0.5823,0.1090,0.3465,0.0000,0.0000,0.0000,0.8326,0.1232,-0.0008,
0.0000,0.0000,0.0000,0.5907,0.1103,0.3465,0.0000,0.0000,0.0000,0.8345,0.1253,-0.0009,
0.0000,0.0000,0.0000,0.5991,0.1116,0.3465,0.0000,0.0000,0.0000,0.8371,0.1272,-0.0007,
0.0000,0.0000,0.0000,0.6075,0.1129,0.3465,0.0000,0.0000,0.0000,0.8406,0.1289,-0.0004,
0.0000,0.0000,0.0000,0.6159,0.1142,0.3465,0.0000,0.0000,0.0000,0.8449,0.1304,0.0001,
0.0000,0.0000,0.0000,0.6244,0.1155,0.3465,0.0000,0.0000,0.0000,0.8500,0.1317,0.0005,
0.0000,0.0000,0.0000,0.6330,0.1168,0.3465,0.0000,0.0000,0.0000,0.8559,0.1327,0.0009,
0.0000,0.0000,0.0000,0.6416,0.1181,0.3465,0.0000,0.0000,0.0000,0.8625,0.1336,0.0013,
0.0000,0.0000,0.0000,0.6503,0.1195,0.3465,0.0000,0.0000,0.0000,0.8697,0.1344,0.0016,
0.0000,0.0000,0.0000,0.6591,0.1208,0.3466,0.0000,0.0000,0.0000,0.8773,0.1350,0.0018,
0.0000,0.0000,0.0000,0.6679,0.1222,0.3466,0.0000,0.0000,0.0000,0.8849,0.1356,0.0020,
0.0000,0.0000,0.0000,0.6768,0.1236,0.3466,0.0000,0.0000,0.0000,0.8922,0.1363,0.0022,
0.0000,0.0000,0.0000,0.6858,0.1249,0.3466,0.0000,0.0000,0.0000,0.8986,0.1372,0.0027,
0.0000,0.0000,0.0000,0.6949,0.1263,0.3467,0.0000,0.0000,0.0000,0.9034,0.1381,0.0035,
0.0000,0.0000,0.0000,0.7039,0.1277,0.3467,0.0000,0.0000,0.0000,0.9058,0.1364,0.0028,
0.0000,0.0000,0.0000,0.7130,0.1290,0.3467,0.0000,0.0000,0.0000,0.9067,0.1339,0.0019,
0.0000,0.0000,0.0000,0.7221,0.1303,0.3467,0.0000,0.0000,0.0000,0.9068,0.1309,0.0010,
0.0000,0.0000,0.0000,0.7311,0.1316,0.3467,0.0000,0.0000,0.0000,0.9067,0.1279,0.0002,
0.0000,0.0000,0.0000,0.7402,0.1329,0.3467,0.0000,0.0000,0.0000,0.9066,0.1249,-0.0003,
0.0000,0.0000,0.0000,0.7493,0.1341,0.3467,0.0000,0.0000,0.0000,0.9069,0.1222,-0.0005,
0.0000,0.0000,0.0000,0.7583,0.1353,0.3467,0.0000,0.0000,0.0000,0.9077,0.1198,-0.0005,
0.0000,0.0000,0.0000,0.7674,0.1365,0.3467,0.0000,0.0000,0.0000,0.9093,0.1178,-0.0003,
0.0000,0.0000,0.0000,0.7765,0.1376,0.3467,0.0000,0.0000,0.0000,0.9116,0.1163,0.0000,
0.0000,0.0000,0.0000,0.7857,0.1388,0.3467,0.0000,0.0000,0.0000,0.9148,0.1154,0.0005,
0.0000,0.0000,0.0000,0.7949,0.1399,0.3467,0.0000,0.0000,0.0000,0.9189,0.1149,0.0010,
0.0000,0.0000,0.0000,0.8041,0.1411,0.3467,0.0000,0.0000,0.0000,0.9239,0.1150,0.0014,
0.0000,0.0000,0.0000,0.8134,0.1422,0.3467,0.0000,0.0000,0.0000,0.9297,0.1156,0.0017,
0.0000,0.0000,0.0000,0.8228,0.1434,0.3468,0.0000,0.0000,0.0000,0.9362,0.1166,0.0019,
0.0000,0.0000,0.0000,0.8322,0.1446,0.3468,0.0000,0.0000,0.0000,0.9433,0.1180,0.0019,
0.0000,0.0000,0.0000,0.8417,0.1458,0.3468,0.0000,0.0000,0.0000,0.9509,0.1195,0.0017,
0.0000,0.0000,0.0000,0.8513,0.1470,0.3468,0.0000,0.0000,0.0000,0.9585,0.1211,0.0014,
0.0000,0.0000,0.0000,0.8610,0.1482,0.3468,0.0000,0.0000,0.0000,0.9657,0.1226,0.0011,
0.0000,0.0000,0.0000,0.8707,0.1494,0.3468,0.0000,0.0000,0.0000,0.9720,0.1235,0.0011,
0.0000,0.0000,0.0000,0.8804,0.1507,0.3469,0.0000,0.0000,0.0000,0.9765,0.1237,0.0015,
0.0000,0.0000,0.0000,0.8902,0.1519,0.3469,0.0000,0.0000,0.0000,0.9778,0.1238,0.0013,
0.0000,0.0000,0.0000,0.9000,0.1532,0.3469,0.0000,0.0000,0.0000,0.9771,0.1244,0.0007,
0.0000,0.0000,0.0000,0.9098,0.1544,0.3469,0.0000,0.0000,0.0000,0.9753,0.1251,-0.0000,
0.0000,0.0000,0.0000,0.9195,0.1557,0.3469,0.0000,0.0000,0.0000,0.9731,0.1260,-0.0006,
0.0000,0.0000,0.0000,0.9292,0.1569,0.3469,0.0000,0.0000,0.0000,0.9710,0.1268,-0.0009,
0.0000,0.0000,0.0000,0.9389,0.1582,0.3469,0.0000,0.0000,0.0000,0.9693,0.1275,-0.0010,
0.0000,0.0000,0.0000,0.9486,0.1595,0.3468,0.0000,0.0000,0.0000,0.9684,0.1280,-0.0008,
0.0000,0.0000,0.0000,0.9583,0.1608,0.3468,0.0000,0.0000,0.0000,0.9682,0.1283,-0.0004,
0.0000,0.0000,0.0000,0.9679,0.1621,0.3468,0.0000,0.0000,0.0000,0.9690,0.1283,0.0001,
0.0000,0.0000,0.0000,0.9777,0.1633,0.3468,0.0000,0.0000,0.0000,0.9709,0.1279,0.0007,
0.0000,0.0000,0.0000,0.9874,0.1646,0.3469,0.0000,0.0000,0.0000,0.9738,0.1273,0.0012,
0.0000,0.0000,0.0000,0.9972,0.1659,0.3469,0.0000,0.0000,0.0000,0.9777,0.1264,0.0017,
0.0000,0.0000,0.0000,1.0070,0.1671,0.3469,0.0000,0.0000,0.0000,0.9826,0.1252,0.0020,
0.0000,0.0000,0.0000,1.0169,0.1684,0.3469,0.0000,0.0000,0.0000,0.9884,0.1237,0.0021,
0.0000,0.0000,0.0000,1.0268,0.1696,0.3469,0.0000,0.0000,0.0000,0.9950,0.1220,0.0020,
0.0000,0.0000,0.0000,1.0368,0.1708,0.3470,0.0000,0.0000,0.0000,1.0020,0.1202,0.0015,
0.0000,0.0000,0.0000,1.0469,0.1720,0.3470,0.0000,0.0000,0.0000,1.0092,0.1183,0.0009,
0.0000,0.0000,0.0000,1.0571,0.1731,0.3470,0.0000,0.0000,0.0000,1.0160,0.1165,0.0001,
0.0000,0.0000,0.0000,1.0673,0.1743,0.3470,0.0000,0.0000,0.0000,1.0218,0.1149,-0.0004,
0.0000,0.0000,0.0000,1.0776,0.1754,0.3470,0.0000,0.0000,0.0000,1.0257,0.1138,-0.0005,
0.0000,0.0000,0.0000,1.0878,0.1765,0.3470,0.0000,0.0000,0.0000,1.0262,0.1122,-0.0002,
0.0000,0.0000,0.0000,1.0981,0.1776,0.3469,0.0000,0.0000,0.0000,1.0249,0.1098,-0.0003,
0.0000,0.0000,0.0000,1.1083,0.1787,0.3469,0.0000,0.0000,0.0000,1.0226,0.1070,-0.0005,
0.0000,0.0000,0.0000,1.1185,0.1797,0.3469,0.0000,0.0000,0.0000,1.0200,0.1040,-0.0007,
0.0000,0.0000,0.0000,1.1287,0.1808,0.3469,0.0000,0.0000,0.0000,1.0176,0.1011,-0.0006,
0.0000,0.0000,0.0000,1.1388,0.1817,0.3469,0.0000,0.0000,0.0000,1.0156,0.0985,-0.0004,
0.0000,0.0000,0.0000,1.1490,0.1827,0.3469,0.0000,0.0000,0.0000,1.0144,0.0963,0.0001,
0.0000,0.0000,0.0000,1.1591,0.1837,0.3469,0.0000,0.0000,0.0000,1.0141,0.0945,0.0007,
0.0000,0.0000,0.0000,1.1693,0.1846,0.3469,0.0000,0.0000,0.0000,1.0148,0.0934,0.0014,
0.0000,0.0000,0.0000,1.1794,0.1855,0.3470,0.0000,0.0000,0.0000,1.0165,0.0928,0.0020,
0.0000,0.0000,0.0000,1.1896,0.1864,0.3470,0.0000,0.0000,0.0000,1.0192,0.0928,0.0026,
0.0000,0.0000,0.0000,1.1999,0.1874,0.3470,0.0000,0.0000,0.0000,1.0230,0.0934,0.0030,
0.0000,0.0000,0.0000,1.2101,0.1883,0.3471,0.0000,0.0000,0.0000,1.0277,0.0945,0.0031,
0.0000,0.0000,0.0000,1.2205,0.1893,0.3471,0.0000,0.0000,0.0000,1.0333,0.0962,0.0029,
0.0000,0.0000,0.0000,1.2309,0.1903,0.3471,0.0000,0.0000,0.0000,1.0397,0.0982,0.0023,
0.0000,0.0000,0.0000,1.2413,0.1913,0.3471,0.0000,0.0000,0.0000,1.0465,0.1004,0.0013,
0.0000,0.0000,0.0000,1.2519,0.1923,0.3471,0.0000,0.0000,0.0000,1.0535,0.1027,0.0001,
0.0000,0.0000,0.0000,1.2625,0.1933,0.3471,0.0000,0.0000,0.0000,1.0601,0.1049,-0.0013,
0.0000,0.0000,0.0000,1.2731,0.1944,0.3471,0.0000,0.0000,0.0000,1.0656,0.1064,-0.0025,
0.0000,0.0000,0.0000,1.2838,0.1955,0.3470,0.0000,0.0000,0.0000,1.0689,0.1070,-0.0032,
0.0000,0.0000,0.0000,1.2945,0.1965,0.3470,0.0000,0.0000,0.0000,1.0684,0.1056,-0.0023,
0.0000,0.0000,0.0000,1.3052,0.1976,0.3470,0.0000,0.0000,0.0000,1.0656,0.1048,-0.0022,
0.0000,0.0000,0.0000,1.3158,0.1986,0.3470,0.0000,0.0000,0.0000,1.0615,0.1042,-0.0022,
0.0000,0.0000,0.0000,1.3263,0.1997,0.3470,0.0000,0.0000,0.0000,1.0571,0.1038,-0.0022,
0.0000,0.0000,0.0000,1.3369,0.2007,0.3469,0.0000,0.0000,0.0000,1.0529,0.1033,-0.0021,
0.0000,0.0000,0.0000,1.3474,0.2017,0.3469,0.0000,0.0000,0.0000,1.0491,0.1027,-0.0017,
0.0000,0.0000,0.0000,1.3578,0.2027,0.3469,0.0000,0.0000,0.0000,1.0462,0.1019,-0.0012,
0.0000,0.0000,0.0000,1.3683,0.2037,0.3469,0.0000,0.0000,0.0000,1.0443,0.1007,-0.0005,
0.0000,0.0000,0.0000,1.3787,0.2047,0.3469,0.0000,0.0000,0.0000,1.0436,0.0992,0.0002,
0.0000,0.0000,0.0000,1.3891,0.2057,0.3469,0.0000,0.0000,0.0000,1.0439,0.0972,0.0010,
0.0000,0.0000,0.0000,1.3996,0.2067,0.3469,0.0000,0.0000,0.0000,1.0455,0.0949,0.0015,
0.0000,0.0000,0.0000,1.4101,0.2076,0.3470,0.0000,0.0000,0.0000,1.0482,0.0921,0.0019,
0.0000,0.0000,0.0000,1.4206,0.2085,0.3470,0.0000,0.0000,0.0000,1.0520,0.0890,0.0019,
0.0000,0.0000,0.0000,1.4312,0.2093,0.3470,0.0000,0.0000,0.0000,1.0569,0.0856,0.0015,
0.0000,0.0000,0.0000,1.4418,0.2101,0.3470,0.0000,0.0000,0.0000,1.0626,0.0819,0.0007,
0.0000,0.0000,0.0000,1.4525,0.2109,0.3470,0.0000,0.0000,0.0000,1.0689,0.0780,-0.0006,
0.0000,0.0000,0.0000,1.4632,0.2117,0.3470,0.0000,0.0000,0.0000,1.0754,0.0741,-0.0023,
0.0000,0.0000,0.0000,1.4741,0.2124,0.3469,0.0000,0.0000,0.0000,1.0816,0.0704,-0.0041,
0.0000,0.0000,0.0000,1.4849,0.2130,0.3469,0.0000,0.0000,0.0000,1.0867,0.0670,-0.0060,
0.0000,0.0000,0.0000,1.4958,0.2137,0.3468,0.0000,0.0000,0.0000,1.0894,0.0643,-0.0072,
0.0000,0.0000,0.0000,1.5067,0.2143,0.3467,0.0000,0.0000,0.0000,1.0880,0.0632,-0.0060,
0.0000,0.0000,0.0000,1.5175,0.2149,0.3467,0.0000,0.0000,0.0000,1.0844,0.0613,-0.0054,
0.0000,0.0000,0.0000,1.5283,0.2155,0.3466,0.0000,0.0000,0.0000,1.0798,0.0589,-0.0052,
0.0000,0.0000,0.0000,1.5391,0.2161,0.3466,0.0000,0.0000,0.0000,1.0748,0.0564,-0.0049,
0.0000,0.0000,0.0000,1.5498,0.2166,0.3465,0.0000,0.0000,0.0000,1.0701,0.0539,-0.0046,
0.0000,0.0000,0.0000,1.5604,0.2171,0.3465,0.0000,0.0000,0.0000,1.0660,0.0518,-0.0041,
0.0000,0.0000,0.0000,1.5711,0.2176,0.3465,0.0000,0.0000,0.0000,1.0627,0.0501,-0.0035,
0.0000,0.0000,0.0000,1.5817,0.2181,0.3464,0.0000,0.0000,0.0000,1.0604,0.0489,-0.0028,
0.0000,0.0000,0.0000,1.5923,0.2186,0.3464,0.0000,0.0000,0.0000,1.0591,0.0483,-0.0021,
0.0000,0.0000,0.0000,1.6029,0.2191,0.3464,0.0000,0.0000,0.0000,1.0590,0.0483,-0.0015,
0.0000,0.0000,0.0000,1.6135,0.2196,0.3464,0.0000,0.0000,0.0000,1.0601,0.0489,-0.0011,
0.0000,0.0000,0.0000,1.6241,0.2201,0.3464,0.0000,0.0000,0.0000,1.0623,0.0502,-0.0010,
0.0000,0.0000,0.0000,1.6347,0.2206,0.3464,0.0000,0.0000,0.0000,1.0655,0.0520,-0.0014,
0.0000,0.0000,0.0000,1.6454,0.2212,0.3463,0.0000,0.0000,0.0000,1.0697,0.0544,-0.0022,
0.0000,0.0000,0.0000,1.6562,0.2217,0.3463,0.0000,0.0000,0.0000,1.0748,0.0572,-0.0036,
0.0000,0.0000,0.0000,1.6670,0.2223,0.3462,0.0000,0.0000,0.0000,1.0804,0.0603,-0.0055,
0.0000,0.0000,0.0000,1.6778,0.2230,0.3462,0.0000,0.0000,0.0000,1.0862,0.0634,-0.0078,
0.0000,0.0000,0.0000,1.6888,0.2236,0.3461,0.0000,0.0000,0.0000,1.0917,0.0665,-0.0105,
0.0000,0.0000,0.0000,1.6997,0.2243,0.3459,0.0000,0.0000,0.0000,1.0961,0.0691,-0.0132,
0.0000,0.0000,0.0000,1.7107,0.2250,0.3458,0.0000,0.0000,0.0000,1.0980,0.0706,-0.0153,
0.0000,0.0000,0.0000,1.7217,0.2257,0.3456,0.0000,0.0000,0.0000,1.0958,0.0685,-0.0138,
0.0000,0.0000,0.0000,1.7326,0.2264,0.3455,0.0000,0.0000,0.0000,1.0911,0.0669,-0.0132,
0.0000,0.0000,0.0000,1.7434,0.2270,0.3454,0.0000,0.0000,0.0000,1.0853,0.0657,-0.0129,
0.0000,0.0000,0.0000,1.7542,0.2277,0.3452,0.0000,0.0000,0.0000,1.0792,0.0647,-0.0127,
0.0000,0.0000,0.0000,1.7650,0.2283,0.3451,0.0000,0.0000,0.0000,1.0735,0.0637,-0.0125,
0.0000,0.0000,0.0000,1.7756,0.2289,0.3450,0.0000,0.0000,0.0000,1.0684,0.0624,-0.0122,
0.0000,0.0000,0.0000,1.7863,0.2295,0.3449,0.0000,0.0000,0.0000,1.0642,0.0609,-0.0118,
0.0000,0.0000,0.0000,1.7969,0.2301,0.3448,0.0000,0.0000,0.0000,1.0611,0.0589,-0.0114,
0.0000,0.0000,0.0000,1.8075,0.2307,0.3447,0.0000,0.0000,0.0000,1.0593,0.0565,-0.0110,
0.0000,0.0000,0.0000,1.8181,0.2312,0.3446,0.0000,0.0000,0.0000,1.0586,0.0536,-0.0109,
0.0000,0.0000,0.0000,1.8287,0.2317,0.3444,0.0000,0.0000,0.0000,1.0592,0.0502,-0.0110,
0.0000,0.0000,0.0000,1.8393,0.2322,0.3443,0.0000,0.0000,0.0000,1.0611,0.0464,-0.0116,
0.0000,0.0000,0.0000,1.8499,0.2326,0.3442,0.0000,0.0000,0.0000,1.0641,0.0421,-0.0127,
0.0000,0.0000,0.0000,1.8606,0.2330,0.3441,0.0000,0.0000,0.0000,1.0682,0.0375,-0.0143,
0.0000,0.0000,0.0000,1.8713,0.2333,0.3439,0.0000,0.0000,0.0000,1.0732,0.0326,-0.0166,
0.0000,0.0000,0.0000,1.8821,0.2336,0.3437,0.0000,0.0000,0.0000,1.0788,0.0276,-0.0195,
0.0000,0.0000,0.0000,1.8930,0.2338,0.3435,0.0000,0.0000,0.0000,1.0847,0.0226,-0.0230,
0.0000,0.0000,0.0000,1.9039,0.2340,0.3432,0.0000,0.0000,0.0000,1.0903,0.0179,-0.0267,
0.0000,0.0000,0.0000,1.9148,0.2341,0.3429,0.0000,0.0000,0.0000,1.0947,0.0138,-0.0305,
0.0000,0.0000,0.0000,1.9258,0.2343,0.3426,0.0000,0.0000,0.0000,1.0963,0.0109,-0.0336,
0.0000,0.0000,0.0000,1.9367,0.2344,0.3422,0.0000,0.0000,0.0000,1.0932,0.0111,-0.0327,
0.0000,0.0000,0.0000,1.9476,0.2345,0.3419,0.0000,0.0000,0.0000,1.0875,0.0106,-0.0327,
0.0000,0.0000,0.0000,1.9584,0.2346,0.3416,0.0000,0.0000,0.0000,1.0805,0.0095,-0.0332,
0.0000,0.0000,0.0000,1.9691,0.2346,0.3412,0.0000,0.0000,0.0000,1.0732,0.0082,-0.0339,
0.0000,0.0000,0.0000,1.9798,0.2347,0.3409,0.0000,0.0000,0.0000,1.0662,0.0070,-0.0346,
0.0000,0.0000,0.0000,1.9904,0.2348,0.3405,0.0000,0.0000,0.0000,1.0598,0.0060,-0.0353,
0.0000,0.0000,0.0000,2.0009,0.2348,0.3402,0.0000,0.0000,0.0000,1.0542,0.0054,-0.0358,
0.0000,0.0000,0.0000,2.0114,0.2349,0.3398,0.0000,0.0000,0.0000,1.0498,0.0053,-0.0363,
0.0000,0.0000,0.0000,2.0219,0.2349,0.3394,0.0000,0.0000,0.0000,1.0464,0.0057,-0.0369,
0.0000,0.0000,0.0000,2.0323,0.2350,0.3391,0.0000,0.0000,0.0000,1.0442,0.0067,-0.0376,
0.0000,0.0000,0.0000,2.0428,0.2351,0.3387,0.0000,0.0000,0.0000,1.0432,0.0083,-0.0386,
0.0000,0.0000,0.0000,2.0532,0.2352,0.3383,0.0000,0.0000,0.0000,1.0433,0.0105,-0.0399,
0.0000,0.0000,0.0000,2.0636,0.2353,0.3379,0.0000,0.0000,0.0000,1.0446,0.0133,-0.0417,
0.0000,0.0000,0.0000,2.0741,0.2355,0.3374,0.0000,0.0000,0.0000,1.0469,0.0165,-0.0440,
0.0000,0.0000,0.0000,2.0846,0.2357,0.3370,0.0000,0.0000,0.0000,1.0501,0.0202,-0.0469,
0.0000,0.0000,0.0000,2.0951,0.2359,0.3365,0.0000,0.0000,0.0000,1.0540,0.0242,-0.0503,
0.0000,0.0000,0.0000,2.1057,0.2362,0.3359,0.0000,0.0000,0.0000,1.0583,0.0285,-0.0543,
0.0000,0.0000,0.0000,2.1164,0.2366,0.3353,0.0000,0.0000,0.0000,1.0625,0.0327,-0.0587,
0.0000,0.0000,0.0000,2.1270,0.2369,0.3347,0.0000,0.0000,0.0000,1.0658,0.0366,-0.0632,
0.0000,0.0000,0.0000,2.1377,0.2373,0.3340,0.0000,0.0000,0.0000,1.0670,0.0397,-0.0673,
0.0000,0.0000,0.0000,2.1483,0.2377,0.3333,0.0000,0.0000,0.0000,1.0640,0.0383,-0.0670,
0.0000,0.0000,0.0000,2.1589,0.2381,0.3327,0.0000,0.0000,0.0000,1.0590,0.0377,-0.0675,
0.0000,0.0000,0.0000,2.1694,0.2385,0.3320,0.0000,0.0000,0.0000,1.0533,0.0375,-0.0684,
0.0000,0.0000,0.0000,2.1799,0.2388,0.3313,0.0000,0.0000,0.0000,1.0476,0.0375,-0.0693,
0.0000,0.0000,0.0000,2.1903,0.2392,0.3306,0.0000,0.0000,0.0000,1.0425,0.0374,-0.0703,
0.0000,0.0000,0.0000,2.2007,0.2396,0.3299,0.0000,0.0000,0.0000,1.0383,0.0372,-0.0711,
0.0000,0.0000,0.0000,2.2111,0.2399,0.3292,0.0000,0.0000,0.0000,1.0353,0.0366,-0.0719,
0.0000,0.0000,0.0000,2.2214,0.2403,0.3284,0.0000,0.0000,0.0000,1.0335,0.0356,-0.0726,
0.0000,0.0000,0.0000,2.2317,0.2406,0.3277,0.0000,0.0000,0.0000,1.0330,0.0343,-0.0733,
0.0000,0.0000,0.0000,2.2421,0.2410,0.3270,0.0000,0.0000,0.0000,1.0340,0.0325,-0.0740,
0.0000,0.0000,0.0000,2.2524,0.2413,0.3262,0.0000,0.0000,0.0000,1.0364,0.0303,-0.0749,
0.0000,0.0000,0.0000,2.2629,0.2415,0.3255,0.0000,0.0000,0.0000,1.0403,0.0278,-0.0759,
0.0000,0.0000,0.0000,2.2733,0.2418,0.3247,0.0000,0.0000,0.0000,1.0455,0.0250,-0.0771,
0.0000,0.0000,0.0000,2.2838,0.2420,0.3239,0.0000,0.0000,0.0000,1.0522,0.0220,-0.0783,
0.0000,0.0000,0.0000,2.2944,0.2422,0.3231,0.0000,0.0000,0.0000,1.0600,0.0191,-0.0795,
0.0000,0.0000,0.0000,2.3051,0.2424,0.3223,0.0000,0.0000,0.0000,1.0688,0.0163,-0.0806,
0.0000,0.0000,0.0000,2.3159,0.2425,0.3215,0.0000,0.0000,0.0000,1.0780,0.0142,-0.0811,
0.0000,0.0000,0.0000,2.3268,0.2426,0.3207,0.0000,0.0000,0.0000,1.0870,0.0130,-0.0807,
0.0000,0.0000,0.0000,2.3377,0.2428,0.3199,0.0000,0.0000,0.0000,1.0944,0.0135,-0.0786,
0.0000,0.0000,0.0000,2.3487,0.2429,0.3192,0.0000,0.0000,0.0000,1.0980,0.0161,-0.0735,
0.0000,0.0000,0.0000,2.3596,0.2431,0.3184,0.0000,0.0000,0.0000,1.0938,0.0129,-0.0779,
0.0000,0.0000,0.0000,2.3705,0.2431,0.3175,0.0000,0.0000,0.0000,1.0854,0.0076,-0.0844,
0.0000,0.0000,0.0000,2.3812,0.2431,0.3166,0.0000,0.0000,0.0000,1.0752,0.0008,-0.0916,
0.0000,0.0000,0.0000,2.3919,0.2431,0.3156,0.0000,0.0000,0.0000,1.0645,-0.0069,-0.0985,
0.0000,0.0000,0.0000,2.4024,0.2429,0.3146,0.0000,0.0000,0.0000,1.0541,-0.0155,-0.1045,
0.0000,0.0000,0.0000,2.4129,0.2427,0.3135,0.0000,0.0000,0.0000,1.0446,-0.0247,-0.1092,
0.0000,0.0000,0.0000,2.4232,0.2423,0.3124,0.0000,0.0000,0.0000,1.0363,-0.0343,-0.1124,
0.0000,0.0000,0.0000,2.4335,0.2419,0.3112,0.0000,0.0000,0.0000,1.0295,-0.0443,-0.1138,
0.0000,0.0000,0.0000,2.4438,0.2413,0.3101,0.0000,0.0000,0.0000,1.0243,-0.0547,-0.1131,
0.0000,0.0000,0.0000,2.4540,0.2407,0.3090,0.0000,0.0000,0.0000,1.0208,-0.0653,-0.1102,
0.0000,0.0000,0.0000,2.4642,0.2399,0.3080,0.0000,0.0000,0.0000,1.0193,-0.0762,-0.1045,
0.0000,0.0000,0.0000,2.4744,0.2391,0.3070,0.0000,0.0000,0.0000,1.0200,-0.0874,-0.0950,
0.0000,0.0000,0.0000,2.4846,0.2381,0.3062,0.0000,0.0000,0.0000,1.0231,-0.0985,-0.0806,
0.0000,0.0000,0.0000,2.4950,0.2371,0.3061,0.0000,0.0000,0.0000,1.0387,-0.0971,-0.0152,
0.0000,0.0000,0.0000,2.5056,0.2361,0.3067,0.0000,0.0000,0.0000,1.0614,-0.0964,0.0660,
0.0000,0.0000,0.0000,2.5165,0.2352,0.3084,0.0000,0.0000,0.0000,1.0910,-0.0968,0.1655,
0.0000,0.0000,0.0000,2.5278,0.2342,0.3112,0.0000,0.0000,0.0000,1.1270,-0.0984,0.2842,
0.0000,0.0000,0.0000,2.5395,0.2332,0.3154,0.0000,0.0000,0.0000,1.1688,-0.1013,0.4219,
0.0000,0.0000,0.0000,2.5516,0.2321,0.3212,0.0000,0.0000,0.0000,1.2153,-0.1054,0.5763,
0.0000,0.0000,0.0000,2.5643,0.2310,0.3286,0.0000,0.0000,0.0000,1.2654,-0.1106,0.7439,
0.0000,0.0000,0.0000,2.5775,0.2298,0.3378,0.0000,0.0000,0.0000,1.3184,-0.1167,0.9220,
0.0000,0.0000,0.0000,2.5912,0.2286,0.3489,0.0000,0.0000,0.0000,1.3735,-0.1236,1.1086,
0.0000,0.0000,0.0000,2.6055,0.2273,0.3619,0.0000,0.0000,0.0000,1.4302,-0.1312,1.3013,
0.0000,0.0000,0.0000,2.6204,0.2259,0.3769,0.0000,0.0000,0.0000,1.4882,-0.1393,1.4974,
0.0000,0.0000,0.0000,2.6359,0.2244,0.3939,0.0000,0.0000,0.0000,1.5473,-0.1479,1.6934,
0.0000,0.0000,0.0000,2.6519,0.2229,0.4127,0.0000,0.0000,0.0000,1.6074,-0.1566,1.8868,
0.0000,0.0000,0.0000,2.6686,0.2212,0.4335,0.0000,0.0000,0.0000,1.6689,-0.1651,2.0769,
0.0000,0.0000,0.0000,2.6859,0.2195,0.4561,0.0000,0.0000,0.0000,1.7318,-0.1736,2.2651,
0.0000,0.0000,0.0000,2.7039,0.2176,0.4807,0.0000,0.0000,0.0000,1.7959,-0.1819,2.4547,
0.0000,0.0000,0.0000,2.7219,0.2158,0.5043,0.0000,0.0000,0.0000,1.7959,-0.1819,2.3566,
0.0000,0.0000,0.0000,2.7398,0.2140,0.5268,0.0000,0.0000,0.0000,1.7959,-0.1819,2.2585,
0.0000,0.0000,0.0000,2.7578,0.2122,0.5484,0.0000,0.0000,0.0000,1.7959,-0.1819,2.1604,
0.0000,0.0000,0.0000,2.7757,0.2104,0.5691,0.0000,0.0000,0.0000,1.7959,-0.1819,2.0623,
0.0000,0.0000,0.0000,2.7937,0.2086,0.5887,0.0000,0.0000,0.0000,1.7959,-0.1819,1.9642,
0.0000,0.0000,0.0000,2.8116,0.2067,0.6074,0.0000,0.0000,0.0000,1.7959,-0.1819,1.8661,
0.0000,0.0000,0.0000,2.8296,0.2049,0.6251,0.0000,0.0000,0.0000,1.7959,-0.1819,1.7680,
0.0000,0.0000,0.0000,2.8476,0.2031,0.6418,0.0000,0.0000,0.0000,1.7959,-0.1819,1.6699,
0.0000,0.0000,0.0000,2.8655,0.2013,0.6575,0.0000,0.0000,0.0000,1.7959,-0.1819,1.5718,
0.0000,0.0000,0.0000,2.8835,0.1995,0.6722,0.0000,0.0000,0.0000,1.7959,-0.1819,1.4737,
0.0000,0.0000,0.0000,2.9014,0.1976,0.6860,0.0000,0.0000,0.0000,1.7959,-0.1819,1.3756,
0.0000,0.0000,0.0000,2.9194,0.1958,0.6987,0.0000,0.0000,0.0000,1.7959,-0.1819,1.2775,
0.0000,0.0000,0.0000,2.9374,0.1940,0.7105,0.0000,0.0000,0.0000,1.7959,-0.1819,1.1794,
0.0000,0.0000,0.0000,2.9553,0.1922,0.7213,0.0000,0.0000,0.0000,1.7959,-0.1819,1.0813,
0.0000,0.0000,0.0000,2.9733,0.1904,0.7312,0.0000,0.0000,0.0000,1.7959,-0.1819,0.9832,
0.0000,0.0000,0.0000,2.9912,0.1885,0.7400,0.0000,0.0000,0.0000,1.7959,-0.1819,0.8851,
0.0000,0.0000,0.0000,3.0092,0.1867,0.7479,0.0000,0.0000,0.0000,1.7959,-0.1819,0.7870,
0.0000,0.0000,0.0000,3.0272,0.1849,0.7548,0.0000,0.0000,0.0000,1.7959,-0.1819,0.6889,
0.0000,0.0000,0.0000,3.0451,0.1831,0.7607,0.0000,0.0000,0.0000,1.7959,-0.1819,0.5908,
0.0000,0.0000,0.0000,3.0631,0.1813,0.7656,0.0000,0.0000,0.0000,1.7959,-0.1819,0.4927,
0.0000,0.0000,0.0000,3.0810,0.1795,0.7696,0.0000,0.0000,0.0000,1.7959,-0.1819,0.3946,
0.0000,0.0000,0.0000,3.0990,0.1776,0.7725,0.0000,0.0000,0.0000,1.7959,-0.1819,0.2965,
0.0000,0.0000,0.0000,3.1170,0.1758,0.7745,0.0000,0.0000,0.0000,1.7959,-0.1819,0.1984,
0.0000,0.0000,0.0000,3.1349,0.1740,0.7755,0.0000,0.0000,0.0000,1.7959,-0.1819,0.1003,
0.0000,0.0000,0.0000,3.1529,0.1722,0.7755,0.0000,0.0000,0.0000,1.7959,-0.1819,0.0022,
0.0000,0.0000,0.0000,3.1708,0.1704,0.7746,0.0000,0.0000,0.0000,1.7959,-0.1819,-0.0959,
0.0000,0.0000,0.0000,3.1888,0.1685,0.7726,0.0000,0.0000,0.0000,1.7959,-0.1819,-0.1940,
0.0000,0.0000,0.0000,3.2067,0.1667,0.7697,0.0000,0.0000,0.0000,1.7959,-0.1819,-0.2921,
0.0000,0.0000,0.0000,3.2247,0.1649,0.7658,0.0000,0.0000,0.0000,1.7959,-0.1819,-0.3902,
0.0000,0.0000,0.0000,3.2427,0.1631,0.7609,0.0000,0.0000,0.0000,1.7959,-0.1819,-0.4883,
0.0000,0.0000,0.0000,3.2606,0.1613,0.7551,0.0000,0.0000,0.0000,1.7959,-0.1819,-0.5864,
0.0000,0.0000,0.0000,3.2786,0.1594,0.7482,0.0000,0.0000,0.0000,1.7959,-0.1819,-0.6845,
0.0000,0.0000,0.0000,3.2965,0.1576,0.7404,0.0000,0.0000,0.0000,1.7959,-0.1819,-0.7826,
0.0000,0.0000,0.0000,3.3145,0.1558,0.7316,0.0000,0.0000,0.0000,1.7959,-0.1819,-0.8807,
0.0000,0.0000,0.0000,3.3325,0.1540,0.7218,0.0000,0.0000,0.0000,1.7959,-0.1819,-0.9788,
0.0000,0.0000,0.0000,3.3504,0.1522,0.7110,0.0000,0.0000,0.0000,1.7959,-0.1819,-1.0769,
0.0000,0.0000,0.0000,3.3684,0.1504,0.6993,0.0000,0.0000,0.0000,1.7959,-0.1819,-1.1750,
0.0000,0.0000,0.0000,3.3863,0.1485,0.6866,0.0000,0.0000,0.0000,1.7959,-0.1819,-1.2731,
0.0000,0.0000,0.0000,3.4043,0.1467,0.6728,0.0000,0.0000,0.0000,1.7959,-0.1819,-1.3712,
0.0000,0.0000,0.0000,3.4223,0.1449,0.6581,0.0000,0.0000,0.0000,1.7959,-0.1819,-1.4693,
0.0000,0.0000,0.0000,3.4402,0.1431,0.6425,0.0000,0.0000,0.0000,1.7959,-0.1819,-1.5674,
0.0000,0.0000,0.0000,3.4582,0.1413,0.6258,0.0000,0.0000,0.0000,1.7959,-0.1819,-1.6655,
0.0000,0.0000,0.0000,3.4761,0.1394,0.6082,0.0000,0.0000,0.0000,1.7959,-0.1819,-1.7636,
0.0000,0.0000,0.0000,3.4941,0.1376,0.5896,0.0000,0.0000,0.0000,1.7959,-0.1819,-1.8617,
0.0000,0.0000,0.0000,3.5121,0.1358,0.5700,0.0000,0.0000,0.0000,1.7959,-0.1819,-1.9598,
0.0000,0.0000,0.0000,3.5300,0.1340,0.5494,0.0000,0.0000,0.0000,1.7959,-0.1819,-2.0579,
0.0000,0.0000,0.0000,3.5480,0.1322,0.5278,0.0000,0.0000,0.0000,1.7959,-0.1819,-2.1560,
0.0000,0.0000,0.0000,3.5659,0.1303,0.5053,0.0000,0.0000,0.0000,1.7959,-0.1819,-2.2541,
0.0000,0.0000,0.0000,3.5839,0.1285,0.4818,0.0000,0.0000,0.0000,1.7959,-0.1819,-2.3522,
0.0000,0.0000,0.0000,3.6018,0.1267,0.4573,0.0000,0.0000,0.0000,1.7959,-0.1819,-2.4503,
0.0000,0.0000,0.0000,3.6198,0.1249,0.4318,0.0000,0.0000,0.0000,1.7959,-0.1819,-2.5484,
0.0000,0.0000,0.0000,3.6372,0.1236,0.4083,0.0000,0.0000,0.0000,1.7408,-0.1268,-2.3488,
0.0000,0.0000,0.0000,3.6540,0.1229,0.3867,0.0000,0.0000,0.0000,1.6757,-0.0737,-2.1553,
0.0000,0.0000,0.0000,3.6701,0.1227,0.3671,0.0000,0.0000,0.0000,1.6104,-0.0225,-1.9669,
0.0000,0.0000,0.0000,3.6855,0.1229,0.3492,0.0000,0.0000,0.0000,1.5458,0.0275,-1.7823,
0.0000,0.0000,0.0000,3.7003,0.1237,0.3332,0.0000,0.0000,0.0000,1.4811,0.0761,-1.6014,
0.0000,0.0000,0.0000,3.7145,0.1249,0.3190,0.0000,0.0000,0.0000,1.4146,0.1217,-1.4253,
0.0000,0.0000,0.0000,3.7279,0.1265,0.3064,0.0000,0.0000,0.0000,1.3460,0.1624,-1.2554,
0.0000,0.0000,0.0000,3.7407,0.1285,0.2955,0.0000,0.0000,0.0000,1.2761,0.1969,-1.0921,
0.0000,0.0000,0.0000,3.7528,0.1307,0.2861,0.0000,0.0000,0.0000,1.2050,0.2240,-0.9355,
0.0000,0.0000,0.0000,3.7641,0.1332,0.2783,0.0000,0.0000,0.0000,1.1334,0.2429,-0.7855,
0.0000,0.0000,0.0000,3.7747,0.1357,0.2719,0.0000,0.0000,0.0000,1.0620,0.2546,-0.6410,
0.0000,0.0000,0.0000,3.7846,0.1383,0.2669,0.0000,0.0000,0.0000,0.9907,0.2631,-0.4980,
0.0000,0.0000,0.0000,3.7938,0.1410,0.2633,0.0000,0.0000,0.0000,0.9211,0.2698,-0.3554,
0.0000,0.0000,0.0000,3.8024,0.1438,0.2612,0.0000,0.0000,0.0000,0.8552,0.2749,-0.2136,
0.0000,0.0000,0.0000,3.8103,0.1466,0.2604,0.0000,0.0000,0.0000,0.7941,0.2798,-0.0790,
0.0000,0.0000,0.0000,3.8177,0.1494,0.2608,0.0000,0.0000,0.0000,0.7382,0.2857,0.0371,
0.0000,0.0000,0.0000,3.8246,0.1524,0.2621,0.0000,0.0000,0.0000,0.6889,0.2923,0.1329,
0.0000,0.0000,0.0000,3.8311,0.1553,0.2642,0.0000,0.0000,0.0000,0.6478,0.2957,0.2106,
0.0000,0.0000,0.0000,3.8372,0.1583,0.2670,0.0000,0.0000,0.0000,0.6168,0.2941,0.2726,
0.0000,0.0000,0.0000,3.8432,0.1611,0.2702,0.0000,0.0000,0.0000,0.5961,0.2881,0.3207,
0.0000,0.0000,0.0000,3.8490,0.1639,0.2737,0.0000,0.0000,0.0000,0.5848,0.2800,0.3581,
0.0000,0.0000,0.0000,3.8549,0.1667,0.2776,0.0000,0.0000,0.0000,0.5817,0.2709,0.3879,
0.0000,0.0000,0.0000,3.8607,0.1693,0.2817,0.0000,0.0000,0.0000,0.5836,0.2617,0.4082,
0.0000,0.0000,0.0000,3.8666,0.1719,0.2857,0.0000,0.0000,0.0000,0.5877,0.2596,0.3968,
0.0000,0.0000,0.0000,3.8725,0.1745,0.2895,0.0000,0.0000,0.0000,0.5890,0.2611,0.3844,
0.0000,0.0000,0.0000,3.8784,0.1771,0.2932,0.0000,0.0000,0.0000,0.5895,0.2647,0.3711,
0.0000,0.0000,0.0000,3.8843,0.1798,0.2968,0.0000,0.0000,0.0000,0.5901,0.2701,0.3579,
0.0000,0.0000,0.0000,3.8902,0.1826,0.3003,0.0000,0.0000,0.0000,0.5913,0.2768,0.3449,
0.0000,0.0000,0.0000,3.8961,0.1854,0.3036,0.0000,0.0000,0.0000,0.5932,0.2844,0.3318,
0.0000,0.0000,0.0000,3.9021,0.1884,0.3068,0.0000,0.0000,0.0000,0.5959,0.2925,0.3179,
0.0000,0.0000,0.0000,3.9081,0.1914,0.3098,0.0000,0.0000,0.0000,0.5993,0.3008,0.3028,
0.0000,0.0000,0.0000,3.9141,0.1945,0.3126,0.0000,0.0000,0.0000,0.6033,0.3088,0.2860,
0.0000,0.0000,0.0000,3.9202,0.1976,0.3153,0.0000,0.0000,0.0000,0.6076,0.3164,0.2673,
0.0000,0.0000,0.0000,3.9263,0.2009,0.3178,0.0000,0.0000,0.0000,0.6122,0.3233,0.2464,
0.0000,0.0000,0.0000,3.9325,0.2042,0.3200,0.0000,0.0000,0.0000,0.6167,0.3291,0.2230,
0.0000,0.0000,0.0000,3.9387,0.2075,0.3220,0.0000,0.0000,0.0000,0.6212,0.3337,0.1970,
0.0000,0.0000,0.0000,3.9449,0.2109,0.3237,0.0000,0.0000,0.0000,0.6255,0.3367,0.1678,
0.0000,0.0000,0.0000,3.9512,0.2142,0.3250,0.0000,0.0000,0.0000,0.6296,0.3380,0.1351,
0.0000,0.0000,0.0000,3.9576,0.2176,0.3260,0.0000,0.0000,0.0000,0.6336,0.3374,0.0991,
0.0000,0.0000,0.0000,3.9639,0.2210,0.3266,0.0000,0.0000,0.0000,0.6371,0.3347,0.0609,
0.0000,0.0000,0.0000,3.9705,0.2241,0.3273,0.0000,0.0000,0.0000,0.6538,0.3096,0.0716,
0.0000,0.0000,0.0000,3.9772,0.2269,0.3281,0.0000,0.0000,0.0000,0.6687,0.2826,0.0788,
0.0000,0.0000,0.0000,3.9840,0.2294,0.3289,0.0000,0.0000,0.0000,0.6829,0.2553,0.0832,
0.0000,0.0000,0.0000,3.9910,0.2317,0.3298,0.0000,0.0000,0.0000,0.6970,0.2284,0.0856,
0.0000,0.0000,0.0000,3.9981,0.2337,0.3307,0.0000,0.0000,0.0000,0.7114,0.2024,0.0867,
0.0000,0.0000,0.0000,4.0053,0.2355,0.3315,0.0000,0.0000,0.0000,0.7261,0.1780,0.0872,
0.0000,0.0000,0.0000,4.0127,0.2371,0.3324,0.0000,0.0000,0.0000,0.7412,0.1549,0.0873,
0.0000,0.0000,0.0000,4.0203,0.2384,0.3333,0.0000,0.0000,0.0000,0.7567,0.1331,0.0869,
0.0000,0.0000,0.0000,4.0280,0.2395,0.3341,0.0000,0.0000,0.0000,0.7726,0.1124,0.0861,
0.0000,0.0000,0.0000,4.0359,0.2405,0.3350,0.0000,0.0000,0.0000,0.7890,0.0926,0.0849,
0.0000,0.0000,0.0000,4.0440,0.2412,0.3358,0.0000,0.0000,0.0000,0.8060,0.0736,0.0833,
0.0000,0.0000,0.0000,4.0522,0.2417,0.3366,0.0000,0.0000,0.0000,0.8236,0.0553,0.0812,
0.0000,0.0000,0.0000,4.0606,0.2421,0.3374,0.0000,0.0000,0.0000,0.8420,0.0375,0.0788,
0.0000,0.0000,0.0000,4.0693,0.2423,0.3382,0.0000,0.0000,0.0000,0.8613,0.0202,0.0760,
0.0000,0.0000,0.0000,4.0781,0.2423,0.3389,0.0000,0.0000,0.0000,0.8814,0.0031,0.0729,
0.0000,0.0000,0.0000,4.0871,0.2422,0.3396,0.0000,0.0000,0.0000,0.9022,-0.0140,0.0698,
0.0000,0.0000,0.0000,4.0963,0.2419,0.3403,0.0000,0.0000,0.0000,0.9236,-0.0313,0.0668,
0.0000,0.0000,0.0000,4.1058,0.2414,0.3409,0.0000,0.0000,0.0000,0.9447,-0.0492,0.0643,
0.0000,0.0000,0.0000,4.1154,0.2407,0.3415,0.0000,0.0000,0.0000,0.9641,-0.0681,0.0631,
0.0000,0.0000,0.0000,4.1252,0.2398,0.3422,0.0000,0.0000,0.0000,0.9784,-0.0886,0.0645,
0.0000,0.0000,0.0000,4.1350,0.2388,0.3428,0.0000,0.0000,0.0000,0.9826,-0.1000,0.0576,
0.0000,0.0000,0.0000,4.1448,0.2378,0.3433,0.0000,0.0000,0.0000,0.9823,-0.1079,0.0497,
0.0000,0.0000,0.0000,4.1547,0.2366,0.3437,0.0000,0.0000,0.0000,0.9808,-0.1138,0.0420,
0.0000,0.0000,0.0000,4.1645,0.2354,0.3440,0.0000,0.0000,0.0000,0.9795,-0.1188,0.0352,
0.0000,0.0000,0.0000,4.1742,0.2342,0.3443,0.0000,0.0000,0.0000,0.9792,-0.1235,0.0294,
0.0000,0.0000,0.0000,4.1840,0.2329,0.3446,0.0000,0.0000,0.0000,0.9803,-0.1282,0.0249,
0.0000,0.0000,0.0000,4.1939,0.2316,0.3448,0.0000,0.0000,0.0000,0.9827,-0.1334,0.0217,
0.0000,0.0000,0.0000,4.2037,0.2302,0.3450,0.0000,0.0000,0.0000,0.9866,-0.1393,0.0196,
0.0000,0.0000,0.0000,4.2137,0.2287,0.3452,0.0000,0.0000,0.0000,0.9919,-0.1459,0.0186,
0.0000,0.0000,0.0000,4.2236,0.2272,0.3454,0.0000,0.0000,0.0000,0.9986,-0.1534,0.0184,
0.0000,0.0000,0.0000,4.2337,0.2256,0.3456,0.0000,0.0000,0.0000,1.0066,-0.1619,0.0191,
0.0000,0.0000,0.0000,4.2439,0.2239,0.3458,0.0000,0.0000,0.0000,1.0159,-0.1713,0.0203,
0.0000,0.0000,0.0000,4.2541,0.2220,0.3460,0.0000,0.0000,0.0000,1.0265,-0.1819,0.0220,
0.0000,0.0000,0.0000,4.2645,0.2201,0.3462,0.0000,0.0000,0.0000,1.0385,-0.1933,0.0239,
0.0000,0.0000,0.0000,4.2750,0.2181,0.3465,0.0000,0.0000,0.0000,1.0518,-0.2057,0.0261,
0.0000,0.0000,0.0000,4.2857,0.2159,0.3468,0.0000,0.0000,0.0000,1.0664,-0.2187,0.0284,
0.0000,0.0000,0.0000,4.2965,0.2135,0.3471,0.0000,0.0000,0.0000,1.0821,-0.2323,0.0309,
0.0000,0.0000,0.0000,4.3075,0.2111,0.3474,0.0000,0.0000,0.0000,1.0984,-0.2457,0.0340,
0.0000,0.0000,0.0000,4.3187,0.2085,0.3478,0.0000,0.0000,0.0000,1.1145,-0.2584,0.0381,
0.0000,0.0000,0.0000,4.3299,0.2058,0.3482,0.0000,0.0000,0.0000,1.1283,-0.2690,0.0445,
0.0000,0.0000,0.0000,4.3413,0.2030,0.3486,0.0000,0.0000,0.0000,1.1329,-0.2858,0.0354,
0.0000,0.0000,0.0000,4.3526,0.1999,0.3489,0.0000,0.0000,0.0000,1.1339,-0.3027,0.0264,
0.0000,0.0000,0.0000,4.3639,0.1967,0.3490,0.0000,0.0000,0.0000,1.1336,-0.3196,0.0184,
0.0000,0.0000,0.0000,4.3753,0.1934,0.3492,0.0000,0.0000,0.0000,1.1333,-0.3363,0.0117,
0.0000,0.0000,0.0000,4.3866,0.1898,0.3492,0.0000,0.0000,0.0000,1.1334,-0.3526,0.0065,
0.0000,0.0000,0.0000,4.3979,0.1862,0.3492,0.0000,0.0000,0.0000,1.1344,-0.3685,0.0027,
0.0000,0.0000,0.0000,4.4093,0.1823,0.3493,0.0000,0.0000,0.0000,1.1364,-0.3839,0.0004,
0.0000,0.0000,0.0000,4.4207,0.1783,0.3492,0.0000,0.0000,0.0000,1.1395,-0.3985,-0.0008,
0.0000,0.0000,0.0000,4.4321,0.1742,0.3492,0.0000,0.0000,0.0000,1.1438,-0.4125,-0.0009,
0.0000,0.0000,0.0000,4.4436,0.1700,0.3492,0.0000,0.0000,0.0000,1.1494,-0.4257,-0.0003,
0.0000,0.0000,0.0000,4.4552,0.1656,0.3492,0.0000,0.0000,0.0000,1.1562,-0.4381,0.0009,
0.0000,0.0000,0.0000,4.4668,0.1611,0.3493,0.0000,0.0000,0.0000,1.1643,-0.4498,0.0023,
0.0000,0.0000,0.0000,4.4786,0.1565,0.3493,0.0000,0.0000,0.0000,1.1738,-0.4607,0.0038,
0.0000,0.0000,0.0000,4.4904,0.1518,0.3494,0.0000,0.0000,0.0000,1.1846,-0.4710,0.0051,
0.0000,0.0000,0.0000,4.5024,0.1469,0.3494,0.0000,0.0000,0.0000,1.1967,-0.4807,0.0060,
0.0000,0.0000,0.0000,4.5145,0.1420,0.3495,0.0000,0.0000,0.0000,1.2100,-0.4900,0.0065,
0.0000,0.0000,0.0000,4.5267,0.1371,0.3495,0.0000,0.0000,0.0000,1.2242,-0.4990,0.0066,
0.0000,0.0000,0.0000,4.5391,0.1320,0.3496,0.0000,0.0000,0.0000,1.2386,-0.5079,0.0065,
0.0000,0.0000,0.0000,4.5516,0.1268,0.3497,0.0000,0.0000,0.0000,1.2517,-0.5168,0.0069,
0.0000,0.0000,0.0000,4.5643,0.1216,0.3498,0.0000,0.0000,0.0000,1.2608,-0.5255,0.0092,
0.0000,0.0000,0.0000,4.5769,0.1163,0.3498,0.0000,0.0000,0.0000,1.2631,-0.5246,0.0068,
0.0000,0.0000,0.0000,4.5895,0.1111,0.3499,0.0000,0.0000,0.0000,1.2622,-0.5205,0.0035,
0.0000,0.0000,0.0000,4.6021,0.1059,0.3499,0.0000,0.0000,0.0000,1.2606,-0.5155,0.0004,
0.0000,0.0000,0.0000,4.6147,0.1008,0.3499,0.0000,0.0000,0.0000,1.2592,-0.5105,-0.0017,
0.0000,0.0000,0.0000,4.6273,0.0958,0.3498,0.0000,0.0000,0.0000,1.2587,-0.5064,-0.0029,
0.0000,0.0000,0.0000,4.6399,0.0907,0.3498,0.0000,0.0000,0.0000,1.2590,-0.5033,-0.0030,
0.0000,0.0000,0.0000,4.6525,0.0857,0.3498,0.0000,0.0000,0.0000,1.2604,-0.5017,-0.0022,
0.0000,0.0000,0.0000,4.6651,0.0807,0.3498,0.0000,0.0000,0.0000,1.2628,-0.5016,-0.0008,
0.0000,0.0000,0.0000,4.6778,0.0757,0.3498,0.0000,0.0000,0.0000,1.2663,-0.5032,0.0012,
0.0000,0.0000,0.0000,4.6905,0.0706,0.3498,0.0000,0.0000,0.0000,1.2707,-0.5064,0.0033,
0.0000,0.0000,0.0000,4.7032,0.0655,0.3499,0.0000,0.0000,0.0000,1.2762,-0.5113,0.0054,
0.0000,0.0000,0.0000,4.7161,0.0603,0.3499,0.0000,0.0000,0.0000,1.2828,-0.5179,0.0071,
0.0000,0.0000,0.0000,4.7290,0.0551,0.3500,0.0000,0.0000,0.0000,1.2904,-0.5260,0.0083,
0.0000,0.0000,0.0000,4.7420,0.0497,0.3501,0.0000,0.0000,0.0000,1.2993,-0.5357,0.0088,
0.0000,0.0000,0.0000,4.7551,0.0442,0.3502,0.0000,0.0000,0.0000,1.3095,-0.5467,0.0083,
0.0000,0.0000,0.0000,4.7683,0.0387,0.3503,0.0000,0.0000,0.0000,1.3210,-0.5587,0.0070,
0.0000,0.0000,0.0000,4.7816,0.0329,0.3503,0.0000,0.0000,0.0000,1.3336,-0.5712,0.0049,
0.0000,0.0000,0.0000,4.7951,0.0271,0.3503,0.0000,0.0000,0.0000,1.3469,-0.5836,0.0025,
0.0000,0.0000,0.0000,4.8087,0.0212,0.3503,0.0000,0.0000,0.0000,1.3597,-0.5943,0.0009,
0.0000,0.0000,0.0000,4.8224,0.0152,0.3504,0.0000,0.0000,0.0000,1.3690,-0.6007,0.0023,
0.0000,0.0000,0.0000,4.8360,0.0091,0.3504,0.0000,0.0000,0.0000,1.3664,-0.6025,0.0016,
0.0000,0.0000,0.0000,4.8496,0.0031,0.3504,0.0000,0.0000,0.0000,1.3583,-0.6045,-0.0013,
0.0000,0.0000,0.0000,4.8631,-0.0030,0.3503,0.0000,0.0000,0.0000,1.3486,-0.6068,-0.0046,
0.0000,0.0000,0.0000,4.8765,-0.0091,0.3503,0.0000,0.0000,0.0000,1.3390,-0.6095,-0.0071,
0.0000,0.0000,0.0000,4.8898,-0.0152,0.3502,0.0000,0.0000,0.0000,1.3306,-0.6123,-0.0085,
0.0000,0.0000,0.0000,4.9030,-0.0214,0.3501,0.0000,0.0000,0.0000,1.3237,-0.6152,-0.0086,
0.0000,0.0000,0.0000,4.9162,-0.0275,0.3500,0.0000,0.0000,0.0000,1.3185,-0.6180,-0.0076,
0.0000,0.0000,0.0000,4.9294,-0.0337,0.3500,0.0000,0.0000,0.0000,1.3151,-0.6204,-0.0056,
0.0000,0.0000,0.0000,4.9425,-0.0400,0.3499,0.0000,0.0000,0.0000,1.3135,-0.6224,-0.0030,
0.0000,0.0000,0.0000,4.9556,-0.0462,0.3499,0.0000,0.0000,0.0000,1.3137,-0.6239,-0.0001,
0.0000,0.0000,0.0000,4.9688,-0.0524,0.3500,0.0000,0.0000,0.0000,1.3157,-0.6247,0.0028,
0.0000,0.0000,0.0000,4.9820,-0.0587,0.3500,0.0000,0.0000,0.0000,1.3196,-0.6250,0.0053,
0.0000,0.0000,0.0000,4.9952,-0.0649,0.3501,0.0000,0.0000,0.0000,1.3251,-0.6248,0.0069,
0.0000,0.0000,0.0000,5.0086,-0.0712,0.3501,0.0000,0.0000,0.0000,1.3325,-0.6241,0.0075,
0.0000,0.0000,0.0000,5.0220,-0.0774,0.3502,0.0000,0.0000,0.0000,1.3414,-0.6231,0.0067,
0.0000,0.0000,0.0000,5.0355,-0.0836,0.3503,0.0000,0.0000,0.0000,1.3519,-0.6219,0.0045,
0.0000,0.0000,0.0000,5.0491,-0.0898,0.3503,0.0000,0.0000,0.0000,1.3635,-0.6207,0.0008,
0.0000,0.0000,0.0000,5.0629,-0.0960,0.3502,0.0000,0.0000,0.0000,1.3755,-0.6197,-0.0039,
0.0000,0.0000,0.0000,5.0768,-0.1022,0.3501,0.0000,0.0000,0.0000,1.3863,-0.6188,-0.0087,
0.0000,0.0000,0.0000,5.0907,-0.1084,0.3500,0.0000,0.0000,0.0000,1.3925,-0.6178,-0.0116,
0.0000,0.0000,0.0000,5.1046,-0.1146,0.3499,0.0000,0.0000,0.0000,1.3870,-0.6148,-0.0081,
0.0000,0.0000,0.0000,5.1183,-0.1206,0.3499,0.0000,0.0000,0.0000,1.3785,-0.6080,-0.0070,
0.0000,0.0000,0.0000,5.1320,-0.1266,0.3498,0.0000,0.0000,0.0000,1.3698,-0.6002,-0.0064,
0.0000,0.0000,0.0000,5.1457,-0.1326,0.3498,0.0000,0.0000,0.0000,1.3618,-0.5926,-0.0055,
0.0000,0.0000,0.0000,5.1592,-0.1384,0.3497,0.0000,0.0000,0.0000,1.3551,-0.5860,-0.0041,
0.0000,0.0000,0.0000,5.1727,-0.1442,0.3497,0.0000,0.0000,0.0000,1.3496,-0.5808,-0.0020,
0.0000,0.0000,0.0000,5.1862,-0.1500,0.3497,0.0000,0.0000,0.0000,1.3453,-0.5772,0.0006,
0.0000,0.0000,0.0000,5.1996,-0.1558,0.3497,0.0000,0.0000,0.0000,1.3421,-0.5754,0.0034,
0.0000,0.0000,0.0000,5.2130,-0.1615,0.3498,0.0000,0.0000,0.0000,1.3399,-0.5755,0.0064,
0.0000,0.0000,0.0000,5.2264,-0.1673,0.3499,0.0000,0.0000,0.0000,1.3387,-0.5774,0.0091,
0.0000,0.0000,0.0000,5.2397,-0.1731,0.3500,0.0000,0.0000,0.0000,1.3385,-0.5812,0.0114,
0.0000,0.0000,0.0000,5.2531,-0.1790,0.3501,0.0000,0.0000,0.0000,1.3392,-0.5869,0.0129,
0.0000,0.0000,0.0000,5.2665,-0.1849,0.3503,0.0000,0.0000,0.0000,1.3409,-0.5943,0.0133,
0.0000,0.0000,0.0000,5.2800,-0.1909,0.3504,0.0000,0.0000,0.0000,1.3436,-0.6034,0.0124,
0.0000,0.0000,0.0000,5.2935,-0.1971,0.3505,0.0000,0.0000,0.0000,1.3474,-0.6139,0.0101,
0.0000,0.0000,0.0000,5.3070,-0.2033,0.3506,0.0000,0.0000,0.0000,1.3523,-0.6256,0.0062,
0.0000,0.0000,0.0000,5.3206,-0.2097,0.3506,0.0000,0.0000,0.0000,1.3582,-0.6380,0.0009,
0.0000,0.0000,0.0000,5.3342,-0.2162,0.3505,0.0000,0.0000,0.0000,1.3647,-0.6504,-0.0056,
0.0000,0.0000,0.0000,5.3479,-0.2228,0.3504,0.0000,0.0000,0.0000,1.3706,-0.6612,-0.0122,
0.0000,0.0000,0.0000,5.3616,-0.2295,0.3502,0.0000,0.0000,0.0000,1.3730,-0.6675,-0.0165,
0.0000,0.0000,0.0000,5.3753,-0.2361,0.3501,0.0000,0.0000,0.0000,1.3657,-0.6614,-0.0114,
0.0000,0.0000,0.0000,5.3888,-0.2427,0.3500,0.0000,0.0000,0.0000,1.3529,-0.6551,-0.0093,
0.0000,0.0000,0.0000,5.4022,-0.2492,0.3499,0.0000,0.0000,0.0000,1.3388,-0.6492,-0.0079,
0.0000,0.0000,0.0000,5.4155,-0.2556,0.3499,0.0000,0.0000,0.0000,1.3254,-0.6436,-0.0064,
0.0000,0.0000,0.0000,5.4286,-0.2620,0.3498,0.0000,0.0000,0.0000,1.3133,-0.6381,-0.0042,
0.0000,0.0000,0.0000,5.4416,-0.2683,0.3498,0.0000,0.0000,0.0000,1.3028,-0.6325,-0.0015,
0.0000,0.0000,0.0000,5.4546,-0.2746,0.3498,0.0000,0.0000,0.0000,1.2941,-0.6266,0.0018,
0.0000,0.0000,0.0000,5.4674,-0.2808,0.3499,0.0000,0.0000,0.0000,1.2872,-0.6201,0.0054,
0.0000,0.0000,0.0000,5.4803,-0.2869,0.3500,0.0000,0.0000,0.0000,1.2820,-0.6131,0.0090,
0.0000,0.0000,0.0000,5.4930,-0.2930,0.3501,0.0000,0.0000,0.0000,1.2786,-0.6054,0.0123,
0.0000,0.0000,0.0000,5.5058,-0.2989,0.3502,0.0000,0.0000,0.0000,1.2768,-0.5970,0.0148,
0.0000,0.0000,0.0000,5.5186,-0.3048,0.3504,0.0000,0.0000,0.0000,1.2766,-0.5879,0.0162,
0.0000,0.0000,0.0000,5.5314,-0.3106,0.3506,0.0000,0.0000,0.0000,1.2780,-0.5782,0.0162,
0.0000,0.0000,0.0000,5.5442,-0.3163,0.3507,0.0000,0.0000,0.0000,1.2809,-0.5679,0.0144,
0.0000,0.0000,0.0000,5.5570,-0.3218,0.3508,0.0000,0.0000,0.0000,1.2852,-0.5573,0.0107,
0.0000,0.0000,0.0000,5.5699,-0.3273,0.3509,0.0000,0.0000,0.0000,1.2909,-0.5465,0.0050,
0.0000,0.0000,0.0000,5.5829,-0.3327,0.3508,0.0000,0.0000,0.0000,1.2976,-0.5358,-0.0027,
0.0000,0.0000,0.0000,5.5960,-0.3379,0.3507,0.0000,0.0000,0.0000,1.3048,-0.5252,-0.0121,
0.0000,0.0000,0.0000,5.6091,-0.3431,0.3505,0.0000,0.0000,0.0000,1.3110,-0.5150,-0.0221,
0.0000,0.0000,0.0000,5.6222,-0.3481,0.3502,0.0000,0.0000,0.0000,1.3128,-0.5051,-0.0310,
0.0000,0.0000,0.0000,5.6352,-0.3531,0.3500,0.0000,0.0000,0.0000,1.2994,-0.5016,-0.0217,
0.0000,0.0000,0.0000,5.6480,-0.3581,0.3498,0.0000,0.0000,0.0000,1.2838,-0.4945,-0.0155,
0.0000,0.0000,0.0000,5.6607,-0.3629,0.3497,0.0000,0.0000,0.0000,1.2688,-0.4864,-0.0108,
0.0000,0.0000,0.0000,5.6733,-0.3677,0.3496,0.0000,0.0000,0.0000,1.2550,-0.4786,-0.0067,
0.0000,0.0000,0.0000,5.6857,-0.3724,0.3496,0.0000,0.0000,0.0000,1.2429,-0.4717,-0.0026,
0.0000,0.0000,0.0000,5.6980,-0.3771,0.3496,0.0000,0.0000,0.0000,1.2321,-0.4661,0.0013,
0.0000,0.0000,0.0000,5.7102,-0.3817,0.3497,0.0000,0.0000,0.0000,1.2227,-0.4621,0.0052,
0.0000,0.0000,0.0000,5.7224,-0.3863,0.3498,0.0000,0.0000,0.0000,1.2144,-0.4596,0.0088,
0.0000,0.0000,0.0000,5.7345,-0.3909,0.3499,0.0000,0.0000,0.0000,1.2071,-0.4588,0.0120,
0.0000,0.0000,0.0000,5.7465,-0.3955,0.3500,0.0000,0.0000,0.0000,1.2006,-0.4597,0.0147,
0.0000,0.0000,0.0000,5.7584,-0.4001,0.3502,0.0000,0.0000,0.0000,1.1950,-0.4622,0.0165,
0.0000,0.0000,0.0000,5.7703,-0.4048,0.3504,0.0000,0.0000,0.0000,1.1901,-0.4663,0.0173,
0.0000,0.0000,0.0000,5.7822,-0.4095,0.3505,0.0000,0.0000,0.0000,1.1860,-0.4720,0.0168,
0.0000,0.0000,0.0000,5.7940,-0.4143,0.3507,0.0000,0.0000,0.0000,1.1828,-0.4790,0.0149,
0.0000,0.0000,0.0000,5.8058,-0.4192,0.3508,0.0000,0.0000,0.0000,1.1805,-0.4873,0.0114,
0.0000,0.0000,0.0000,5.8176,-0.4241,0.3509,0.0000,0.0000,0.0000,1.1791,-0.4965,0.0061,
0.0000,0.0000,0.0000,5.8294,-0.4292,0.3509,0.0000,0.0000,0.0000,1.1786,-0.5064,-0.0009,
0.0000,0.0000,0.0000,5.8412,-0.4344,0.3508,0.0000,0.0000,0.0000,1.1786,-0.5162,-0.0093,
0.0000,0.0000,0.0000,5.8529,-0.4396,0.3506,0.0000,0.0000,0.0000,1.1781,-0.5247,-0.0185,
0.0000,0.0000,0.0000,5.8647,-0.4449,0.3503,0.0000,0.0000,0.0000,1.1742,-0.5291,-0.0266,
0.0000,0.0000,0.0000,5.8763,-0.4500,0.3501,0.0000,0.0000,0.0000,1.1628,-0.5138,-0.0181,
0.0000,0.0000,0.0000,5.8878,-0.4550,0.3500,0.0000,0.0000,0.0000,1.1467,-0.4988,-0.0125,
0.0000,0.0000,0.0000,5.8991,-0.4599,0.3499,0.0000,0.0000,0.0000,1.1296,-0.4844,-0.0083,
0.0000,0.0000,0.0000,5.9102,-0.4646,0.3499,0.0000,0.0000,0.0000,1.1132,-0.4704,-0.0045,
0.0000,0.0000,0.0000,5.9212,-0.4691,0.3499,0.0000,0.0000,0.0000,1.0980,-0.4563,-0.0009,
0.0000,0.0000,0.0000,5.9320,-0.4736,0.3499,0.0000,0.0000,0.0000,1.0843,-0.4421,0.0026,
0.0000,0.0000,0.0000,5.9428,-0.4778,0.3500,0.0000,0.0000,0.0000,1.0719,-0.4273,0.0060,
0.0000,0.0000,0.0000,5.9534,-0.4820,0.3501,0.0000,0.0000,0.0000,1.0608,-0.4120,0.0092,
0.0000,0.0000,0.0000,5.9639,-0.4859,0.3502,0.0000,0.0000,0.0000,1.0509,-0.3958,0.0120,
0.0000,0.0000,0.0000,5.9743,-0.4897,0.3503,0.0000,0.0000,0.0000,1.0420,-0.3788,0.0142,
0.0000,0.0000,0.0000,5.9846,-0.4933,0.3505,0.0000,0.0000,0.0000,1.0342,-0.3608,0.0155,
0.0000,0.0000,0.0000,5.9949,-0.4967,0.3506,0.0000,0.0000,0.0000,1.0273,-0.3419,0.0158,
0.0000,0.0000,0.0000,6.0051,-0.5000,0.3508,0.0000,0.0000,0.0000,1.0213,-0.3221,0.0148,
0.0000,0.0000,0.0000,6.0153,-0.5030,0.3509,0.0000,0.0000,0.0000,1.0161,-0.3015,0.0123,
0.0000,0.0000,0.0000,6.0254,-0.5058,0.3510,0.0000,0.0000,0.0000,1.0118,-0.2801,0.0082,
0.0000,0.0000,0.0000,6.0355,-0.5084,0.3510,0.0000,0.0000,0.0000,1.0082,-0.2582,0.0022,
0.0000,0.0000,0.0000,6.0455,-0.5107,0.3509,0.0000,0.0000,0.0000,1.0052,-0.2358,-0.0056,
0.0000,0.0000,0.0000,6.0556,-0.5128,0.3508,0.0000,0.0000,0.0000,1.0026,-0.2132,-0.0154,
0.0000,0.0000,0.0000,6.0656,-0.5148,0.3505,0.0000,0.0000,0.0000,0.9996,-0.1905,-0.0268,
0.0000,0.0000,0.0000,6.0755,-0.5164,0.3501,0.0000,0.0000,0.0000,0.9944,-0.1682,-0.0392,
0.0000,0.0000,0.0000,6.0853,-0.5181,0.3499,0.0000,0.0000,0.0000,0.9777,-0.1634,-0.0274,
0.0000,0.0000,0.0000,6.0949,-0.5196,0.3497,0.0000,0.0000,0.0000,0.9600,-0.1572,-0.0183,
0.0000,0.0000,0.0000,6.1043,-0.5211,0.3496,0.0000,0.0000,0.0000,0.9431,-0.1507,-0.0107,
0.0000,0.0000,0.0000,6.1136,-0.5226,0.3495,0.0000,0.0000,0.0000,0.9273,-0.1446,-0.0042,
0.0000,0.0000,0.0000,6.1227,-0.5240,0.3495,0.0000,0.0000,0.0000,0.9127,-0.1393,0.0013,
0.0000,0.0000,0.0000,6.1317,-0.5253,0.3496,0.0000,0.0000,0.0000,0.8992,-0.1350,0.0062,
0.0000,0.0000,0.0000,6.1406,-0.5267,0.3497,0.0000,0.0000,0.0000,0.8866,-0.1318,0.0103,
0.0000,0.0000,0.0000,6.1493,-0.5279,0.3498,0.0000,0.0000,0.0000,0.8748,-0.1297,0.0137,
0.0000,0.0000,0.0000,6.1579,-0.5292,0.3500,0.0000,0.0000,0.0000,0.8637,-0.1287,0.0162,
0.0000,0.0000,0.0000,6.1665,-0.5305,0.3502,0.0000,0.0000,0.0000,0.8531,-0.1289,0.0179,
0.0000,0.0000,0.0000,6.1749,-0.5318,0.3504,0.0000,0.0000,0.0000,0.8432,-0.1301,0.0187,
0.0000,0.0000,0.0000,6.1833,-0.5332,0.3506,0.0000,0.0000,0.0000,0.8339,-0.1324,0.0184,
0.0000,0.0000,0.0000,6.1915,-0.5345,0.3507,0.0000,0.0000,0.0000,0.8252,-0.1356,0.0169,
0.0000,0.0000,0.0000,6.1997,-0.5359,0.3509,0.0000,0.0000,0.0000,0.8171,-0.1396,0.0142,
0.0000,0.0000,0.0000,6.2078,-0.5373,0.3510,0.0000,0.0000,0.0000,0.8099,-0.1443,0.0102,
0.0000,0.0000,0.0000,6.2158,-0.5388,0.3510,0.0000,0.0000,0.0000,0.8036,-0.1495,0.0048,
0.0000,0.0000,0.0000,6.2238,-0.5404,0.3510,0.0000,0.0000,0.0000,0.7982,-0.1548,-0.0019,
0.0000,0.0000,0.0000,6.2317,-0.5420,0.3509,0.0000,0.0000,0.0000,0.7936,-0.1598,-0.0098,
0.0000,0.0000,0.0000,6.2396,-0.5436,0.3507,0.0000,0.0000,0.0000,0.7886,-0.1639,-0.0185,
0.0000,0.0000,0.0000,6.2474,-0.5453,0.3504,0.0000,0.0000,0.0000,0.7802,-0.1657,-0.0269,
0.0000,0.0000,0.0000,6.2550,-0.5467,0.3503,0.0000,0.0000,0.0000,0.7619,-0.1451,-0.0185,
0.0000,0.0000,0.0000,6.2624,-0.5480,0.3501,0.0000,0.0000,0.0000,0.7405,-0.1264,-0.0124,
0.0000,0.0000,0.0000,6.2696,-0.5491,0.3501,0.0000,0.0000,0.0000,0.7192,-0.1088,-0.0077,
0.0000,0.0000,0.0000,6.2766,-0.5500,0.3500,0.0000,0.0000,0.0000,0.6988,-0.0918,-0.0040,
0.0000,0.0000,0.0000,6.2834,-0.5508,0.3500,0.0000,0.0000,0.0000,0.6796,-0.0750,-0.0011,
0.0000,0.0000,0.0000,6.2900,-0.5513,0.3500,0.0000,0.0000,0.0000,0.6614,-0.0580,0.0013,
0.0000,0.0000,0.0000,6.2965,-0.5517,0.3501,0.0000,0.0000,0.0000,0.6440,-0.0408,0.0032,
0.0000,0.0000,0.0000,6.3027,-0.5520,0.3501,0.0000,0.0000,0.0000,0.6271,-0.0232,0.0046,
0.0000,0.0000,0.0000,6.3088,-0.5520,0.3502,0.0000,0.0000,0.0000,0.6105,-0.0050,0.0054,
0.0000,0.0000,0.0000,6.3148,-0.5519,0.3502,0.0000,0.0000,0.0000,0.5941,0.0138,0.0057,
0.0000,0.0000,0.0000,6.3206,-0.5516,0.3503,0.0000,0.0000,0.0000,0.5775,0.0334,0.0054,
0.0000,0.0000,0.0000,6.3262,-0.5510,0.3503,0.0000,0.0000,0.0000,0.5607,0.0537,0.0044,
0.0000,0.0000,0.0000,6.3316,-0.5503,0.3503,0.0000,0.0000,0.0000,0.5435,0.0749,0.0026,
0.0000,0.0000,0.0000,6.3369,-0.5493,0.3503,0.0000,0.0000,0.0000,0.5259,0.0971,-0.0000,
0.0000,0.0000,0.0000,6.3419,-0.5481,0.3503,0.0000,0.0000,0.0000,0.5078,0.1202,-0.0035,
0.0000,0.0000,0.0000,6.3468,-0.5466,0.3502,0.0000,0.0000,0.0000,0.4891,0.1444,-0.0081,
0.0000,0.0000,0.0000,6.3515,-0.5450,0.3501,0.0000,0.0000,0.0000,0.4698,0.1698,-0.0140,
0.0000,0.0000,0.0000,6.3560,-0.5430,0.3499,0.0000,0.0000,0.0000,0.4499,0.1969,-0.0215,
0.0000,0.0000,0.0000,6.3603,-0.5407,0.3495,0.0000,0.0000,0.0000,0.4295,0.2262,-0.0312,
0.0000,0.0000,0.0000,6.3644,-0.5381,0.3491,0.0000,0.0000,0.0000,0.4085,0.2577,-0.0434,
0.0000,0.0000,0.0000,6.3683,-0.5354,0.3488,0.0000,0.0000,0.0000,0.3910,0.2701,-0.0348,
0.0000,0.0000,0.0000,6.3721,-0.5326,0.3485,0.0000,0.0000,0.0000,0.3756,0.2818,-0.0269,
0.0000,0.0000,0.0000,6.3757,-0.5297,0.3483,0.0000,0.0000,0.0000,0.3618,0.2928,-0.0197,
0.0000,0.0000,0.0000,6.3792,-0.5267,0.3482,0.0000,0.0000,0.0000,0.3491,0.3032,-0.0132,
0.0000,0.0000,0.0000,6.3826,-0.5235,0.3481,0.0000,0.0000,0.0000,0.3373,0.3131,-0.0074,
0.0000,0.0000,0.0000,6.3858,-0.5203,0.3481,0.0000,0.0000,0.0000,0.3264,0.3225,-0.0023,
0.0000,0.0000,0.0000,6.3890,-0.5170,0.3481,0.0000,0.0000,0.0000,0.3163,0.3315,0.0021,
0.0000,0.0000,0.0000,6.3921,-0.5136,0.3481,0.0000,0.0000,0.0000,0.3072,0.3402,0.0057,
0.0000,0.0000,0.0000,6.3950,-0.5101,0.3482,0.0000,0.0000,0.0000,0.2988,0.3487,0.0086,
0.0000,0.0000,0.0000,6.3980,-0.5065,0.3483,0.0000,0.0000,0.0000,0.2913,0.3573,0.0109,
0.0000,0.0000,0.0000,6.4008,-0.5029,0.3485,0.0000,0.0000,0.0000,0.2846,0.3661,0.0124,
0.0000,0.0000,0.0000,6.4036,-0.4991,0.3486,0.0000,0.0000,0.0000,0.2787,0.3752,0.0132,
0.0000,0.0000,0.0000,6.4063,-0.4953,0.3487,0.0000,0.0000,0.0000,0.2736,0.3850,0.0134,
0.0000,0.0000,0.0000,6.4090,-0.4913,0.3489,0.0000,0.0000,0.0000,0.2693,0.3956,0.0129,
0.0000,0.0000,0.0000,6.4117,-0.4872,0.3490,0.0000,0.0000,0.0000,0.2658,0.4072,0.0117,
0.0000,0.0000,0.0000,6.4143,-0.4830,0.3491,0.0000,0.0000,0.0000,0.2629,0.4201,0.0099,
0.0000,0.0000,0.0000,6.4169,-0.4787,0.3492,0.0000,0.0000,0.0000,0.2607,0.4344,0.0082,
0.0000,0.0000,0.0000,6.4195,-0.4742,0.3492,0.0000,0.0000,0.0000,0.2585,0.4495,0.0060,
0.0000,0.0000,0.0000,6.4221,-0.4696,0.3493,0.0000,0.0000,0.0000,0.2556,0.4642,0.0039,
0.0000,0.0000,0.0000,6.4246,-0.4648,0.3493,0.0000,0.0000,0.0000,0.2497,0.4750,0.0029,
0.0000,0.0000,0.0000,6.4269,-0.4601,0.3494,0.0000,0.0000,0.0000,0.2296,0.4751,0.0063,
0.0000,0.0000,0.0000,6.4290,-0.4554,0.3494,0.0000,0.0000,0.0000,0.2104,0.4698,0.0073,
0.0000,0.0000,0.0000,6.4309,-0.4507,0.3495,0.0000,0.0000,0.0000,0.1929,0.4641,0.0074,
0.0000,0.0000,0.0000,6.4327,-0.4461,0.3496,0.0000,0.0000,0.0000,0.1772,0.4597,0.0071,
0.0000,0.0000,0.0000,6.4343,-0.4415,0.3496,0.0000,0.0000,0.0000,0.1630,0.4573,0.0067,
0.0000,0.0000,0.0000,6.4358,-0.4370,0.3497,0.0000,0.0000,0.0000,0.1500,0.4569,0.0063,
0.0000,0.0000,0.0000,6.4372,-0.4324,0.3498,0.0000,0.0000,0.0000,0.1380,0.4584,0.0060,
0.0000,0.0000,0.0000,6.4384,-0.4278,0.3498,0.0000,0.0000,0.0000,0.1267,0.4617,0.0058,
0.0000,0.0000,0.0000,6.4396,-0.4231,0.3499,0.0000,0.0000,0.0000,0.1159,0.4667,0.0058,
0.0000,0.0000,0.0000,6.4406,-0.4184,0.3499,0.0000,0.0000,0.0000,0.1056,0.4733,0.0058,
0.0000,0.0000,0.0000,6.4416,-0.4136,0.3500,0.0000,0.0000,0.0000,0.0957,0.4815,0.0058,
0.0000,0.0000,0.0000,6.4425,-0.4087,0.3500,0.0000,0.0000,0.0000,0.0860,0.4911,0.0059,
0.0000,0.0000,0.0000,6.4432,-0.4036,0.3501,0.0000,0.0000,0.0000,0.0765,0.5023,0.0060,
0.0000,0.0000,0.0000,6.4439,-0.3985,0.3502,0.0000,0.0000,0.0000,0.0672,0.5149,0.0060,
0.0000,0.0000,0.0000,6.4445,-0.3932,0.3502,0.0000,0.0000,0.0000,0.0580,0.5289,0.0060,
0.0000,0.0000,0.0000,6.4450,-0.3878,0.3503,0.0000,0.0000,0.0000,0.0491,0.5442,0.0059,
0.0000,0.0000,0.0000,6.4454,-0.3821,0.3503,0.0000,0.0000,0.0000,0.0403,0.5607,0.0058,
0.0000,0.0000,0.0000,6.4457,-0.3764,0.3504,0.0000,0.0000,0.0000,0.0319,0.5779,0.0058,
0.0000,0.0000,0.0000,6.4459,-0.3704,0.3505,0.0000,0.0000,0.0000,0.0243,0.5946,0.0061,
0.0000,0.0000,0.0000,6.4461,-0.3643,0.3505,0.0000,0.0000,0.0000,0.0183,0.6077,0.0076,
0.0000,0.0000,0.0000,6.4462,-0.3582,0.3506,0.0000,0.0000,0.0000,0.0091,0.6099,0.0051,
0.0000,0.0000,0.0000,6.4462,-0.3522,0.3506,0.0000,0.0000,0.0000,-0.0010,0.6078,0.0025,
0.0000,0.0000,0.0000,6.4461,-0.3461,0.3506,0.0000,0.0000,0.0000,-0.0112,0.6045,0.0002,
0.0000,0.0000,0.0000,6.4459,-0.3401,0.3506,0.0000,0.0000,0.0000,-0.0211,0.6011,-0.0017,
0.0000,0.0000,0.0000,6.4456,-0.3341,0.3506,0.0000,0.0000,0.0000,-0.0308,0.5982,-0.0030,
0.0000,0.0000,0.0000,6.4452,-0.3282,0.3505,0.0000,0.0000,0.0000,-0.0401,0.5962,-0.0040,
0.0000,0.0000,0.0000,6.4447,-0.3222,0.3505,0.0000,0.0000,0.0000,-0.0492,0.5950,-0.0046,
0.0000,0.0000,0.0000,6.4441,-0.3163,0.3504,0.0000,0.0000,0.0000,-0.0580,0.5949,-0.0049,
0.0000,0.0000,0.0000,6.4434,-0.3103,0.3504,0.0000,0.0000,0.0000,-0.0666,0.5959,-0.0049,
0.0000,0.0000,0.0000,6.4427,-0.3043,0.3503,0.0000,0.0000,0.0000,-0.0751,0.5980,-0.0048,
0.0000,0.0000,0.0000,6.4418,-0.2983,0.3503,0.0000,0.0000,0.0000,-0.0834,0.6014,-0.0045,
0.0000,0.0000,0.0000,6.4409,-0.2923,0.3503,0.0000,0.0000,0.0000,-0.0917,0.6060,-0.0041,
0.0000,0.0000,0.0000,6.4399,-0.2861,0.3502,0.0000,0.0000,0.0000,-0.0999,0.6120,-0.0036,
0.0000,0.0000,0.0000,6.4388,-0.2799,0.3502,0.0000,0.0000,0.0000,-0.1082,0.6194,-0.0032,
0.0000,0.0000,0.0000,6.4377,-0.2737,0.3502,0.0000,0.0000,0.0000,-0.1166,0.6283,-0.0027,
0.0000,0.0000,0.0000,6.4364,-0.2673,0.3501,0.0000,0.0000,0.0000,-0.1253,0.6388,-0.0022,
0.0000,0.0000,0.0000,6.4351,-0.2608,0.3501,0.0000,0.0000,0.0000,-0.1343,0.6508,-0.0017,
0.0000,0.0000,0.0000,6.4336,-0.2541,0.3501,0.0000,0.0000,0.0000,-0.1440,0.6640,-0.0011,
0.0000,0.0000,0.0000,6.4321,-0.2473,0.3501,0.0000,0.0000,0.0000,-0.1544,0.6774,-0.0001,
0.0000,0.0000,0.0000,6.4304,-0.2405,0.3501,0.0000,0.0000,0.0000,-0.1661,0.6876,0.0020,
0.0000,0.0000,0.0000,6.4288,-0.2336,0.3501,0.0000,0.0000,0.0000,-0.1685,0.6876,0.0004,
0.0000,0.0000,0.0000,6.4271,-0.2268,0.3501,0.0000,0.0000,0.0000,-0.1694,0.6841,-0.0014,
0.0000,0.0000,0.0000,6.4254,-0.2200,0.3501,0.0000,0.0000,0.0000,-0.1700,0.6797,-0.0027,
0.0000,0.0000,0.0000,6.4236,-0.2132,0.3501,0.0000,0.0000,0.0000,-0.1711,0.6756,-0.0036,
0.0000,0.0000,0.0000,6.4219,-0.2065,0.3500,0.0000,0.0000,0.0000,-0.1727,0.6721,-0.0039,
0.0000,0.0000,0.0000,6.4202,-0.1998,0.3500,0.0000,0.0000,0.0000,-0.1750,0.6696,-0.0038,
0.0000,0.0000,0.0000,6.4184,-0.1931,0.3499,0.0000,0.0000,0.0000,-0.1780,0.6682,-0.0033,
0.0000,0.0000,0.0000,6.4166,-0.1864,0.3499,0.0000,0.0000,0.0000,-0.1817,0.6678,-0.0025,
0.0000,0.0000,0.0000,6.4147,-0.1797,0.3499,0.0000,0.0000,0.0000,-0.1860,0.6687,-0.0015,
0.0000,0.0000,0.0000,6.4128,-0.1730,0.3499,0.0000,0.0000,0.0000,-0.1911,0.6708,-0.0005,
0.0000,0.0000,0.0000,6.4108,-0.1663,0.3499,0.0000,0.0000,0.0000,-0.1969,0.6742,0.0006,
0.0000,0.0000,0.0000,6.4088,-0.1595,0.3499,0.0000,0.0000,0.0000,-0.2033,0.6790,0.0016,
0.0000,0.0000,0.0000,6.4067,-0.1526,0.3499,0.0000,0.0000,0.0000,-0.2105,0.6850,0.0025,
0.0000,0.0000,0.0000,6.4045,-0.1457,0.3500,0.0000,0.0000,0.0000,-0.2183,0.6924,0.0031,
0.0000,0.0000,0.0000,6.4022,-0.1387,0.3500,0.0000,0.0000,0.0000,-0.2268,0.7012,0.0034,
0.0000,0.0000,0.0000,6.3999,-0.1316,0.3500,0.0000,0.0000,0.0000,-0.2360,0.7113,0.0033,
0.0000,0.0000,0.0000,6.3974,-0.1244,0.3501,0.0000,0.0000,0.0000,-0.2457,0.7225,0.0030,
0.0000,0.0000,0.0000,6.3949,-0.1170,0.3501,0.0000,0.0000,0.0000,-0.2558,0.7345,0.0025,
0.0000,0.0000,0.0000,6.3922,-0.1096,0.3501,0.0000,0.0000,0.0000,-0.2654,0.7464,0.0021,
0.0000,0.0000,0.0000,6.3895,-0.1020,0.3502,0.0000,0.0000,0.0000,-0.2725,0.7554,0.0029,
0.0000,0.0000,0.0000,6.3867,-0.0945,0.3502,0.0000,0.0000,0.0000,-0.2774,0.7513,0.0016,
0.0000,0.0000,0.0000,6.3839,-0.0871,0.3502,0.0000,0.0000,0.0000,-0.2824,0.7431,-0.0001,
0.0000,0.0000,0.0000,6.3810,-0.0797,0.3502,0.0000,0.0000,0.0000,-0.2876,0.7345,-0.0015,
0.0000,0.0000,0.0000,6.3781,-0.0725,0.3501,0.0000,0.0000,0.0000,-0.2930,0.7266,-0.0026,
0.0000,0.0000,0.0000,6.3751,-0.0653,0.3501,0.0000,0.0000,0.0000,-0.2986,0.7198,-0.0032,
0.0000,0.0000,0.0000,6.3721,-0.0581,0.3501,0.0000,0.0000,0.0000,-0.3043,0.7144,-0.0034,
0.0000,0.0000,0.0000,6.3690,-0.0510,0.3500,0.0000,0.0000,0.0000,-0.3100,0.7104,-0.0033,
0.0000,0.0000,0.0000,6.3658,-0.0439,0.3500,0.0000,0.0000,0.0000,-0.3158,0.7077,-0.0029,
0.0000,0.0000,0.0000,6.3626,-0.0369,0.3500,0.0000,0.0000,0.0000,-0.3216,0.7064,-0.0024,
0.0000,0.0000,0.0000,6.3593,-0.0298,0.3500,0.0000,0.0000,0.0000,-0.3274,0.7065,-0.0018,
0.0000,0.0000,0.0000,6.3560,-0.0227,0.3499,0.0000,0.0000,0.0000,-0.3333,0.7080,-0.0011,
0.0000,0.0000,0.0000,6.3526,-0.0156,0.3499,0.0000,0.0000,0.0000,-0.3392,0.7109,-0.0004,
0.0000,0.0000,0.0000,6.3491,-0.0085,0.3499,0.0000,0.0000,0.0000,-0.3454,0.7153,0.0002,
0.0000,0.0000,0.0000,6.3456,-0.0012,0.3500,0.0000,0.0000,0.0000,-0.3517,0.7212,0.0007,
0.0000,0.0000,0.0000,6.3420,0.0060,0.3500,0.0000,0.0000,0.0000,-0.3585,0.7287,0.0010,
0.0000,0.0000,0.0000,6.3384,0.0134,0.3500,0.0000,0.0000,0.0000,-0.3658,0.7378,0.0012,
0.0000,0.0000,0.0000,6.3346,0.0209,0.3500,0.0000,0.0000,0.0000,-0.3739,0.7485,0.0013,
0.0000,0.0000,0.0000,6.3308,0.0285,0.3500,0.0000,0.0000,0.0000,-0.3832,0.7606,0.0013,
0.0000,0.0000,0.0000,6.3269,0.0362,0.3500,0.0000,0.0000,0.0000,-0.3937,0.7730,0.0017,
0.0000,0.0000,0.0000,6.3228,0.0441,0.3501,0.0000,0.0000,0.0000,-0.4052,0.7815,0.0037,
0.0000,0.0000,0.0000,6.3188,0.0518,0.3501,0.0000,0.0000,0.0000,-0.4053,0.7790,0.0021,
0.0000,0.0000,0.0000,6.3147,0.0596,0.3501,0.0000,0.0000,0.0000,-0.4024,0.7737,-0.0001,
0.0000,0.0000,0.0000,6.3107,0.0673,0.3501,0.0000,0.0000,0.0000,-0.3992,0.7681,-0.0019,
0.0000,0.0000,0.0000,6.3068,0.0749,0.3500,0.0000,0.0000,0.0000,-0.3966,0.7631,-0.0031,
0.0000,0.0000,0.0000,6.3028,0.0825,0.3500,0.0000,0.0000,0.0000,-0.3949,0.7590,-0.0035,
0.0000,0.0000,0.0000,6.2989,0.0900,0.3500,0.0000,0.0000,0.0000,-0.3943,0.7559,-0.0033,
0.0000,0.0000,0.0000,6.2949,0.0976,0.3499,0.0000,0.0000,0.0000,-0.3946,0.7536,-0.0024,
0.0000,0.0000,0.0000,6.2910,0.1051,0.3499,0.0000,0.0000,0.0000,-0.3961,0.7523,-0.0011,
0.0000,0.0000,0.0000,6.2870,0.1126,0.3499,0.0000,0.0000,0.0000,-0.3987,0.7519,0.0004,
0.0000,0.0000,0.0000,6.2830,0.1201,0.3499,0.0000,0.0000,0.0000,-0.4025,0.7524,0.0020,
0.0000,0.0000,0.0000,6.2789,0.1277,0.3500,0.0000,0.0000,0.0000,-0.4073,0.7538,0.0036,
0.0000,0.0000,0.0000,6.2748,0.1352,0.3500,0.0000,0.0000,0.0000,-0.4133,0.7561,0.0048,
0.0000,0.0000,0.0000,6.2706,0.1428,0.3501,0.0000,0.0000,0.0000,-0.4204,0.7593,0.0055,
0.0000,0.0000,0.0000,6.2663,0.1505,0.3501,0.0000,0.0000,0.0000,-0.4285,0.7634,0.0056,
0.0000,0.0000,0.0000,6.2619,0.1582,0.3502,0.0000,0.0000,0.0000,-0.4378,0.7684,0.0050,
0.0000,0.0000,0.0000,6.2574,0.1659,0.3502,0.0000,0.0000,0.0000,-0.4480,0.7744,0.0036,
0.0000,0.0000,0.0000,6.2528,0.1737,0.3502,0.0000,0.0000,0.0000,-0.4592,0.7813,0.0014,
0.0000,0.0000,0.0000,6.2481,0.1816,0.3502,0.0000,0.0000,0.0000,-0.4710,0.7890,-0.0014,
0.0000,0.0000,0.0000,6.2433,0.1896,0.3502,0.0000,0.0000,0.0000,-0.4824,0.7966,-0.0043,
0.0000,0.0000,0.0000,6.2384,0.1976,0.3501,0.0000,0.0000,0.0000,-0.4907,0.8017,-0.0057,
0.0000,0.0000,0.0000,6.2335,0.2055,0.3501,0.0000,0.0000,0.0000,-0.4887,0.7946,-0.0042,
0.0000,0.0000,0.0000,6.2286,0.2134,0.3500,0.0000,0.0000,0.0000,-0.4875,0.7833,-0.0041,
0.0000,0.0000,0.0000,6.2237,0.2211,0.3500,0.0000,0.0000,0.0000,-0.4875,0.7721,-0.0042,
0.0000,0.0000,0.0000,6.2189,0.2287,0.3500,0.0000,0.0000,0.0000,-0.4886,0.7622,-0.0042,
0.0000,0.0000,0.0000,6.2139,0.2362,0.3499,0.0000,0.0000,0.0000,-0.4906,0.7538,-0.0039,
0.0000,0.0000,0.0000,6.2090,0.2437,0.3499,0.0000,0.0000,0.0000,-0.4931,0.7471,-0.0034,
0.0000,0.0000,0.0000,6.2041,0.2511,0.3499,0.0000,0.0000,0.0000,-0.4960,0.7419,-0.0026,
0.0000,0.0000,0.0000,6.1991,0.2585,0.3498,0.0000,0.0000,0.0000,-0.4991,0.7383,-0.0017,
0.0000,0.0000,0.0000,6.1940,0.2659,0.3498,0.0000,0.0000,0.0000,-0.5024,0.7362,-0.0007,
0.0000,0.0000,0.0000,6.1890,0.2732,0.3498,0.0000,0.0000,0.0000,-0.5058,0.7356,0.0003,
0.0000,0.0000,0.0000,6.1839,0.2806,0.3498,0.0000,0.0000,0.0000,-0.5094,0.7365,0.0012,
0.0000,0.0000,0.0000,6.1788,0.2880,0.3499,0.0000,0.0000,0.0000,-0.5130,0.7388,0.0020,
0.0000,0.0000,0.0000,6.1736,0.2954,0.3499,0.0000,0.0000,0.0000,-0.5168,0.7427,0.0026,
0.0000,0.0000,0.0000,6.1684,0.3029,0.3499,0.0000,0.0000,0.0000,-0.5208,0.7480,0.0030,
0.0000,0.0000,0.0000,6.1631,0.3104,0.3500,0.0000,0.0000,0.0000,-0.5252,0.7549,0.0030,
0.0000,0.0000,0.0000,6.1578,0.3181,0.3500,0.0000,0.0000,0.0000,-0.5302,0.7634,0.0025,
0.0000,0.0000,0.0000,6.1525,0.3258,0.3500,0.0000,0.0000,0.0000,-0.5360,0.7734,0.0017,
0.0000,0.0000,0.0000,6.1470,0.3337,0.3500,0.0000,0.0000,0.0000,-0.5430,0.7846,0.0006,
0.0000,0.0000,0.0000,6.1415,0.3416,0.3500,0.0000,0.0000,0.0000,-0.5512,0.7961,-0.0005,
0.0000,0.0000,0.0000,6.1359,0.3497,0.3500,0.0000,0.0000,0.0000,-0.5600,0.8037,0.0001,
0.0000,0.0000,0.0000,6.1303,0.3576,0.3500,0.0000,0.0000,0.0000,-0.5580,0.7979,-0.0001,
0.0000,0.0000,0.0000,6.1248,0.3655,0.3500,0.0000,0.0000,0.0000,-0.5525,0.7904,-0.0013,
0.0000,0.0000,0.0000,6.1194,0.3734,0.3500,0.0000,0.0000,0.0000,-0.5470,0.7833,-0.0024,
0.0000,0.0000,0.0000,6.1139,0.3811,0.3499,0.0000,0.0000,0.0000,-0.5423,0.7772,-0.0028,
0.0000,0.0000,0.0000,6.1085,0.3889,0.3499,0.0000,0.0000,0.0000,-0.5388,0.7720,-0.0025,
0.0000,0.0000,0.0000,6.1032,0.3965,0.3499,0.0000,0.0000,0.0000,-0.5365,0.7676,-0.0015,
0.0000,0.0000,0.0000,6.0978,0.4042,0.3499,0.0000,0.0000,0.0000,-0.5355,0.7638,0.0001,
0.0000,0.0000,0.0000,6.0925,0.4118,0.3499,0.0000,0.0000,0.0000,-0.5357,0.7605,0.0021,
0.0000,0.0000,0.0000,6.0871,0.4194,0.3500,0.0000,0.0000,0.0000,-0.5372,0.7577,0.0043,
0.0000,0.0000,0.0000,6.0817,0.4269,0.3500,0.0000,0.0000,0.0000,-0.5401,0.7553,0.0064,
0.0000,0.0000,0.0000,6.0763,0.4344,0.3501,0.0000,0.0000,0.0000,-0.5441,0.7532,0.0081,
0.0000,0.0000,0.0000,6.0708,0.4420,0.3502,0.0000,0.0000,0.0000,-0.5495,0.7515,0.0093,
0.0000,0.0000,0.0000,6.0652,0.4495,0.3503,0.0000,0.0000,0.0000,-0.5560,0.7502,0.0096,
0.0000,0.0000,0.0000,6.0596,0.4570,0.3504,0.0000,0.0000,0.0000,-0.5637,0.7493,0.0088,
0.0000,0.0000,0.0000,6.0538,0.4644,0.3504,0.0000,0.0000,0.0000,-0.5727,0.7490,0.0069,
0.0000,0.0000,0.0000,6.0480,0.4719,0.3505,0.0000,0.0000,0.0000,-0.5827,0.7494,0.0038,
0.0000,0.0000,0.0000,6.0421,0.4794,0.3505,0.0000,0.0000,0.0000,-0.5938,0.7506,-0.0005,
0.0000,0.0000,0.0000,6.0360,0.4870,0.3504,0.0000,0.0000,0.0000,-0.6057,0.7528,-0.0057,
0.0000,0.0000,0.0000,6.0298,0.4945,0.3503,0.0000,0.0000,0.0000,-0.6174,0.7554,-0.0111,
0.0000,0.0000,0.0000,6.0236,0.5021,0.3502,0.0000,0.0000,0.0000,-0.6255,0.7564,-0.0149,
0.0000,0.0000,0.0000,6.0174,0.5096,0.3501,0.0000,0.0000,0.0000,-0.6163,0.7482,-0.0100,
0.0000,0.0000,0.0000,6.0113,0.5169,0.3500,0.0000,0.0000,0.0000,-0.6091,0.7359,-0.0078,
0.0000,0.0000,0.0000,6.0053,0.5242,0.3499,0.0000,0.0000,0.0000,-0.6044,0.7238,-0.0065,
0.0000,0.0000,0.0000,5.9993,0.5313,0.3499,0.0000,0.0000,0.0000,-0.6018,0.7132,-0.0054,
0.0000,0.0000,0.0000,5.9933,0.5383,0.3498,0.0000,0.0000,0.0000,-0.6007,0.7043,-0.0044,
0.0000,0.0000,0.0000,5.9873,0.5453,0.3498,0.0000,0.0000,0.0000,-0.6005,0.6970,-0.0032,
0.0000,0.0000,0.0000,5.9812,0.5522,0.3498,0.0000,0.0000,0.0000,-0.6009,0.6914,-0.0021,
0.0000,0.0000,0.0000,5.9752,0.5591,0.3498,0.0000,0.0000,0.0000,-0.6016,0.6872,-0.0008,
0.0000,0.0000,0.0000,5.9692,0.5659,0.3498,0.0000,0.0000,0.0000,-0.6026,0.6845,0.0004,
0.0000,0.0000,0.0000,5.9632,0.5728,0.3498,0.0000,0.0000,0.0000,-0.6038,0.6834,0.0015,
0.0000,0.0000,0.0000,5.9571,0.5796,0.3498,0.0000,0.0000,0.0000,-0.6050,0.6836,0.0025,
0.0000,0.0000,0.0000,5.9511,0.5865,0.3498,0.0000,0.0000,0.0000,-0.6063,0.6853,0.0033,
0.0000,0.0000,0.0000,5.9450,0.5934,0.3499,0.0000,0.0000,0.0000,-0.6077,0.6883,0.0038,
0.0000,0.0000,0.0000,5.9389,0.6003,0.3499,0.0000,0.0000,0.0000,-0.6093,0.6928,0.0040,
0.0000,0.0000,0.0000,5.9328,0.6073,0.3500,0.0000,0.0000,0.0000,-0.6111,0.6987,0.0037,
0.0000,0.0000,0.0000,5.9266,0.6143,0.3500,0.0000,0.0000,0.0000,-0.6134,0.7060,0.0028,
0.0000,0.0000,0.0000,5.9205,0.6215,0.3500,0.0000,0.0000,0.0000,-0.6163,0.7147,0.0013,
0.0000,0.0000,0.0000,5.9143,0.6287,0.3500,0.0000,0.0000,0.0000,-0.6201,0.7244,-0.0008,
0.0000,0.0000,0.0000,5.9080,0.6361,0.3500,0.0000,0.0000,0.0000,-0.6249,0.7345,-0.0031,
0.0000,0.0000,0.0000,5.9017,0.6435,0.3499,0.0000,0.0000,0.0000,-0.6297,0.7412,-0.0045,
0.0000,0.0000,0.0000,5.8955,0.6508,0.3499,0.0000,0.0000,0.0000,-0.6255,0.7332,-0.0029,
0.0000,0.0000,0.0000,5.8893,0.6581,0.3499,0.0000,0.0000,0.0000,-0.6183,0.7246,-0.0027,
0.0000,0.0000,0.0000,5.8832,0.6652,0.3498,0.0000,0.0000,0.0000,-0.6115,0.7169,-0.0025,
0.0000,0.0000,0.0000,5.8771,0.6723,0.3498,0.0000,0.0000,0.0000,-0.6057,0.7101,-0.0018,
0.0000,0.0000,0.0000,5.8711,0.6794,0.3498,0.0000,0.0000,0.0000,-0.6012,0.7039,-0.0005,
0.0000,0.0000,0.0000,5.8651,0.6863,0.3498,0.0000,0.0000,0.0000,-0.5979,0.6982,0.0013,
0.0000,0.0000,0.0000,5.8592,0.6933,0.3499,0.0000,0.0000,0.0000,-0.5959,0.6926,0.0035,
0.0000,0.0000,0.0000,5.8532,0.7001,0.3499,0.0000,0.0000,0.0000,-0.5951,0.6869,0.0060,
0.0000,0.0000,0.0000,5.8473,0.7069,0.3500,0.0000,0.0000,0.0000,-0.5955,0.6810,0.0084,
0.0000,0.0000,0.0000,5.8413,0.7137,0.3501,0.0000,0.0000,0.0000,-0.5971,0.6749,0.0105,
0.0000,0.0000,0.0000,5.8353,0.7204,0.3502,0.0000,0.0000,0.0000,-0.5998,0.6685,0.0120,
0.0000,0.0000,0.0000,5.8293,0.7270,0.3504,0.0000,0.0000,0.0000,-0.6036,0.6620,0.0127,
0.0000,0.0000,0.0000,5.8232,0.7336,0.3505,0.0000,0.0000,0.0000,-0.6085,0.6553,0.0124,
0.0000,0.0000,0.0000,5.8170,0.7400,0.3506,0.0000,0.0000,0.0000,-0.6146,0.6486,0.0108,
0.0000,0.0000,0.0000,5.8108,0.7465,0.3507,0.0000,0.0000,0.0000,-0.6217,0.6422,0.0079,
0.0000,0.0000,0.0000,5.8045,0.7528,0.3507,0.0000,0.0000,0.0000,-0.6300,0.6362,0.0035,
0.0000,0.0000,0.0000,5.7981,0.7591,0.3507,0.0000,0.0000,0.0000,-0.6394,0.6312,-0.0022,
0.0000,0.0000,0.0000,5.7916,0.7654,0.3506,0.0000,0.0000,0.0000,-0.6497,0.6273,-0.0089,
0.0000,0.0000,0.0000,5.7850,0.7717,0.3504,0.0000,0.0000,0.0000,-0.6601,0.6246,-0.0160,
0.0000,0.0000,0.0000,5.7783,0.7779,0.3502,0.0000,0.0000,0.0000,-0.6670,0.6219,-0.0212,
0.0000,0.0000,0.0000,5.7718,0.7840,0.3501,0.0000,0.0000,0.0000,-0.6514,0.6150,-0.0136,
0.0000,0.0000,0.0000,5.7654,0.7901,0.3500,0.0000,0.0000,0.0000,-0.6392,0.6035,-0.0098,
0.0000,0.0000,0.0000,5.7591,0.7960,0.3499,0.0000,0.0000,0.0000,-0.6307,0.5923,-0.0074,
0.0000,0.0000,0.0000,5.7529,0.8018,0.3499,0.0000,0.0000,0.0000,-0.6250,0.5822,-0.0057,
0.0000,0.0000,0.0000,5.7467,0.8075,0.3498,0.0000,0.0000,0.0000,-0.6211,0.5737,-0.0042,
0.0000,0.0000,0.0000,5.7405,0.8132,0.3498,0.0000,0.0000,0.0000,-0.6184,0.5665,-0.0028,
0.0000,0.0000,0.0000,5.7343,0.8188,0.3498,0.0000,0.0000,0.0000,-0.6163,0.5607,-0.0015,
0.0000,0.0000,0.0000,5.7282,0.8244,0.3498,0.0000,0.0000,0.0000,-0.6147,0.5563,-0.0002,
0.0000,0.0000,0.0000,5.7220,0.8299,0.3498,0.0000,0.0000,0.0000,-0.6133,0.5532,0.0010,
0.0000,0.0000,0.0000,5.7159,0.8354,0.3498,0.0000,0.0000,0.0000,-0.6120,0.5514,0.0021,
0.0000,0.0000,0.0000,5.7098,0.8409,0.3498,0.0000,0.0000,0.0000,-0.6108,0.5509,0.0030,
0.0000,0.0000,0.0000,5.7037,0.8464,0.3499,0.0000,0.0000,0.0000,-0.6096,0.5516,0.0037,
0.0000,0.0000,0.0000,5.6976,0.8520,0.3499,0.0000,0.0000,0.0000,-0.6085,0.5536,0.0041,
0.0000,0.0000,0.0000,5.6916,0.8576,0.3499,0.0000,0.0000,0.0000,-0.6074,0.5567,0.0041,
0.0000,0.0000,0.0000,5.6855,0.8632,0.3500,0.0000,0.0000,0.0000,-0.6064,0.5611,0.0037,
0.0000,0.0000,0.0000,5.6794,0.8688,0.3500,0.0000,0.0000,0.0000,-0.6057,0.5667,0.0027,
0.0000,0.0000,0.0000,5.6734,0.8746,0.3500,0.0000,0.0000,0.0000,-0.6053,0.5733,0.0010,
0.0000,0.0000,0.0000,5.6673,0.8804,0.3500,0.0000,0.0000,0.0000,-0.6056,0.5809,-0.0013,
0.0000,0.0000,0.0000,5.6613,0.8863,0.3500,0.0000,0.0000,0.0000,-0.6064,0.5888,-0.0043,
0.0000,0.0000,0.0000,5.6552,0.8922,0.3499,0.0000,0.0000,0.0000,-0.6066,0.5944,-0.0071,
0.0000,0.0000,0.0000,5.6492,0.8981,0.3498,0.0000,0.0000,0.0000,-0.6006,0.5849,-0.0043,
0.0000,0.0000,0.0000,5.6433,0.9038,0.3498,0.0000,0.0000,0.0000,-0.5926,0.5756,-0.0028,
0.0000,0.0000,0.0000,5.6374,0.9095,0.3498,0.0000,0.0000,0.0000,-0.5852,0.5672,-0.0015,
0.0000,0.0000,0.0000,5.6316,0.9151,0.3498,0.0000,0.0000,0.0000,-0.5789,0.5593,-0.0000,
0.0000,0.0000,0.0000,5.6259,0.9206,0.3498,0.0000,0.0000,0.0000,-0.5737,0.5515,0.0017,
0.0000,0.0000,0.0000,5.6202,0.9260,0.3499,0.0000,0.0000,0.0000,-0.5695,0.5435,0.0036,
0.0000,0.0000,0.0000,5.6145,0.9314,0.3499,0.0000,0.0000,0.0000,-0.5663,0.5351,0.0057,
0.0000,0.0000,0.0000,5.6089,0.9366,0.3500,0.0000,0.0000,0.0000,-0.5639,0.5259,0.0078,
0.0000,0.0000,0.0000,5.6033,0.9418,0.3501,0.0000,0.0000,0.0000,-0.5623,0.5159,0.0096,
0.0000,0.0000,0.0000,5.5977,0.9468,0.3502,0.0000,0.0000,0.0000,-0.5614,0.5050,0.0111,
0.0000,0.0000,0.0000,5.5920,0.9518,0.3503,0.0000,0.0000,0.0000,-0.5613,0.4932,0.0121,
0.0000,0.0000,0.0000,5.5864,0.9566,0.3504,0.0000,0.0000,0.0000,-0.5620,0.4806,0.0123,
0.0000,0.0000,0.0000,5.5808,0.9613,0.3506,0.0000,0.0000,0.0000,-0.5634,0.4672,0.0115,
0.0000,0.0000,0.0000,5.5751,0.9658,0.3507,0.0000,0.0000,0.0000,-0.5655,0.4533,0.0097,
0.0000,0.0000,0.0000,5.5695,0.9702,0.3507,0.0000,0.0000,0.0000,-0.5685,0.4391,0.0067,
0.0000,0.0000,0.0000,5.5637,0.9744,0.3507,0.0000,0.0000,0.0000,-0.5724,0.4248,0.0025,
0.0000,0.0000,0.0000,5.5580,0.9785,0.3507,0.0000,0.0000,0.0000,-0.5773,0.4110,-0.0031,
0.0000,0.0000,0.0000,5.5521,0.9825,0.3506,0.0000,0.0000,0.0000,-0.5832,0.3982,-0.0097,
0.0000,0.0000,0.0000,5.5462,0.9864,0.3505,0.0000,0.0000,0.0000,-0.5897,0.3867,-0.0168,
0.0000,0.0000,0.0000,5.5403,0.9901,0.3502,0.0000,0.0000,0.0000,-0.5938,0.3764,-0.0230,
0.0000,0.0000,0.0000,5.5345,0.9939,0.3501,0.0000,0.0000,0.0000,-0.5748,0.3723,-0.0144,
0.0000,0.0000,0.0000,5.5289,0.9975,0.3500,0.0000,0.0000,0.0000,-0.5598,0.3639,-0.0095,
0.0000,0.0000,0.0000,5.5235,1.0011,0.3499,0.0000,0.0000,0.0000,-0.5488,0.3550,-0.0064,
0.0000,0.0000,0.0000,5.5180,1.0045,0.3499,0.0000,0.0000,0.0000,-0.5407,0.3467,-0.0042,
0.0000,0.0000,0.0000,5.5127,1.0079,0.3499,0.0000,0.0000,0.0000,-0.5343,0.3393,-0.0023,
0.0000,0.0000,0.0000,5.5074,1.0112,0.3498,0.0000,0.0000,0.0000,-0.5289,0.3329,-0.0007,
0.0000,0.0000,0.0000,5.5022,1.0145,0.3499,0.0000,0.0000,0.0000,-0.5241,0.3276,0.0007,
0.0000,0.0000,0.0000,5.4970,1.0178,0.3499,0.0000,0.0000,0.0000,-0.5196,0.3232,0.0020,
0.0000,0.0000,0.0000,5.4918,1.0210,0.3499,0.0000,0.0000,0.0000,-0.5153,0.3199,0.0031,
0.0000,0.0000,0.0000,5.4867,1.0241,0.3499,0.0000,0.0000,0.0000,-0.5111,0.3177,0.0041,
0.0000,0.0000,0.0000,5.4816,1.0273,0.3500,0.0000,0.0000,0.0000,-0.5069,0.3164,0.0049,
0.0000,0.0000,0.0000,5.4766,1.0305,0.3500,0.0000,0.0000,0.0000,-0.5027,0.3162,0.0054,
0.0000,0.0000,0.0000,5.4716,1.0336,0.3501,0.0000,0.0000,0.0000,-0.4986,0.3170,0.0056,
0.0000,0.0000,0.0000,5.4667,1.0368,0.3502,0.0000,0.0000,0.0000,-0.4945,0.3186,0.0054,
0.0000,0.0000,0.0000,5.4618,1.0400,0.3502,0.0000,0.0000,0.0000,-0.4906,0.3213,0.0047,
0.0000,0.0000,0.0000,5.4569,1.0433,0.3502,0.0000,0.0000,0.0000,-0.4870,0.3247,0.0035,
0.0000,0.0000,0.0000,5.4521,1.0466,0.3503,0.0000,0.0000,0.0000,-0.4839,0.3289,0.0016,
0.0000,0.0000,0.0000,5.4473,1.0499,0.3502,0.0000,0.0000,0.0000,-0.4818,0.3337,-0.0010,
0.0000,0.0000,0.0000,5.4424,1.0533,0.3502,0.0000,0.0000,0.0000,-0.4808,0.3384,-0.0043,
0.0000,0.0000,0.0000,5.4376,1.0567,0.3501,0.0000,0.0000,0.0000,-0.4796,0.3406,-0.0075,
0.0000,0.0000,0.0000,5.4330,1.0599,0.3501,0.0000,0.0000,0.0000,-0.4696,0.3258,-0.0037,
0.0000,0.0000,0.0000,5.4284,1.0631,0.3501,0.0000,0.0000,0.0000,-0.4582,0.3126,-0.0017,
0.0000,0.0000,0.0000,5.4239,1.0661,0.3501,0.0000,0.0000,0.0000,-0.4478,0.3008,-0.0003,
0.0000,0.0000,0.0000,5.4195,1.0690,0.3501,0.0000,0.0000,0.0000,-0.4388,0.2896,0.0010,
0.0000,0.0000,0.0000,5.4152,1.0718,0.3501,0.0000,0.0000,0.0000,-0.4307,0.2786,0.0022,
0.0000,0.0000,0.0000,5.4110,1.0744,0.3501,0.0000,0.0000,0.0000,-0.4234,0.2673,0.0034,
0.0000,0.0000,0.0000,5.4068,1.0770,0.3502,0.0000,0.0000,0.0000,-0.4167,0.2554,0.0047,
0.0000,0.0000,0.0000,5.4027,1.0794,0.3502,0.0000,0.0000,0.0000,-0.4104,0.2427,0.0059,
0.0000,0.0000,0.0000,5.3986,1.0817,0.3503,0.0000,0.0000,0.0000,-0.4045,0.2292,0.0070,
0.0000,0.0000,0.0000,5.3947,1.0839,0.3504,0.0000,0.0000,0.0000,-0.3990,0.2146,0.0079,
0.0000,0.0000,0.0000,5.3907,1.0858,0.3505,0.0000,0.0000,0.0000,-0.3938,0.1991,0.0084,
0.0000,0.0000,0.0000,5.3868,1.0877,0.3506,0.0000,0.0000,0.0000,-0.3889,0.1826,0.0084,
0.0000,0.0000,0.0000,5.3830,1.0893,0.3506,0.0000,0.0000,0.0000,-0.3843,0.1652,0.0077,
0.0000,0.0000,0.0000,5.3792,1.0908,0.3507,0.0000,0.0000,0.0000,-0.3802,0.1471,0.0062,
0.0000,0.0000,0.0000,5.3754,1.0921,0.3507,0.0000,0.0000,0.0000,-0.3766,0.1286,0.0037,
0.0000,0.0000,0.0000,5.3717,1.0932,0.3507,0.0000,0.0000,0.0000,-0.3737,0.1098,-0.0002,
0.0000,0.0000,0.0000,5.3680,1.0941,0.3507,0.0000,0.0000,0.0000,-0.3718,0.0913,-0.0056,
0.0000,0.0000,0.0000,5.3643,1.0948,0.3505,0.0000,0.0000,0.0000,-0.3710,0.0738,-0.0129,
0.0000,0.0000,0.0000,5.3605,1.0954,0.3503,0.0000,0.0000,0.0000,-0.3716,0.0580,-0.0223,
0.0000,0.0000,0.0000,5.3568,1.0959,0.3500,0.0000,0.0000,0.0000,-0.3729,0.0451,-0.0329,
0.0000,0.0000,0.0000,5.3532,1.0963,0.3498,0.0000,0.0000,0.0000,-0.3577,0.0448,-0.0193,
0.0000,0.0000,0.0000,5.3498,1.0967,0.3497,0.0000,0.0000,0.0000,-0.3469,0.0440,-0.0108,
0.0000,0.0000,0.0000,5.3464,1.0972,0.3496,0.0000,0.0000,0.0000,-0.3395,0.0432,-0.0056,
0.0000,0.0000,0.0000,5.3430,1.0976,0.3496,0.0000,0.0000,0.0000,-0.3340,0.0422,-0.0025,
0.0000,0.0000,0.0000,5.3397,1.0980,0.3496,0.0000,0.0000,0.0000,-0.3298,0.0411,-0.0006,
0.0000,0.0000,0.0000,5.3365,1.0984,0.3496,0.0000,0.0000,0.0000,-0.3262,0.0398,0.0004,
0.0000,0.0000,0.0000,5.3332,1.0988,0.3496,0.0000,0.0000,0.0000,-0.3230,0.0384,0.0010,
0.0000,0.0000,0.0000,5.3300,1.0992,0.3496,0.0000,0.0000,0.0000,-0.3202,0.0369,0.0014,
0.0000,0.0000,0.0000,5.3269,1.0995,0.3497,0.0000,0.0000,0.0000,-0.3176,0.0353,0.0015,
0.0000,0.0000,0.0000,5.3237,1.0999,0.3497,0.0000,0.0000,0.0000,-0.3152,0.0337,0.0016,
0.0000,0.0000,0.0000,5.3206,1.1002,0.3497,0.0000,0.0000,0.0000,-0.3130,0.0320,0.0016,
0.0000,0.0000,0.0000,5.3175,1.1005,0.3497,0.0000,0.0000,0.0000,-0.3110,0.0304,0.0016,
0.0000,0.0000,0.0000,5.3144,1.1008,0.3497,0.0000,0.0000,0.0000,-0.3091,0.0289,0.0015,
0.0000,0.0000,0.0000,5.3113,1.1010,0.3497,0.0000,0.0000,0.0000,-0.3075,0.0273,0.0015,
0.0000,0.0000,0.0000,5.3082,1.1013,0.3497,0.0000,0.0000,0.0000,-0.3059,0.0259,0.0014,
0.0000,0.0000,0.0000,5.3052,1.1015,0.3498,0.0000,0.0000,0.0000,-0.3046,0.0244,0.0013,
0.0000,0.0000,0.0000,5.3022,1.1018,0.3498,0.0000,0.0000,0.0000,-0.3034,0.0231,0.0013,
0.0000,0.0000,0.0000,5.2991,1.1020,0.3498,0.0000,0.0000,0.0000,-0.3024,0.0218,0.0012,
0.0000,0.0000,0.0000,5.2961,1.1022,0.3498,0.0000,0.0000,0.0000,-0.3015,0.0206,0.0012,
0.0000,0.0000,0.0000,5.2931,1.1024,0.3498,0.0000,0.0000,0.0000,-0.3008,0.0195,0.0011,
0.0000,0.0000,0.0000,5.2901,1.1026,0.3498,0.0000,0.0000,0.0000,-0.3002,0.0185,0.0010,
0.0000,0.0000,0.0000,5.2871,1.1028,0.3498,0.0000,0.0000,0.0000,-0.2998,0.0175,0.0010,
0.0000,0.0000,0.0000,5.2841,1.1029,0.3498,0.0000,0.0000,0.0000,-0.2995,0.0167,0.0009,
0.0000,0.0000,0.0000,5.2811,1.1031,0.3498,0.0000,0.0000,0.0000,-0.2994,0.0159,0.0009,
0.0000,0.0000,0.0000,5.2781,1.1032,0.3499,0.0000,0.0000,0.0000,-0.2994,0.0152,0.0009,
0.0000,0.0000,0.0000,5.2751,1.1034,0.3499,0.0000,0.0000,0.0000,-0.2996,0.0145,0.0008,
0.0000,0.0000,0.0000,5.2721,1.1035,0.3499,0.0000,0.0000,0.0000,-0.3000,0.0140,0.0008,
0.0000,0.0000,0.0000,5.2691,1.1036,0.3499,0.0000,0.0000,0.0000,-0.3004,0.0135,0.0007,
0.0000,0.0000,0.0000,5.2661,1.1038,0.3499,0.0000,0.0000,0.0000,-0.3011,0.0131,0.0007,
0.0000,0.0000,0.0000,5.2631,1.1039,0.3499,0.0000,0.0000,0.0000,-0.3018,0.0127,0.0007,
0.0000,0.0000,0.0000,5.2601,1.1040,0.3499,0.0000,0.0000,0.0000,-0.3028,0.0124,0.0006,
0.0000,0.0000,0.0000,5.2570,1.1042,0.3499,0.0000,0.0000,0.0000,-0.3038,0.0122,0.0006,
0.0000,0.0000,0.0000,5.2540,1.1043,0.3499,0.0000,0.0000,0.0000,-0.3051,0.0121,0.0006,
0.0000,0.0000,0.0000,5.2509,1.1044,0.3499,0.0000,0.0000,0.0000,-0.3064,0.0120,0.0005,
0.0000,0.0000,0.0000,5.2478,1.1045,0.3499,0.0000,0.0000,0.0000,-0.3079,0.0120,0.0005,
0.0000,0.0000,0.0000,5.2448,1.1046,0.3499,0.0000,0.0000,0.0000,-0.3096,0.0121,0.0005,
0.0000,0.0000,0.0000,5.2416,1.1048,0.3499,0.0000,0.0000,0.0000,-0.3114,0.0122,0.0005,
0.0000,0.0000,0.0000,5.2385,1.1049,0.3499,0.0000,0.0000,0.0000,-0.3133,0.0124,0.0005,
0.0000,0.0000,0.0000,5.2353,1.1050,0.3499,0.0000,0.0000,0.0000,-0.3154,0.0126,0.0004,
0.0000,0.0000,0.0000,5.2322,1.1051,0.3499,0.0000,0.0000,0.0000,-0.3177,0.0130,0.0004,
0.0000,0.0000,0.0000,5.2290,1.1053,0.3499,0.0000,0.0000,0.0000,-0.3201,0.0134,0.0004,
0.0000,0.0000,0.0000,5.2257,1.1054,0.3499,0.0000,0.0000,0.0000,-0.3226,0.0139,0.0004,
0.0000,0.0000,0.0000,5.2225,1.1056,0.3500,0.0000,0.0000,0.0000,-0.3253,0.0144,0.0004,
0.0000,0.0000,0.0000,5.2192,1.1057,0.3500,0.0000,0.0000,0.0000,-0.3281,0.0150,0.0004,
0.0000,0.0000,0.0000,5.2159,1.1059,0.3500,0.0000,0.0000,0.0000,-0.3311,0.0158,0.0003,
0.0000,0.0000,0.0000,5.2126,1.1060,0.3500,0.0000,0.0000,0.0000,-0.3342,0.0166,0.0003,
0.0000,0.0000,0.0000,5.2092,1.1062,0.3500,0.0000,0.0000,0.0000,-0.3375,0.0174,0.0003,
0.0000,0.0000,0.0000,5.2058,1.1064,0.3500,0.0000,0.0000,0.0000,-0.3410,0.0184,0.0003,
0.0000,0.0000,0.0000,5.2023,1.1066,0.3500,0.0000,0.0000,0.0000,-0.3446,0.0195,0.0003,
0.0000,0.0000,0.0000,5.1988,1.1068,0.3500,0.0000,0.0000,0.0000,-0.3483,0.0207,0.0003,
0.0000,0.0000,0.0000,5.1953,1.1070,0.3500,0.0000,0.0000,0.0000,-0.3522,0.0219,0.0003,
0.0000,0.0000,0.0000,5.1918,1.1072,0.3500,0.0000,0.0000,0.0000,-0.3563,0.0233,0.0003,
0.0000,0.0000,0.0000,5.1882,1.1075,0.3500,0.0000,0.0000,0.0000,-0.3605,0.0248,0.0003,
0.0000,0.0000,0.0000,5.1845,1.1078,0.3500,0.0000,0.0000,0.0000,-0.3649,0.0265,0.0003,
0.0000,0.0000,0.0000,5.1808,1.1080,0.3500,0.0000,0.0000,0.0000,-0.3694,0.0282,0.0003,
0.0000,0.0000,0.0000,5.1771,1.1083,0.3500,0.0000,0.0000,0.0000,-0.3741,0.0301,0.0002,
0.0000,0.0000,0.0000,5.1733,1.1087,0.3500,0.0000,0.0000,0.0000,-0.3790,0.0321,0.0002,
0.0000,0.0000,0.0000,5.1694,1.1090,0.3500,0.0000,0.0000,0.0000,-0.3840,0.0343,0.0002,
0.0000,0.0000,0.0000,5.1655,1.1094,0.3500,0.0000,0.0000,0.0000,-0.3893,0.0366,0.0002,
0.0000,0.0000,0.0000,5.1616,1.1098,0.3500,0.0000,0.0000,0.0000,-0.3946,0.0391,0.0002,
0.0000,0.0000,0.0000,5.1576,1.1102,0.3500,0.0000,0.0000,0.0000,-0.4002,0.0418,0.0002,
0.0000,0.0000,0.0000,5.1535,1.1106,0.3500,0.0000,0.0000,0.0000,-0.4059,0.0446,0.0002,
0.0000,0.0000,0.0000,5.1494,1.1111,0.3500,0.0000,0.0000,0.0000,-0.4118,0.0476,0.0002,
0.0000,0.0000,0.0000,5.1452,1.1116,0.3500,0.0000,0.0000,0.0000,-0.4179,0.0508,0.0002,
0.0000,0.0000,0.0000,5.1410,1.1122,0.3500,0.0000,0.0000,0.0000,-0.4241,0.0542,0.0002,
0.0000,0.0000,0.0000,5.1367,1.1127,0.3500,0.0000,0.0000,0.0000,-0.4306,0.0578,0.0002,
0.0000,0.0000,0.0000,5.1323,1.1133,0.3500,0.0000,0.0000,0.0000,-0.4372,0.0615,0.0002,
0.0000,0.0000,0.0000,5.1279,1.1140,0.3500,0.0000,0.0000,0.0000,-0.4440,0.0654,0.0002,
0.0000,0.0000,0.0000,5.1234,1.1147,0.3500,0.0000,0.0000,0.0000,-0.4510,0.0694,0.0002,
0.0000,0.0000,0.0000,5.1188,1.1154,0.3500,0.0000,0.0000,0.0000,-0.4582,0.0736,0.0002,
0.0000,0.0000,0.0000,5.1141,1.1162,0.3500,0.0000,0.0000,0.0000,-0.4657,0.0779,0.0001,
0.0000,0.0000,0.0000,5.1094,1.1170,0.3500,0.0000,0.0000,0.0000,-0.4733,0.0823,0.0000,
0.0000,0.0000,0.0000,5.1046,1.1179,0.3500,0.0000,0.0000,0.0000,-0.4811,0.0867,-0.0002,
0.0000,0.0000,0.0000,5.0997,1.1188,0.3500,0.0000,0.0000,0.0000,-0.4891,0.0910,-0.0005,
0.0000,0.0000,0.0000,5.0947,1.1198,0.3500,0.0000,0.0000,0.0000,-0.4974,0.0953,-0.0011,
0.0000,0.0000,0.0000,5.0897,1.1208,0.3500,0.0000,0.0000,0.0000,-0.5058,0.0993,-0.0022,
0.0000,0.0000,0.0000,5.0845,1.1218,0.3499,0.0000,0.0000,0.0000,-0.5144,0.1029,-0.0044,
0.0000,0.0000,0.0000,5.0793,1.1228,0.3499,0.0000,0.0000,0.0000,-0.5231,0.1060,-0.0084,
0.0000,0.0000,0.0000,5.0740,1.1239,0.3497,0.0000,0.0000,0.0000,-0.5315,0.1082,-0.0160,
