0,0,0,0.0056535,-8.1089e-05,0.24353,0,0,0,-5.0812e-06,-0.0003319,0.00013798
0,0,0,0.0054412,-8.125e-05,0.24352,0,0,0,-0.041933,-0.0001531,-0.0037751
0,0,0,0.0047992,-8.0274e-05,0.24345,0,0,0,-0.082011,-3.7497e-05,-0.0087115
0,0,0,0.0037766,-7.8339e-05,0.24337,0,0,0,-0.11853,0.00054291,-0.0077876
0,0,0,0.0024909,-7.5705e-05,0.24336,0,0,0,-0.13197,0.00043822,0.0072586
0,0,0,0.0011585,-7.268e-05,0.24353,0,0,0,-0.13381,0.00024159,0.017533
0,0,0,-0.00014123,-6.8299e-05,0.24372,0,0,0,-0.12721,0.000216,0.029778
0,0,0,-0.0013859,-6.3786e-05,0.244,0,0,0,-0.12444,0.00049206,0.0019171
0,0,0,-0.0025592,-5.9888e-05,0.24407,0,0,0,-0.1104,0.00035599,0.019636
0,0,0,-0.0035656,-5.6494e-05,0.24443,0,0,0,-0.092752,0.00032061,0.048703
0,0,0,-0.004401,-5.074e-05,0.24509,0,0,0,-0.074379,0.00048073,0.085631
0,0,0,-0.0050005,-4.5972e-05,0.24623,0,0,0,-0.048806,0.00049026,0.1356
0,0,0,-0.0054355,-4.1579e-05,0.24766,0,0,0,-0.038608,0.00041946,0.14577
0,0,0,-0.0057146,-3.7638e-05,0.24913,0,0,0,-0.020177,0.00037675,0.14018
0,0,0,-0.005811,-3.4334e-05,0.25043,0,0,0,0.0014924,0.00033989,0.12767
0,0,0,-0.0056677,-3.0874e-05,0.25155,0,0,0,0.020033,0.00031015,0.081993
0,0,0,-0.0053141,-2.6972e-05,0.25231,0,0,0,0.050038,0.0002666,0.076577
0,0,0,-0.0046277,-2.34e-05,0.25308,0,0,0,0.083866,0.00024348,0.078761
0,0,0,-0.0035987,-2.1682e-05,0.2539,0,0,0,0.11903,0.00021528,0.085674
0,0,0,-0.0022029,-1.9617e-05,0.25483,0,0,0,0.15643,0.00020027,0.10026
0,0,0,-0.00043208,-1.7791e-05,0.25593,0,0,0,0.19408,0.00016362,0.11751
0,0,0,0.0017163,-1.6276e-05,0.25721,0,0,0,0.22962,0.00014308,0.12757
0,0,0,0.0041871,-1.509e-05,0.25848,0,0,0,0.26387,0.00010012,0.1349
0,0,0,0.0070042,-1.3289e-05,0.25975,0,0,0,0.29026,0.00023826,0.097842
0,0,0,0.010095,-1.0344e-05,0.26067,0,0,0,0.3277,0.00033489,0.091975
0,0,0,0.01361,-7.2402e-06,0.26157,0,0,0,0.37151,0.00037218,0.08667
0,0,0,0.017574,-3.1831e-06,0.26241,0,0,0,0.41673,0.00042224,0.083164
0,0,0,0.021986,7.7024e-07,0.26333,0,0,0,0.46146,0.00036533,0.10088
0,0,0,0.026658,3.9594e-06,0.26388,0,0,0,0.46769,0.00029632,0.0056706
0,0,0,0.03131,6.9979e-06,0.2634,0,0,0,0.46191,0.00031638,-0.092004
0,0,0,0.035863,1.0452e-05,0.26202,0,0,0,0.44853,0.00037224,-0.17586
0,0,0,0.0403,1.4375e-05,0.2598,0,0,0,0.44068,0.00040434,-0.26418
0,0,0,0.044677,1.8255e-05,0.25669,0,0,0,0.43293,0.00037557,-0.35146
0,0,0,0.048906,2.1706e-05,0.25352,0,0,0,0.40963,0.00030959,-0.24754
0,0,0,0.05285,2.4521e-05,0.25131,0,0,0,0.38135,0.00025702,-0.19475
0,0,0,0.056504,2.6772e-05,0.24975,0,0,0,0.35181,0.0002,-0.12551
0,0,0,0.059842,2.7653e-05,0.24881,0,0,0,0.31802,0.00015328,-0.068502
0,0,0,0.06283,2.8919e-05,0.24838,0,0,0,0.28468,0.00010849,-0.03237
0,0,0,0.065494,2.9673e-05,0.24816,0,0,0,0.24937,4.7218e-05,-0.0045329
0,0,0,0.067815,2.9895e-05,0.24818,0,0,0,0.22292,8.8303e-06,-0.017996
0,0,0,0.069869,3.1436e-05,0.24809,0,0,0,0.18923,0.00016457,0.0069883
0,0,0,0.071571,3.2669e-05,0.24834,0,0,0,0.1549,8.2924e-05,0.039979
0,0,0,0.072946,3.3055e-05,0.24892,0,0,0,0.124,-7.5436e-06,0.073143
0,0,0,0.074042,3.248e-05,0.24983,0,0,0,0.097996,-9.2635e-05,0.10636
0,0,0,0.074926,3.1133e-05,0.25101,0,0,0,0.082626,-0.00017005,0.12599
0,0,0,0.07571,2.938e-05,0.25233,0,0,0,0.075597,-0.00019096,0.12832
0,0,0,0.076483,2.759e-05,0.25356,0,0,0,0.078884,-0.00017185,0.12639
0,0,0,0.077312,2.6151e-05,0.25473,0,0,0,0.086299,-0.00012613,0.089721
0,0,0,0.078197,2.5008e-05,0.25511,0,0,0,0.089459,-0.00011723,-0.0057875
0,0,0,0.079102,2.3971e-05,0.25446,0,0,0,0.092,-0.00013642,-0.11319
0,0,0,0.08004,2.3589e-05,0.25273,0,0,0,0.096518,-0.0001211,-0.22174
0,0,0,0.081046,2.1861e-05,0.24992,0,0,0,0.10532,-0.000203,-0.32897
0,0,0,0.082015,2.0232e-05,0.24697,0,0,0,0.089416,-0.00012568,-0.25022
0,0,0,0.082963,1.9452e-05,0.24479,0,0,0,0.099176,-4.4361e-05,-0.20055
0,0,0,0.084026,1.9468e-05,0.24304,0,0,0,0.11429,3.3193e-05,-0.14407
0,0,0,0.08524,2.0074e-05,0.24177,0,0,0,0.12409,7.4508e-05,-0.1425
0,0,0,0.086567,2.1019e-05,0.24059,0,0,0,0.14131,0.00011075,-0.087638
0,0,0,0.088085,2.2288e-05,0.24008,0,0,0,0.16076,0.00013875,-0.021068
0,0,0,0.089809,2.3788e-05,0.24023,0,0,0,0.18291,0.00015759,0.045926
0,0,0,0.091784,2.5245e-05,0.24107,0,0,0,0.20999,0.00017363,0.11339
0,0,0,0.09406,2.5677e-05,0.24248,0,0,0,0.24234,7.1937e-05,0.16375
0,0,0,0.096672,2.7646e-05,0.24436,0,0,0,0.27562,0.00029637,0.19526
0,0,0,0.099607,3.1996e-05,0.24637,0,0,0,0.31021,0.00052258,0.21454
0,0,0,0.1029,3.7442e-05,0.2485,0,0,0,0.3406,0.00053858,0.18524
0,0,0,0.10649,4.2643e-05,0.25045,0,0,0,0.37835,0.00050962,0.21181
0,0,0,0.1105,4.7535e-05,0.25277,0,0,0,0.41949,0.00047978,0.24594
0,0,0,0.11492,5.2182e-05,0.25542,0,0,0,0.45978,0.00046745,0.28157
0,0,0,0.11957,5.7387e-05,0.25774,0,0,0,0.46773,0.00056636,0.17835
0,0,0,0.12423,6.3346e-05,0.25892,0,0,0,0.46356,0.00061,0.070659
0,0,0,0.12882,6.943e-05,0.25913,0,0,0,0.45388,0.00060447,-0.02072
0,0,0,0.13331,7.5317e-05,0.25846,0,0,0,0.44675,0.00057455,-0.10608
0,0,0,0.13777,8.0942e-05,0.25691,0,0,0,0.44568,0.00055762,-0.19718
0,0,0,0.14221,8.6611e-05,0.25448,0,0,0,0.44004,0.00057407,-0.2825
0,0,0,0.14656,9.2327e-05,0.25116,0,0,0,0.43017,0.00057003,-0.37468
0,0,0,0.15079,9.7373e-05,0.24804,0,0,0,0.4127,0.0004507,-0.24302
0,0,0,0.15477,0.00010153,0.24594,0,0,0,0.38474,0.00038685,-0.18544
0,0,0,0.15843,0.00010501,0.2444,0,0,0,0.34971,0.0003184,-0.12608
0,0,0,0.16173,0.00010779,0.24344,0,0,0,0.31455,0.00024737,-0.083326
0,0,0,0.16468,0.00010991,0.24275,0,0,0,0.27715,0.00018379,-0.047334
0,0,0,0.16727,0.00010965,0.24233,0,0,0,0.24978,8.7388e-05,-0.061147
0,0,0,0.16961,0.00011032,0.24182,0,0,0,0.21841,2.6795e-05,-0.034022
0,0,0,0.17163,0.00011034,0.24167,0,0,0,0.18971,-1.3227e-05,0.00068287
0,0,0,0.1734,0.00011012,0.24185,0,0,0,0.16692,-4.4198e-05,0.034439
0,0,0,0.17498,0.00010942,0.24239,0,0,0,0.15082,-9.2917e-05,0.069091
0,0,0,0.17644,0.00010808,0.24322,0,0,0,0.1433,-0.00013344,0.094557
0,0,0,0.17785,0.00010671,0.24426,0,0,0,0.14016,-0.00015485,0.10404
0,0,0,0.17929,0.00010507,0.24526,0,0,0,0.14617,-0.0001722,0.10457
0,0,0,0.1808,0.00010266,0.2462,0,0,0,0.15326,-0.0002256,0.065427
0,0,0,0.18232,0.00010049,0.24632,0,0,0,0.15151,-0.00012251,-0.031911
0,0,0,0.18383,9.8001e-05,0.24544,0,0,0,0.15105,-0.00035602,-0.13478
0,0,0,0.18534,9.6655e-05,0.24351,0,0,0,0.15168,-0.00014724,-0.23981
0,0,0,0.18687,9.5046e-05,0.24053,0,0,0,0.15648,-0.00016191,-0.34593
0,0,0,0.18832,9.2925e-05,0.23755,0,0,0,0.14607,-0.00023465,-0.25781
0,0,0,0.18985,9.0488e-05,0.23534,0,0,0,0.15934,-0.00024532,-0.2007
0,0,0,0.19155,8.8073e-05,0.23363,0,0,0,0.18006,-0.00023153,-0.13665
0,0,0,0.19346,8.5845e-05,0.23247,0,0,0,0.19599,-0.00021724,-0.1279
0,0,0,0.19555,8.3679e-05,0.23148,0,0,0,0.22175,-0.00021593,-0.064029
0,0,0,0.19793,8.1532e-05,0.23126,0,0,0,0.25139,-0.00021306,0.012373
0,0,0,0.20062,8.0054e-05,0.2318,0,0,0,0.28536,-0.00063,0.084569
0,0,0,0.20369,8.1788e-05,0.23306,0,0,0,0.32584,0.00014918,0.1585
0,0,0,0.2072,8.2017e-05,0.235,0,0,0,0.37174,-8.9964e-05,0.2193
0,0,0,0.21118,8.1058e-05,0.23747,0,0,0,0.41912,-5.7897e-05,0.25762
0,0,0,0.21563,8.1297e-05,0.24013,0,0,0,0.46904,5.3599e-05,0.28164
0,0,0,0.22058,8.184e-05,0.24295,0,0,0,0.51011,6.0896e-05,0.25396
0,0,0,0.22596,8.1933e-05,0.24561,0,0,0,0.56394,-7.7048e-07,0.28369
0,0,0,0.23192,8.2245e-05,0.24867,0,0,0,0.62468,-7.6844e-06,0.32196
0,0,0,0.23851,8.1963e-05,0.25212,0,0,0,0.68877,-3.0535e-05,0.36439
0,0,0,0.24548,8.2064e-05,0.25527,0,0,0,0.69822,2.0995e-05,0.26054
0,0,0,0.25243,8.2605e-05,0.2573,0,0,0,0.6927,6.3547e-05,0.15546
0,0,0,0.2593,8.3111e-05,0.25838,0,0,0,0.68105,4.0642e-05,0.069449
0,0,0,0.26605,8.3409e-05,0.25865,0,0,0,0.67205,1.9648e-05,-0.011326
0,0,0,0.27276,8.3583e-05,0.25807,0,0,0,0.67073,1.7133e-05,-0.10067
0,0,0,0.27944,8.4324e-05,0.25658,0,0,0,0.66428,0.0001138,-0.19028
0,0,0,0.28604,8.5672e-05,0.25417,0,0,0,0.65527,0.00014281,-0.28595
0,0,0,0.29244,8.7159e-05,0.25167,0,0,0,0.62062,0.00016475,-0.17998
0,0,0,0.29844,8.9128e-05,0.2501,0,0,0,0.58276,0.00021859,-0.13817
0,0,0,0.30404,9.162e-05,0.24896,0,0,0,0.53904,0.0002785,-0.09389
0,0,0,0.30919,9.4673e-05,0.24826,0,0,0,0.49716,0.00032333,-0.061696
0,0,0,0.31394,9.7991e-05,0.24771,0,0,0,0.45459,0.00038616,-0.03959
0,0,0,0.31828,0.0001012,0.24735,0,0,0,0.42377,0.00021519,-0.056506
0,0,0,0.32234,0.00010337,0.24683,0,0,0,0.38815,0.00035548,-0.040419
0,0,0,0.32603,0.00010782,0.24656,0,0,0,0.35495,0.0004508,-0.015853
0,0,0,0.32943,0.00011275,0.24653,0,0,0,0.32844,0.00051707,0.0084665
0,0,0,0.33261,0.00011809,0.24674,0,0,0,0.31045,0.00057735,0.033283
0,0,0,0.33567,0.00012426,0.24718,0,0,0,0.30278,0.00076852,0.048353
0,0,0,0.3387,0.00013027,0.24775,0,0,0,0.30328,0.00058566,0.054937
0,0,0,0.34178,0.00013452,0.24823,0,0,0,0.31287,0.00029958,0.050911
0,0,0,0.34496,0.00013787,0.24863,0,0,0,0.32042,0.00049912,0.012469
0,0,0,0.34815,0.00014322,0.24821,0,0,0,0.31898,0.00049001,-0.086129
0,0,0,0.35134,0.00014721,0.24675,0,0,0,0.32009,0.00021132,-0.1934
0,0,0,0.35455,0.00015109,0.24423,0,0,0,0.32301,0.00043997,-0.29823
0,0,0,0.35781,0.00015622,0.24066,0,0,0,0.33061,0.00055105,-0.40409
0,0,0,0.36089,0.00016132,0.23723,0,0,0,0.30734,0.00047671,-0.30318
0,0,0,0.36399,0.0001659,0.23456,0,0,0,0.31197,0.00050216,-0.24623
0,0,0,0.36717,0.00016896,0.23238,0,0,0,0.32518,0.00019613,-0.18526
0,0,0,0.37049,0.00017009,0.23072,0,0,0,0.33391,6.5072e-05,-0.17883
0,0,0,0.37391,0.00017011,0.2292,0,0,0,0.35094,-0.00012412,-0.11748
0,0,0,0.37752,0.00016891,0.22844,0,0,0,0.37015,-3.5057e-05,-0.041886
0,0,0,0.38135,0.00016919,0.22844,0,0,0,0.39309,7.9778e-05,0.035975
0,0,0,0.38543,0.00017084,0.22924,0,0,0,0.42209,0.00036653,0.1154
0,0,0,0.38984,0.0001734,0.23075,0,0,0,0.45716,0.00019576,0.17825
0,0,0,0.39463,0.00017407,0.23282,0,0,0,0.49551,-3.7036e-05,0.21755
0,0,0,0.3998,0.0001725,0.23508,0,0,0,0.53739,-0.00022983,0.24103
0,0,0,0.4054,0.00016965,0.23749,0,0,0,0.573,-0.00053931,0.21123
0,0,0,0.41137,0.00016748,0.23971,0,0,0,0.61943,-0.0002388,0.23983
0,0,0,0.41784,0.00016506,0.24232,0,0,0,0.6706,-0.00022135,0.27597
0,0,0,0.42483,0.00016147,0.24531,0,0,0,0.72467,-0.00046722,0.31836
0,0,0,0.4324,0.00015641,0.24881,0,0,0,0.78564,-0.00053679,0.37263
0,0,0,0.44033,0.00015095,0.25207,0,0,0,0.79325,-0.0005184,0.27386
0,0,0,0.44823,0.00014678,0.25426,0,0,0,0.78722,-0.00037512,0.1729
0,0,0,0.45603,0.00014315,0.25555,0,0,0,0.77335,-0.00036994,0.091407
0,0,0,0.46369,0.00013941,0.25607,0,0,0,0.76157,-0.00038027,0.015347
0,0,0,0.47128,0.00013494,0.25576,0,0,0,0.75734,-0.00050089,-0.073736
0,0,0,0.47883,0.0001297,0.25451,0,0,0,0.75201,-0.00053781,-0.17105
0,0,0,0.4863,0.00012439,0.25256,0,0,0,0.73965,-0.0005102,-0.12145
0,0,0,0.49358,0.00011919,0.25146,0,0,0,0.71634,-0.00053162,-0.09849
0,0,0,0.50059,0.0001138,0.25066,0,0,0,0.68745,-0.00055291,-0.064866
0,0,0,0.50731,0.00010977,0.25017,0,0,0,0.65951,-0.0003533,-0.043372
0,0,0,0.51376,0.000105,0.24977,0,0,0,0.63211,-0.00033896,-0.028252
0,0,0,0.51995,0.00010194,0.2495,0,0,0,0.61211,-0.00045213,-0.050065
0,0,0,0.52597,9.7024e-05,0.24906,0,0,0,0.59322,-5.8938e-05,-0.03677
0,0,0,0.53182,9.4716e-05,0.24885,0,0,0,0.57852,-0.0003015,-0.01444
0,0,0,0.53757,9.4778e-05,0.24887,0,0,0,0.57263,-0.00011823,0.014593
0,0,0,0.54331,9.2024e-05,0.24918,0,0,0,0.57724,-0.00033264,0.045861
0,0,0,0.54916,8.8842e-05,0.24978,0,0,0,0.59162,-0.00032606,0.074411
0,0,0,0.55519,8.6693e-05,0.25065,0,0,0,0.6112,-0.00016399,0.090939
0,0,0,0.56143,8.643e-05,0.25156,0,0,0,0.63545,9.9234e-05,0.10226
0,0,0,0.56781,8.7698e-05,0.25215,0,0,0,0.63821,0.00015893,0.016223
0,0,0,0.57421,9.0063e-05,0.2517,0,0,0,0.64259,0.00017198,-0.094025
0,0,0,0.58064,9.3223e-05,0.25013,0,0,0,0.64429,0.00037189,-0.20466
0,0,0,0.58708,9.5989e-05,0.2475,0,0,0,0.64346,0.00020369,-0.3065
0,0,0,0.59351,9.783e-05,0.24387,0,0,0,0.64439,0.00017421,-0.40814
0,0,0,0.59972,9.9395e-05,0.24023,0,0,0,0.60907,0.00014115,-0.31595
0,0,0,0.6058,0.00010085,0.23744,0,0,0,0.60689,0.00014939,-0.25881
0,0,0,0.6119,0.00010244,0.23511,0,0,0,0.61679,0.00016333,-0.19884
0,0,0,0.61814,0.00010433,0.23329,0,0,0,0.62498,0.0003218,-0.19609
0,0,0,0.62449,0.00014125,0.23142,0,0,0,0.64545,0.0064184,-0.15708
0,0,0,0.63103,0.00024097,0.23032,0,0,0,0.66344,0.011023,-0.072568
0,0,0,0.63779,0.00035777,0.23006,0,0,0,0.68743,0.012307,0.014669
0,0,0,0.64483,0.00047723,0.23071,0,0,0,0.71758,0.011542,0.10711
0,0,0,0.65219,0.00058567,0.23224,0,0,0,0.75229,0.01013,0.18836
0,0,0,0.65994,0.00067682,0.23448,0,0,0,0.79093,0.008382,0.24303
0,0,0,0.66807,0.00075703,0.23708,0,0,0,0.83503,0.0077344,0.28057
0,0,0,0.67666,0.00083689,0.23993,0,0,0,0.87318,0.0081179,0.26103
0,0,0,0.68569,0.00092445,0.2427,0,0,0,0.92964,0.0093859,0.29992
0,0,0,0.69533,0.0010212,0.24599,0,0,0,0.99467,0.0098042,0.34985
0,0,0,0.70566,0.001118,0.2498,0,0,0,1.0674,0.0095771,0.40605
0,0,0,0.71678,0.0012059,0.25421,0,0,0,1.153,0.0080971,0.46599
0,0,0,0.72845,0.0012861,0.25836,0,0,0,1.1731,0.0079926,0.35289
0,0,0,0.7402,0.0013619,0.26124,0,0,0,1.176,0.0074677,0.23232
0,0,0,0.75187,0.0014334,0.26306,0,0,0,1.1572,0.006967,0.14071
0,0,0,0.76333,0.0015011,0.26411,0,0,0,1.1382,0.0067659,0.071504
0,0,0,0.77468,0.001578,0.26443,0,0,0,1.133,0.0084559,-0.0070767
0,0,0,0.78598,0.0016659,0.26391,0,0,0,1.1276,0.0090412,-0.095035
0,0,0,0.7972,0.0017556,0.26262,0,0,0,1.0981,0.0079891,-0.04987
0,0,0,0.80799,0.0018362,0.26215,0,0,0,1.0615,0.0081708,-0.04282
0,0,0,0.81838,0.0019178,0.26181,0,0,0,1.0214,0.008332,-0.033104
0,0,0,0.82837,0.0019958,0.26156,0,0,0,0.98304,0.0074722,-0.028095
0,0,0,0.83802,0.002068,0.26126,0,0,0,0.94734,0.0069272,-0.026143
0,0,0,0.84732,0.0021286,0.26094,0,0,0,0.91968,0.0056971,-0.055553
0,0,0,0.85636,0.0021851,0.26035,0,0,0,0.88999,0.0053998,-0.057439
0,0,0,0.8651,0.0022307,0.25978,0,0,0,0.86238,0.0038924,-0.055792
0,0,0,0.87362,0.0022703,0.25924,0,0,0,0.84389,0.0041916,-0.051421
0,0,0,0.88202,0.0023139,0.25877,0,0,0,0.83837,0.0044313,-0.042598
0,0,0,0.89042,0.0023612,0.2584,0,0,0,0.84468,0.0054311,-0.031717
0,0,0,0.89894,0.0024119,0.25812,0,0,0,0.85761,0.0048021,-0.028174
0,0,0,0.9076,0.0024562,0.25781,0,0,0,0.8732,0.0040702,-0.022725
0,0,0,0.9164,0.0024791,0.25749,0,0,0,0.88274,0.0014597,-0.055551
0,0,0,0.92522,0.0024954,0.25639,0,0,0,0.88058,0.0017444,-0.15365
0,0,0,0.93401,0.0025145,0.25425,0,0,0,0.88082,0.0021486,-0.26069
0,0,0,0.94284,0.0025375,0.25106,0,0,0,0.88507,0.0026961,-0.36399
0,0,0,0.95173,0.0025686,0.24683,0,0,0,0.89484,0.0036186,-0.46662
0,0,0,0.96043,0.0026119,0.24263,0,0,0,0.83882,0.0024127,-0.35349
0,0,0,0.96878,0.0026256,0.23953,0,0,0,0.83114,0.00090671,-0.28358
0,0,0,0.9771,0.0026277,0.237,0,0,0,0.83737,-0.00094026,-0.21883
0,0,0,0.98544,0.0026155,0.23505,0,0,0,0.8324,-0.0017574,-0.2057
0,0,0,0.99382,0.0025977,0.23327,0,0,0,0.84126,-0.0019,-0.13777
0,0,0,1.0023,0.002576,0.23239,0,0,0,0.8529,-0.0015805,-0.047967
0,0,0,1.0109,0.0025486,0.23243,0,0,0,0.86369,-0.0026653,0.049314
0,0,0,1.0196,0.0025256,0.23347,0,0,0,0.88279,-0.0016794,0.1481
0,0,0,1.0286,0.0025061,0.23542,0,0,0,0.9059,-0.0018839,0.23179
0,0,0,1.0378,0.0024846,0.23812,0,0,0,0.93208,-0.0027391,0.28898
0,0,0,1.0472,0.0024497,0.24118,0,0,0,0.96158,-0.0042421,0.32918
0,0,0,1.057,0.0023987,0.24453,0,0,0,0.98963,-0.0057089,0.30926
0,0,0,1.0671,0.0023357,0.24777,0,0,0,1.0313,-0.0067533,0.34526
0,0,0,1.0777,0.0022624,0.25151,0,0,0,1.0801,-0.0080898,0.39534
0,0,0,1.0888,0.0021694,0.25576,0,0,0,1.1356,-0.0092437,0.44698
0,0,0,1.1002,0.0020708,0.25975,0,0,0,1.1481,-0.0098336,0.33926
0,0,0,1.1117,0.0019706,0.26251,0,0,0,1.1468,-0.010226,0.22171
0,0,0,1.1231,0.0018669,0.2642,0,0,0,1.1357,-0.010534,0.12326
0,0,0,1.1344,0.0017625,0.26497,0,0,0,1.1298,-0.010344,0.037307
0,0,0,1.1457,0.0016635,0.26492,0,0,0,1.1288,-0.0096212,-0.047978
0,0,0,1.157,0.00157,0.264,0,0,0,1.1211,-0.0092169,-0.1323
0,0,0,1.1681,0.0014791,0.26221,0,0,0,1.1124,-0.0090767,-0.22143
0,0,0,1.1791,0.0013993,0.26043,0,0,0,1.068,-0.0061257,-0.12626
0,0,0,1.1895,0.0013432,0.25929,0,0,0,1.0246,-0.0051961,-0.10487
0,0,0,1.1995,0.0012969,0.25837,0,0,0,0.97715,-0.0041802,-0.082621
0,0,0,1.209,0.0012613,0.25767,0,0,0,0.93321,-0.0029993,-0.072325
0,0,0,1.2181,0.0012339,0.25695,0,0,0,0.89039,-0.002221,-0.067615
0,0,0,1.2268,0.0012157,0.25623,0,0,0,0.85984,-0.0020235,-0.097166
0,0,0,1.2353,0.001204,0.25523,0,0,0,0.82718,-0.00086486,-0.095657
0,0,0,1.2434,0.0011974,0.25433,0,0,0,0.79846,-0.00045794,-0.085955
0,0,0,1.2512,0.0011983,0.25353,0,0,0,0.7789,0.0004307,-0.072904
0,0,0,1.259,0.0012086,0.2529,0,0,0,0.77075,0.0015181,-0.054524
0,0,0,1.2667,0.0012304,0.25245,0,0,0,0.77239,0.0027428,-0.042513
0,0,0,1.2745,0.0012637,0.25218,0,0,0,0.78137,0.0037008,-0.026402
0,0,0,1.2823,0.0013035,0.25192,0,0,0,0.79506,0.0042038,-0.016396
0,0,0,1.2904,0.0013425,0.25171,0,0,0,0.8042,0.0031559,-0.044411
0,0,0,1.2984,0.0013744,0.25073,0,0,0,0.80305,0.0030321,-0.14038
0,0,0,1.3064,0.0014044,0.24874,0,0,0,0.80391,0.0028699,-0.24523
0,0,0,1.3145,0.0014325,0.24568,0,0,0,0.80778,0.0029569,-0.34938
0,0,0,1.3226,0.0014635,0.24161,0,0,0,0.81691,0.0030772,-0.45246
0,0,0,1.3305,0.0014972,0.23766,0,0,0,0.77131,0.0036458,-0.33612
0,0,0,1.3381,0.0015348,0.23474,0,0,0,0.76568,0.0037902,-0.26598
0,0,0,1.3458,0.0015727,0.23238,0,0,0,0.77098,0.003784,-0.19846
0,0,0,1.3536,0.0016099,0.23058,0,0,0,0.77486,0.0036345,-0.19045
0,0,0,1.3614,0.0016463,0.22899,0,0,0,0.78587,0.0037573,-0.11938
0,0,0,1.3693,0.001682,0.22829,0,0,0,0.79813,0.0034537,-0.026745
0,0,0,1.3774,0.0017155,0.22853,0,0,0,0.81453,0.0032446,0.067778
0,0,0,1.3856,0.0017446,0.22975,0,0,0,0.83625,0.0026229,0.1683
0,0,0,1.3941,0.001765,0.23191,0,0,0,0.86401,0.0015739,0.25218
0,0,0,1.403,0.0017778,0.23483,0,0,0,0.8937,0.0010359,0.31337
0,0,0,1.4121,0.0017866,0.2381,0,0,0,0.93004,0.00068774,0.34842
0,0,0,1.4216,0.0017905,0.24167,0,0,0,0.9634,-9.9457e-05,0.33173
0,0,0,1.4315,0.0017945,0.24515,0,0,0,1.013,0.0003003,0.37012
0,0,0,1.4419,0.0017937,0.24915,0,0,0,1.0697,-0.00050287,0.4224
0,0,0,1.4529,0.0017848,0.25369,0,0,0,1.133,-0.0012017,0.47545
0,0,0,1.4644,0.0017735,0.25792,0,0,0,1.1469,-0.0010772,0.36321
0,0,0,1.4758,0.0017634,0.26092,0,0,0,1.1445,-0.000967,0.2468
0,0,0,1.4872,0.0017545,0.2629,0,0,0,1.1297,-0.00088122,0.15525
0,0,0,1.4984,0.0017457,0.26405,0,0,0,1.1202,-0.00089591,0.077837
0,0,0,1.5096,0.001738,0.2644,0,0,0,1.1191,-0.00067322,-0.0069273
0,0,0,1.5208,0.0017321,0.26389,0,0,0,1.1117,-0.00055357,-0.091784
0,0,0,1.5318,0.0017271,0.26251,0,0,0,1.1037,-0.00046799,-0.1817
0,0,0,1.5427,0.001724,0.2609,0,0,0,1.0664,0.00046851,-0.10642
0,0,0,1.5532,0.0017284,0.25993,0,0,0,1.0267,0.00043668,-0.090952
0,0,0,1.5632,0.0017335,0.25913,0,0,0,0.98276,0.00056369,-0.073147
0,0,0,1.5728,0.0017401,0.25847,0,0,0,0.94121,0.00047959,-0.065006
0,0,0,1.582,0.0017463,0.25781,0,0,0,0.90222,0.00098058,-0.065954
0,0,0,1.5908,0.0017547,0.25713,0,0,0,0.87275,0.00090746,-0.093041
0,0,0,1.5994,0.0017644,0.25616,0,0,0,0.84273,0.0011142,-0.093487
0,0,0,1.6077,0.0017756,0.25526,0,0,0,0.81686,0.0012261,-0.085873
0,0,0,1.6157,0.0017907,0.25446,0,0,0,0.80038,0.0016395,-0.07407
0,0,0,1.6237,0.0018087,0.25381,0,0,0,0.79561,0.0018345,-0.06039
0,0,0,1.6317,0.0018293,0.25332,0,0,0,0.80057,0.0021512,-0.042898
0,0,0,1.6398,0.001853,0.253,0,0,0,0.81126,0.0025031,-0.0317
0,0,0,1.6479,0.0018808,0.25267,0,0,0,0.82499,0.0029919,-0.023289
0,0,0,1.6563,0.0019098,0.25237,0,0,0,0.83395,0.0026505,-0.054128
0,0,0,1.6646,0.001937,0.25128,0,0,0,0.83328,0.0028639,-0.15296
0,0,0,1.6729,0.0019654,0.24914,0,0,0,0.83443,0.0028311,-0.25956
0,0,0,1.6813,0.0019947,0.24596,0,0,0,0.83781,0.0030135,-0.36323
0,0,0,1.6897,0.0020256,0.24173,0,0,0,0.84523,0.0031409,-0.46752
0,0,0,1.6978,0.0020544,0.23759,0,0,0,0.79782,0.002696,-0.35968
0,0,0,1.7058,0.0020796,0.2344,0,0,0,0.78942,0.0023934,-0.2963
0,0,0,1.7137,0.0021021,0.23168,0,0,0,0.79115,0.0021181,-0.23778
0,0,0,1.7216,0.0021236,0.2295,0,0,0,0.78848,0.0021753,-0.2299
0,0,0,1.7295,0.0021454,0.22749,0,0,0,0.79603,0.0022308,-0.16387
0,0,0,1.7375,0.0021664,0.2263,0,0,0,0.80525,0.0019323,-0.078658
0,0,0,1.7456,0.0021837,0.22599,0,0,0,0.82073,0.0014832,0.0085649
0,0,0,1.754,0.0021971,0.22657,0,0,0,0.84261,0.0013436,0.099879
0,0,0,1.7625,0.0022101,0.22801,0,0,0,0.8716,0.0012014,0.17481
0,0,0,1.7714,0.0022202,0.23012,0,0,0,0.90336,0.00082233,0.22763
0,0,0,1.7807,0.0022258,0.23251,0,0,0,0.94174,0.0003992,0.25741
0,0,0,1.7903,0.0022263,0.23513,0,0,0,0.97532,-0.00023822,0.23452
0,0,0,1.8003,0.0022232,0.23759,0,0,0,1.0233,-0.00045915,0.26484
0,0,0,1.8108,0.0022176,0.2405,0,0,0,1.0778,-0.00065536,0.30908
0,0,0,1.8219,0.0022088,0.24383,0,0,0,1.137,-0.00088034,0.35346
0,0,0,1.8333,0.0021993,0.24689,0,0,0,1.1436,-0.0010455,0.24876
0,0,0,1.8447,0.0021876,0.24879,0,0,0,1.1366,-0.0012159,0.14085
0,0,0,1.856,0.0021757,0.24973,0,0,0,1.1248,-0.0011491,0.051846
0,0,0,1.8672,0.0021654,0.24982,0,0,0,1.1186,-0.00092178,-0.029787
0,0,0,1.8784,0.0021582,0.2491,0,0,0,1.116,-0.00059234,-0.11649
0,0,0,1.8895,0.0021533,0.2475,0,0,0,1.1069,-0.00043114,-0.20015
0,0,0,1.9005,0.0021498,0.2452,0,0,0,1.0782,-0.00016241,-0.12367
0,0,0,1.9111,0.002149,0.24416,0,0,0,1.0433,-0.00026907,-0.087743
0,0,0,1.9213,0.0021522,0.2437,0,0,0,1.004,0.0003578,-0.017949
0,0,0,1.9312,0.0021572,0.24385,0,0,0,0.96334,0.00067271,0.041584
0,0,0,1.9406,0.0021638,0.24458,0,0,0,0.92504,0.00074336,0.090658
0,0,0,1.9496,0.0021714,0.24567,0,0,0,0.88941,0.00079184,0.13532
0,0,0,1.9584,0.0021797,0.24717,0,0,0,0.86292,0.00083952,0.13335
0,0,0,1.9669,0.0021891,0.24871,0,0,0,0.84089,0.001049,0.18187
0,0,0,1.9752,0.0022,0.25087,0,0,0,0.82649,0.0011638,0.24454
0,0,0,1.9834,0.0022122,0.25369,0,0,0,0.82074,0.0013689,0.31096
0,0,0,1.9916,0.0022256,0.25729,0,0,0,0.8187,0.0013852,0.39745
0,0,0,1.9998,0.0022396,0.26164,0,0,0,0.81934,0.0014039,0.46904
0,0,0,2.008,0.002255,0.26664,0,0,0,0.81958,0.0016673,0.51849
0,0,0,2.0163,0.0022728,0.27195,0,0,0,0.82761,0.001826,0.56128
0,0,0,2.0246,0.0022909,0.277,0,0,0,0.83041,0.0015413,0.4516
0,0,0,2.0329,0.0023046,0.28081,0,0,0,0.84312,0.0012481,0.32776
0,0,0,2.0415,0.0023163,0.28343,0,0,0,0.85619,0.0010502,0.21741
0,0,0,2.0501,0.0023257,0.28507,0,0,0,0.86709,0.00087628,0.12639
0,0,0,2.0587,0.0023351,0.28674,0,0,0,0.79195,0.00066743,0.3008
0,0,0,2.0665,0.0023414,0.2905,0,0,0,0.76842,0.00062902,0.43903
0,0,0,2.0741,0.0023475,0.29556,0,0,0,0.75242,0.00062443,0.54856
0,0,0,2.0816,0.0023546,0.30154,0,0,0,0.74734,0.0008081,0.65287
0,0,0,2.0891,0.0023607,0.30846,0,0,0,0.74829,1.1196e-06,0.68744
0,0,0,2.0966,0.0023662,0.31574,0,0,0,0.75677,0.00063592,0.77571
0,0,0,2.1043,0.0023726,0.32398,0,0,0,0.77399,0.0016587,0.85991
0,0,0,2.1121,0.0023804,0.33307,0,0,0,0.78652,0.00096818,0.95069
0,0,0,2.1201,0.0023887,0.34305,0,0,0,0.80679,0.00096869,1.0362
0,0,0,2.1283,0.0023994,0.35387,0,0,0,0.8268,0.0011953,1.1216
0,0,0,2.1367,0.0024095,0.36545,0,0,0,0.84942,0.001176,1.1797
0,0,0,2.1453,0.0024217,0.37749,0,0,0,0.87211,0.0012301,1.2326
0,0,0,2.1541,0.0024334,0.38995,0,0,0,0.89389,0.0010663,1.2313
0,0,0,2.1632,0.0024475,0.40247,0,0,0,0.9183,0.0016515,1.2811
0,0,0,2.1726,0.0024614,0.41544,0,0,0,0.94906,0.0014344,1.3064
0,0,0,2.1821,0.0024758,0.42,0,0,0,0.95503,0.0014565,1.2142
0,0,0,2.1917,0.0024915,0.42,0,0,0,0.95836,0.0015828,1.1149
0,0,0,2.2013,0.002507,0.42,0,0,0,0.95757,0.0015258,1.019
0,0,0,2.2109,0.0025203,0.42,0,0,0,0.95554,0.0012839,0.92306
0,0,0,2.2204,0.0025328,0.42,0,0,0,0.96012,0.0012511,0.81945
0,0,0,2.2301,0.0025452,0.42,0,0,0,0.96253,0.0012774,0.71774
0,0,0,2.2397,0.0025582,0.42,0,0,0,0.96198,0.0013316,0.61981
0,0,0,2.2493,0.0025715,0.42,0,0,0,0.95847,0.0013366,0.52353
0,0,0,2.2589,0.0025848,0.42,0,0,0,0.95468,0.0013273,0.4266
0,0,0,2.2684,0.0025979,0.42,0,0,0,0.95231,0.0013013,0.32846
0,0,0,2.2779,0.0026109,0.42,0,0,0,0.95255,0.0013131,0.22951
0,0,0,2.2874,0.0026242,0.42,0,0,0,0.95354,0.0013281,0.13021
0,0,0,2.297,0.0026375,0.42,0,0,0,0.95284,0.0013169,0.031673
0,0,0,2.3065,0.0026506,0.42,0,0,0,0.95187,0.0013059,-0.066412
0,0,0,2.316,0.0026638,0.42,0,0,0,0.95168,0.0012992,-0.16451
0,0,0,2.3255,0.0026768,0.42,0,0,0,0.95266,0.0012969,-0.26276
0,0,0,2.3351,0.0026899,0.42,0,0,0,0.95333,0.0012897,-0.36133
0,0,0,2.3446,0.0027029,0.42,0,0,0,0.95489,0.0012848,-0.45976
0,0,0,2.3542,0.0027159,0.42,0,0,0,0.95668,0.0012692,-0.55804
0,0,0,2.3637,0.0027287,0.42,0,0,0,0.95807,0.0012517,-0.65648
0,0,0,2.3733,0.0027414,0.42,0,0,0,0.95914,0.0012381,-0.7551
0,0,0,2.3829,0.0027541,0.42,0,0,0,0.96059,0.0012241,-0.8536
0,0,0,2.3925,0.0027666,0.42,0,0,0,0.96222,0.0012133,-0.95216
0,0,0,2.4021,0.0027791,0.42,0,0,0,0.96402,0.0012041,-1.0504
0,0,0,2.4118,0.0027916,0.42,0,0,0,0.9657,0.001201,-1.1487
0,0,0,2.4214,0.0028041,0.42,0,0,0,0.96659,0.0012042,-1.2475
0,0,0,2.4311,0.0028167,0.40947,0,0,0,0.96857,0.0012065,-1.3461
0,0,0,2.4408,0.0028293,0.39546,0,0,0,0.97116,0.0012237,-1.4446
0,0,0,2.4498,0.0028397,0.38207,0,0,0,0.87563,2.572e-05,-1.3076
0,0,0,2.4585,0.0028308,0.3688,0,0,0,0.85161,-0.0010272,-1.3611
0,0,0,2.4669,0.002826,0.35469,0,0,0,0.82502,-0.00047131,-1.4516
0,0,0,2.4751,0.0028223,0.33976,0,0,0,0.81159,-0.00050233,-1.5273
0,0,0,2.4832,0.0028186,0.32412,0,0,0,0.80122,-0.00044101,-1.5962
0,0,0,2.4907,0.0028154,0.30944,0,0,0,0.68436,-0.00032237,-1.3271
0,0,0,2.4972,0.0028133,0.29592,0,0,0,0.64071,-0.0010517,-1.3867
0,0,0,2.5033,0.0028084,0.28286,0,0,0,0.5606,-1.6741e-05,-1.2025
0,0,0,2.5085,0.0028164,0.27167,0,0,0,0.48949,0.0012135,-1.0359
0,0,0,2.5131,0.0028289,0.262,0,0,0,0.4397,0.0012676,-0.95356
0,0,0,2.5173,0.0028396,0.25315,0,0,0,0.39452,0.00081191,-0.81505
0,0,0,2.521,0.0028463,0.24587,0,0,0,0.35451,0.0004316,-0.66243
0,0,0,2.5243,0.0028497,0.24007,0,0,0,0.32218,0.00038744,-0.51439
0,0,0,2.5274,0.002854,0.23569,0,0,0,0.30048,0.00028851,-0.37597
0,0,0,2.5304,0.0028553,0.23259,0,0,0,0.28943,-0.00018744,-0.25826
0,0,0,2.5332,0.0028519,0.23057,0,0,0,0.28436,-0.00032914,-0.16973
0,0,0,2.5361,0.0028488,0.22916,0,0,0,0.29319,-0.00040565,-0.10536
0,0,0,2.5391,0.0028443,0.22831,0,0,0,0.29529,-0.00036088,-0.099655
0,0,0,2.5422,0.002839,0.22747,0,0,0,0.32699,-0.00069221,-0.061774
0,0,0,2.5457,0.0028217,0.22711,0,0,0,0.36596,-0.0027001,-0.014402
0,0,0,2.5494,0.0027987,0.22722,0,0,0,0.37159,-0.0021789,0.032202
0,0,0,2.5532,0.0027769,0.22777,0,0,0,0.38692,-0.0019599,0.075957
0,0,0,2.5572,0.0027584,0.22876,0,0,0,0.40951,-0.0018557,0.11587
0,0,0,2.5614,0.0027403,0.23012,0,0,0,0.43384,-0.001869,0.14351
0,0,0,2.5659,0.0027187,0.23161,0,0,0,0.46533,-0.0022214,0.16222
0,0,0,2.5707,0.0026963,0.23324,0,0,0,0.489,-0.0022722,0.14077
0,0,0,2.5758,0.0026744,0.23473,0,0,0,0.52523,-0.0021136,0.16387
0,0,0,2.5813,0.0026542,0.23655,0,0,0,0.56608,-0.0019005,0.19692
0,0,0,2.5871,0.0026371,0.23871,0,0,0,0.60982,-0.0015441,0.23245
0,0,0,2.5935,0.0026214,0.24126,0,0,0,0.66009,-0.0014964,0.26951
0,0,0,2.6004,0.0026057,0.2441,0,0,0,0.71498,-0.0016873,0.29576
0,0,0,2.6079,0.0025882,0.24717,0,0,0,0.77249,-0.0018354,0.30237
0,0,0,2.6159,0.0025703,0.25014,0,0,0,0.83143,-0.0018225,0.29772
0,0,0,2.6245,0.0025503,0.253,0,0,0,0.8786,-0.0019291,0.25011
0,0,0,2.6336,0.0025271,0.25549,0,0,0,0.93418,-0.0027375,0.2528
0,0,0,2.643,0.0024997,0.2575,0,0,0,0.93827,-0.002785,0.14402
0,0,0,2.6523,0.0024716,0.25841,0,0,0,0.92299,-0.0028302,0.047866
0,0,0,2.6614,0.0024441,0.25851,0,0,0,0.90364,-0.0026818,-0.02387
0,0,0,2.6704,0.0024187,0.25791,0,0,0,0.89154,-0.0024449,-0.095972
0,0,0,2.6793,0.0023976,0.25651,0,0,0,0.88563,-0.0019342,-0.18425
0,0,0,2.688,0.0023809,0.2553,0,0,0,0.8539,-0.0014213,-0.078822
0,0,0,2.6964,0.0023685,0.25457,0,0,0,0.83392,-0.0011718,-0.090817
0,0,0,2.7045,0.0023583,0.25375,0,0,0,0.80496,-0.00089648,-0.069961
0,0,0,2.7124,0.0023506,0.25323,0,0,0,0.77261,-0.00070064,-0.042302
0,0,0,2.72,0.0023444,0.253,0,0,0,0.73747,-0.00057952,-0.0097984
0,0,0,2.7271,0.00234,0.25307,0,0,0,0.70101,-0.00058372,0.021829
0,0,0,2.7339,0.0023364,0.25344,0,0,0,0.66472,3.131e-05,0.046611
0,0,0,2.7404,0.0023375,0.25401,0,0,0,0.6308,0.00017411,0.056938
0,0,0,2.7466,0.0023414,0.25453,0,0,0,0.60431,0.00051732,0.055908
0,0,0,2.7525,0.0023476,0.25499,0,0,0,0.58777,0.00066262,0.015997
0,0,0,2.7583,0.002356,0.25507,0,0,0,0.58123,0.0010111,0.010971
0,0,0,2.7641,0.0023666,0.25521,0,0,0,0.5818,0.0010815,0.016777
0,0,0,2.77,0.0023768,0.25542,0,0,0,0.58705,0.0010655,0.028511
0,0,0,2.7759,0.0023865,0.2558,0,0,0,0.59405,0.00087835,0.047631
0,0,0,2.7819,0.002394,0.25638,0,0,0,0.59523,0.0006504,0.072917
0,0,0,2.7878,0.0023991,0.25666,0,0,0,0.59432,0.00049593,-0.015296
0,0,0,2.7938,0.0024024,0.2559,0,0,0,0.60016,0.00019382,-0.12408
0,0,0,2.7998,0.0024069,0.25405,0,0,0,0.60566,0.00047467,-0.23153
0,0,0,2.8059,0.0024116,0.25116,0,0,0,0.60813,0.00048087,-0.33216
0,0,0,2.8118,0.0024168,0.24811,0,0,0,0.56888,0.00060427,-0.25196
0,0,0,2.8174,0.0024231,0.24591,0,0,0,0.56364,0.00063371,-0.19089
0,0,0,2.8231,0.0024293,0.24436,0,0,0,0.56213,0.00061923,-0.12532
0,0,0,2.8287,0.002434,0.2434,0,0,0,0.57034,0.00034935,-0.071104
0,0,0,2.8345,0.0024374,0.24299,0,0,0,0.57962,0.00035696,-0.025493
0,0,0,2.8404,0.0024399,0.24289,0,0,0,0.5927,0.00012684,0.014342
0,0,0,2.8463,0.0024408,0.24316,0,0,0,0.599,0.00014649,0.010332
0,0,0,2.8524,0.0024421,0.24346,0,0,0,0.61597,0.0007498,0.053224
0,0,0,2.8587,0.002445,0.24431,0,0,0,0.63302,0.00037743,0.11027
0,0,0,2.8651,0.0024495,0.2457,0,0,0,0.65578,-0.00024324,0.16009
0,0,0,2.8718,0.0024516,0.24758,0,0,0,0.6812,-4.3709e-06,0.20797
0,0,0,2.8788,0.00245,0.24986,0,0,0,0.71268,-0.00030981,0.24124
0,0,0,2.8861,0.0024465,0.25243,0,0,0,0.74398,9.9286e-05,0.25779
0,0,0,2.8937,0.0024481,0.25507,0,0,0,0.77735,6.2871e-05,0.27757
0,0,0,2.9016,0.0024475,0.25786,0,0,0,0.80415,-9.6996e-06,0.25192
0,0,0,2.9098,0.0024432,0.26049,0,0,0,0.83824,-0.00066711,0.28011
0,0,0,2.9183,0.002436,0.26283,0,0,0,0.84216,-0.00070009,0.18159
0,0,0,2.9267,0.0024299,0.26408,0,0,0,0.83681,-0.00053432,0.077559
0,0,0,2.935,0.0024261,0.26436,0,0,0,0.8301,-0.00024474,-0.015704
0,0,0,2.9433,0.0024247,0.26371,0,0,0,0.82812,-7.757e-05,-0.10757
0,0,0,2.9515,0.0024238,0.26218,0,0,0,0.82267,-0.00012612,-0.19547
0,0,0,2.9597,0.002422,0.25973,0,0,0,0.81427,-0.00019244,-0.28723
0,0,0,2.9677,0.002419,0.25725,0,0,0,0.79253,0.00054505,-0.21504
0,0,0,2.9755,0.002424,0.25525,0,0,0,0.75891,0.00030469,-0.17907
0,0,0,2.9829,0.0024232,0.25372,0,0,0,0.72051,-0.00028532,-0.13078
0,0,0,2.9899,0.0024183,0.25267,0,0,0,0.67807,-0.00079301,-0.086988
0,0,0,2.9964,0.0024084,0.252,0,0,0,0.63252,-0.0011434,-0.050163
0,0,0,3.0025,0.0023892,0.25166,0,0,0,0.58791,-0.0025871,-0.019972
0,0,0,3.0081,0.0023668,0.25156,0,0,0,0.54712,-0.0020265,-0.0086779
0,0,0,3.0134,0.0023503,0.25147,0,0,0,0.51367,-0.0014626,-0.0021241
0,0,0,3.0184,0.0023362,0.25138,0,0,0,0.4919,-0.0014782,-0.033778
0,0,0,3.0232,0.0023219,0.25104,0,0,0,0.47331,-0.0014656,-0.026491
0,0,0,3.0279,0.002306,0.25087,0,0,0,0.4592,-0.0017554,-0.011871
0,0,0,3.0324,0.0022886,0.25087,0,0,0,0.45058,-0.0018542,0.01087
0,0,0,3.0369,0.0022688,0.2511,0,0,0,0.44648,-0.0019523,0.03046
0,0,0,3.0414,0.0022474,0.25155,0,0,0,0.44682,-0.0022224,0.055175
0,0,0,3.0458,0.0022254,0.25218,0,0,0,0.44857,-0.002194,0.064416
0,0,0,3.0503,0.0022031,0.25228,0,0,0,0.44723,-0.002346,-0.036128
0,0,0,3.0548,0.00218,0.25131,0,0,0,0.45172,-0.002231,-0.14352
0,0,0,3.0594,0.0021556,0.24927,0,0,0,0.46361,-0.0025762,-0.25212
0,0,0,3.064,0.0021297,0.24615,0,0,0,0.46751,-0.002614,-0.35761
0,0,0,3.0685,0.0020898,0.24312,0,0,0,0.43981,-0.0033857,-0.26602
0,0,0,3.0729,0.0020602,0.24081,0,0,0,0.4411,-0.0026677,-0.2022
0,0,0,3.0773,0.0020373,0.23913,0,0,0,0.45289,-0.0012787,-0.14079
0,0,0,3.0819,0.0020195,0.23807,0,0,0,0.4633,-0.0014008,-0.087812
0,0,0,3.0866,0.0020057,0.23739,0,0,0,0.47965,-0.0012897,-0.0394
0,0,0,3.0915,0.0019937,0.23715,0,0,0,0.48907,-0.0012583,-0.038715
0,0,0,3.0965,0.0019817,0.237,0,0,0,0.50727,-0.00094899,0.013998
0,0,0,3.1017,0.0019723,0.23749,0,0,0,0.52862,-0.0010119,0.078875
0,0,0,3.1071,0.0019664,0.23861,0,0,0,0.55385,-0.00025838,0.14081
0,0,0,3.1128,0.0019625,0.24035,0,0,0,0.58556,-0.00052706,0.19902
0,0,0,3.1189,0.0019588,0.24259,0,0,0,0.62289,0.00034689,0.23819
0,0,0,3.1253,0.0019579,0.24516,0,0,0,0.66094,0.00010169,0.26027
0,0,0,3.1321,0.0019603,0.24782,0,0,0,0.70063,0.00039731,0.27938
0,0,0,3.1393,0.0019631,0.25063,0,0,0,0.73323,0.00021624,0.2538
0,0,0,3.1469,0.0019664,0.25327,0,0,0,0.7766,0.0004404,0.28151
0,0,0,3.1549,0.001971,0.25632,0,0,0,0.82444,0.00058208,0.32152
0,0,0,3.1632,0.0019771,0.25907,0,0,0,0.83015,0.00062194,0.22322
0,0,0,3.1715,0.0019833,0.26074,0,0,0,0.82805,0.0006182,0.11795
0,0,0,3.1797,0.0019893,0.2614,0,0,0,0.82221,0.00059321,0.022767
0,0,0,3.1879,0.0019951,0.26119,0,0,0,0.81092,0.00055667,-0.059799
0,0,0,3.196,0.0019998,0.26016,0,0,0,0.80358,0.0004095,-0.14298
0,0,0,3.204,0.0020034,0.25822,0,0,0,0.80185,0.00034512,-0.24264
0,0,0,3.2119,0.0020059,0.25589,0,0,0,0.78132,9.2868e-05,-0.17143
0,0,0,3.2196,0.0020058,0.25437,0,0,0,0.74979,-8.6512e-05,-0.13675
0,0,0,3.2269,0.0020042,0.2532,0,0,0,0.71598,-0.00012251,-0.10448
0,0,0,3.2338,0.0019985,0.2524,0,0,0,0.67702,-0.0006011,-0.064413
0,0,0,3.2404,0.0019912,0.25193,0,0,0,0.63807,-0.0008482,-0.032574
0,0,0,3.2466,0.0019832,0.25178,0,0,0,0.60178,-0.0005187,-0.011166
0,0,0,3.2524,0.0019766,0.25168,0,0,0,0.57084,-0.00079448,-0.00052458
0,0,0,3.258,0.0019693,0.25164,0,0,0,0.55062,-0.00052075,-0.029389
0,0,0,3.2634,0.0019678,0.25134,0,0,0,0.53488,-0.00022618,-0.020081
0,0,0,3.2687,0.0019647,0.25125,0,0,0,0.52433,-0.00038728,-0.0002646
0,0,0,3.2739,0.0019599,0.25136,0,0,0,0.52003,-0.00061354,0.023572
0,0,0,3.2791,0.0019524,0.25173,0,0,0,0.52034,-0.00083758,0.049868
0,0,0,3.2843,0.0019434,0.25234,0,0,0,0.52306,-0.00098721,0.072587
0,0,0,3.2896,0.0019345,0.25316,0,0,0,0.5247,-0.00076703,0.081654
0,0,0,3.2948,0.0019267,0.25341,0,0,0,0.52255,-0.00080896,-0.021059
0,0,0,3.3,0.0019188,0.25258,0,0,0,0.52543,-0.00095803,-0.13106
0,0,0,3.3053,0.0019101,0.25066,0,0,0,0.53613,-0.00080215,-0.23966
0,0,0,3.3107,0.0019025,0.24767,0,0,0,0.54009,-0.00072949,-0.34532
0,0,0,3.316,0.0018953,0.24453,0,0,0,0.5088,-0.00070939,-0.26863
0,0,0,3.321,0.0018882,0.24219,0,0,0,0.50913,-0.00070243,-0.20628
0,0,0,3.3262,0.0018812,0.24046,0,0,0,0.51794,-0.00068462,-0.14235
0,0,0,3.3314,0.0018748,0.23938,0,0,0,0.52897,-0.00061447,-0.09013
0,0,0,3.3368,0.0018699,0.23869,0,0,0,0.54503,0.00031396,-0.0429
0,0,0,3.3423,0.001864,0.2384,0,0,0,0.55244,-0.00039147,-0.043245
0,0,0,3.3479,0.0018614,0.23821,0,0,0,0.56863,-0.00017938,0.010886
0,0,0,3.3537,0.001859,0.23866,0,0,0,0.58821,-0.00041498,0.07433
0,0,0,3.3597,0.0018521,0.23975,0,0,0,0.61067,-0.00090803,0.13875
0,0,0,3.366,0.0018444,0.24147,0,0,0,0.63927,-0.00073799,0.19734
0,0,0,3.3725,0.0018382,0.2437,0,0,0,0.67236,-0.00050236,0.23999
0,0,0,3.3794,0.0018351,0.24628,0,0,0,0.70661,-0.00017867,0.26102
0,0,0,3.3867,0.0018337,0.24893,0,0,0,0.74262,-0.00020115,0.27683
0,0,0,3.3943,0.0018331,0.25171,0,0,0,0.77181,4.4703e-05,0.25134
0,0,0,3.4022,0.0018344,0.25433,0,0,0,0.81013,0.00078982,0.27628
0,0,0,3.4105,0.0018346,0.25733,0,0,0,0.85285,0.00022807,0.3164
0,0,0,3.4191,0.0018367,0.26003,0,0,0,0.85813,0.00016678,0.21689
0,0,0,3.4277,0.0018377,0.26162,0,0,0,0.85674,5.4322e-05,0.10938
0,0,0,3.4362,0.0018382,0.26218,0,0,0,0.85169,8.8001e-05,0.01193
0,0,0,3.4447,0.0018397,0.26186,0,0,0,0.84107,0.00019357,-0.071677
0,0,0,3.4531,0.001843,0.26071,0,0,0,0.83415,0.00042049,-0.15448
0,0,0,3.4614,0.0018474,0.25866,0,0,0,0.83235,0.00041333,-0.2533
0,0,0,3.4696,0.0018513,0.25624,0,0,0,0.81074,0.00034968,-0.17818
0,0,0,3.4776,0.0018553,0.25466,0,0,0,0.77878,0.00044382,-0.14263
0,0,0,3.4852,0.00186,0.25345,0,0,0,0.74393,0.00050398,-0.10452
0,0,0,3.4924,0.0018654,0.25264,0,0,0,0.70499,0.00058127,-0.062802
0,0,0,3.4992,0.0018714,0.25221,0,0,0,0.66484,0.00061935,-0.027477
0,0,0,3.5057,0.001874,0.25208,0,0,0,0.62713,7.3426e-05,-0.0091805
0,0,0,3.5118,0.0018745,0.252,0,0,0,0.59516,0.00026237,0.00020049
0,0,0,3.5176,0.0018772,0.25196,0,0,0,0.57393,0.00028406,-0.029357
0,0,0,3.5232,0.0018803,0.25165,0,0,0,0.55717,0.00035819,-0.021107
0,0,0,3.5287,0.0018841,0.25154,0,0,0,0.54511,0.00039777,-0.0019276
0,0,0,3.5341,0.0018879,0.25164,0,0,0,0.53911,0.00041466,0.021482
0,0,0,3.5395,0.0018921,0.25198,0,0,0,0.53781,0.00040286,0.047232
0,0,0,3.5449,0.0018959,0.25256,0,0,0,0.53936,0.00041435,0.069996
0,0,0,3.5503,0.0018983,0.25336,0,0,0,0.53876,0.00014621,0.080146
0,0,0,3.5557,0.0019006,0.25359,0,0,0,0.53636,0.00027497,-0.022251
0,0,0,3.561,0.0019036,0.25276,0,0,0,0.53941,0.00028964,-0.13128
0,0,0,3.5665,0.0019073,0.25083,0,0,0,0.55049,0.00042563,-0.2397
0,0,0,3.572,0.0019119,0.24784,0,0,0,0.55486,0.0004911,-0.34511
0,0,0,3.5774,0.0019005,0.24478,0,0,0,0.52378,-0.00059015,-0.26083
0,0,0,3.5826,0.0018926,0.2425,0,0,0,0.52435,-0.0010105,-0.20075
0,0,0,3.5879,0.0018838,0.24083,0,0,0,0.53326,-0.00079016,-0.13862
0,0,0,3.5933,0.0018784,0.23976,0,0,0,0.5443,-0.00050747,-0.089721
0,0,0,3.5988,0.0018756,0.23906,0,0,0,0.55971,-0.00080485,-0.04488
0,0,0,3.6044,0.0018738,0.23877,0,0,0,0.56524,-0.00027991,-0.043923
0,0,0,3.6102,0.001871,0.23856,0,0,0,0.58099,-0.00028351,0.009683
0,0,0,3.6161,0.0018704,0.239,0,0,0,0.59944,0.00021656,0.073465
0,0,0,3.6222,0.0018754,0.24009,0,0,0,0.62079,0.00073634,0.1383
0,0,0,3.6286,0.0018818,0.2418,0,0,0,0.64826,0.00069817,0.19701
0,0,0,3.6352,0.0018882,0.24403,0,0,0,0.67959,0.00056212,0.24113
0,0,0,3.6422,0.0018927,0.24663,0,0,0,0.71258,0.00036308,0.26232
0,0,0,3.6495,0.0018955,0.24928,0,0,0,0.74807,0.00027383,0.27831
0,0,0,3.6572,0.0018981,0.25207,0,0,0,0.77638,0.00026686,0.25249
0,0,0,3.6651,0.001902,0.2547,0,0,0,0.81347,0.00043919,0.27849
0,0,0,3.6735,0.001905,0.25771,0,0,0,0.85391,0.00036522,0.31646
0,0,0,3.682,0.0019083,0.26041,0,0,0,0.85893,0.00031075,0.21692
0,0,0,3.6906,0.001911,0.262,0,0,0,0.85729,0.00022897,0.10944
0,0,0,3.6992,0.0019134,0.26256,0,0,0,0.85232,0.00024724,0.011823
0,0,0,3.7076,0.0019163,0.26224,0,0,0,0.8421,0.00032202,-0.072083
0,0,0,3.716,0.00192,0.26109,0,0,0,0.83539,0.00041019,-0.15492
0,0,0,3.7244,0.0019241,0.25903,0,0,0,0.83362,0.00039209,-0.25352
0,0,0,3.7326,0.0019275,0.25661,0,0,0,0.81188,0.0002365,-0.17909
0,0,0,3.7406,0.0019294,0.25502,0,0,0,0.78011,0.00014876,-0.14424
0,0,0,3.7482,0.0019306,0.25377,0,0,0,0.74546,0.00027584,-0.10834
0,0,0,3.7554,0.0019322,0.25289,0,0,0,0.70648,5.0211e-05,-0.071432
0,0,0,3.7623,0.0019336,0.25235,0,0,0,0.6668,-1.8114e-05,-0.039234
0,0,0,3.7687,0.0019326,0.25213,0,0,0,0.62988,3.0787e-05,-0.017646
0,0,0,3.7748,0.001932,0.25196,0,0,0,0.59776,-0.0002546,-0.0069453
0,0,0,3.7807,0.0019299,0.25185,0,0,0,0.57656,-0.00013472,-0.035362
0,0,0,3.7864,0.0019297,0.2515,0,0,0,0.55949,-2.6217e-05,-0.025701
0,0,0,3.7919,0.0019296,0.25135,0,0,0,0.54724,-5.9798e-05,-0.0081889
0,0,0,3.7973,0.0019294,0.25142,0,0,0,0.541,-4.0125e-05,0.019297
0,0,0,3.8027,0.0019285,0.25175,0,0,0,0.53942,-0.0001205,0.045967
0,0,0,3.8081,0.0019267,0.25232,0,0,0,0.54076,-0.00024545,0.0694
0,0,0,3.8135,0.0019239,0.25312,0,0,0,0.54003,-0.00031991,0.079988
0,0,0,3.8189,0.0019208,0.25335,0,0,0,0.5377,-0.00030316,-0.022471
0,0,0,3.8243,0.0019178,0.25251,0,0,0,0.54088,-0.00029929,-0.1318
0,0,0,3.8298,0.0019148,0.25059,0,0,0,0.55206,-0.00029979,-0.24009
0,0,0,3.8353,0.0019118,0.24759,0,0,0,0.55644,-0.00029567,-0.34551
0,0,0,3.8407,0.0019095,0.24459,0,0,0,0.5264,-0.00018165,-0.255
0,0,0,3.8459,0.001908,0.24237,0,0,0,0.53022,0.0007602,-0.19764
0,0,0,3.8512,0.0019066,0.24072,0,0,0,0.53662,-0.00012464,-0.13659
0,0,0,3.8567,0.0019057,0.23967,0,0,0,0.54813,-0.00028081,-0.088544
0,0,0,3.8622,0.0019053,0.23896,0,0,0,0.56346,-0.00084271,-0.046252
0,0,0,3.8679,0.0019072,0.23866,0,0,0,0.568,8.1543e-05,-0.044292
0,0,0,3.8737,0.0019083,0.23845,0,0,0,0.58346,6.1671e-05,0.0098838
0,0,0,3.8796,0.0019092,0.23891,0,0,0,0.60144,0.00019535,0.074799
0,0,0,3.8857,0.0019112,0.24001,0,0,0,0.6228,9.9713e-05,0.13858
0,0,0,3.8921,0.0019171,0.24172,0,0,0,0.64924,0.00056949,0.19733
0,0,0,3.8987,0.0019204,0.24396,0,0,0,0.68012,0.0001975,0.24166
0,0,0,3.9057,0.0019238,0.24655,0,0,0,0.71293,0.00030998,0.26137
0,0,0,3.913,0.0019255,0.2492,0,0,0,0.74771,0.00019213,0.27779
0,0,0,3.9207,0.0019274,0.25199,0,0,0,0.77616,0.00026128,0.25198
0,0,0,3.9286,0.0019302,0.25462,0,0,0,0.81404,0.00081204,0.27621
0,0,0,3.937,0.0019324,0.25763,0,0,0,0.85504,0.00037631,0.3177
0,0,0,3.9456,0.0019362,0.26034,0,0,0,0.8601,0.00034265,0.21821
0,0,0,3.9542,0.0019383,0.26195,0,0,0,0.85851,0.00010985,0.11071
0,0,0,3.9628,0.0019388,0.26252,0,0,0,0.85341,2.3736e-05,0.013344
0,0,0,3.9712,0.0019392,0.26221,0,0,0,0.84282,4.9311e-05,-0.069978
0,0,0,3.9796,0.0019418,0.26108,0,0,0,0.83615,0.00041048,-0.15279
0,0,0,3.988,0.0019463,0.25905,0,0,0,0.8344,0.00043318,-0.25146
0,0,0,3.9962,0.0019514,0.25658,0,0,0,0.81402,-0.0001462,-0.17954
0,0,0,4.0042,0.0019506,0.25498,0,0,0,0.78277,5.8722e-05,-0.14501
0,0,0,4.0119,0.0019522,0.25373,0,0,0,0.7486,0.00028833,-0.10906
0,0,0,4.0191,0.0019565,0.25286,0,0,0,0.71023,0.00073954,-0.069764
0,0,0,4.026,0.0019653,0.25236,0,0,0,0.67081,0.00099371,-0.035213
0,0,0,4.0325,0.00198,0.25218,0,0,0,0.63382,0.0020848,-0.01263
0,0,0,4.0387,0.0019951,0.25204,0,0,0,0.60217,0.0011377,-0.0043611
0,0,0,4.0446,0.0020068,0.25196,0,0,0,0.58138,0.0011827,-0.032926
0,0,0,4.0503,0.0020193,0.25163,0,0,0,0.56471,0.0012875,-0.024043
0,0,0,4.0559,0.0020323,0.25149,0,0,0,0.55281,0.0012948,-0.0040452
0,0,0,4.0614,0.002045,0.25157,0,0,0,0.54681,0.0013094,0.02018
0,0,0,4.0668,0.002058,0.2519,0,0,0,0.54528,0.0012888,0.046758
0,0,0,4.0723,0.0020709,0.25248,0,0,0,0.54632,0.0013473,0.069939
0,0,0,4.0777,0.0020826,0.25327,0,0,0,0.54599,0.0010867,0.079832
0,0,0,4.0832,0.0020945,0.2535,0,0,0,0.54364,0.0012545,-0.022657
0,0,0,4.0886,0.0021071,0.25267,0,0,0,0.5467,0.0012869,-0.13122
0,0,0,4.0941,0.002121,0.25074,0,0,0,0.55772,0.0014588,-0.2399
0,0,0,4.0997,0.0021358,0.24775,0,0,0,0.56202,0.0015295,-0.34542
0,0,0,4.1052,0.0021504,0.24475,0,0,0,0.53213,0.0013975,-0.25488
0,0,0,4.1105,0.0021631,0.24252,0,0,0,0.53412,0.0011643,-0.19495
0,0,0,4.1159,0.0021743,0.24089,0,0,0,0.54361,0.0011195,-0.13454
0,0,0,4.1214,0.0021834,0.23985,0,0,0,0.55596,0.001086,-0.087853
0,0,0,4.127,0.0021916,0.23916,0,0,0,0.56946,0.00084255,-0.041242
0,0,0,4.1328,0.0021998,0.23889,0,0,0,0.57675,0.00081238,-0.042524
0,0,0,4.1386,0.0022076,0.2387,0,0,0,0.5918,0.00075643,0.011175
0,0,0,4.1446,0.0022147,0.23915,0,0,0,0.60986,0.00075662,0.074025
0,0,0,4.1508,0.0022225,0.24024,0,0,0,0.6306,0.00050325,0.13797
0,0,0,4.1573,0.0022288,0.24196,0,0,0,0.65693,0.0006981,0.19731
0,0,0,4.164,0.0022344,0.24418,0,0,0,0.68769,0.00058112,0.23936
0,0,0,4.1711,0.002239,0.24675,0,0,0,0.72036,0.00035571,0.26099
0,0,0,4.1785,0.0022431,0.2494,0,0,0,0.75532,0.00029713,0.27772
0,0,0,4.1862,0.0022451,0.25219,0,0,0,0.78332,6.3962e-05,0.25203
0,0,0,4.1942,0.0022461,0.25482,0,0,0,0.82035,9.5613e-05,0.27846
0,0,0,4.2026,0.0022445,0.25783,0,0,0,0.86134,-0.00012133,0.31755
0,0,0,4.2113,0.0022435,0.26054,0,0,0,0.86643,-8.5775e-05,0.21792
0,0,0,4.2199,0.0022424,0.26214,0,0,0,0.8649,-0.00013937,0.1104
0,0,0,4.2286,0.0022408,0.26271,0,0,0,0.85985,-0.00018575,0.012973
0,0,0,4.2371,0.0022388,0.2624,0,0,0,0.84937,-0.00020117,-0.070617
0,0,0,4.2456,0.0022381,0.26126,0,0,0,0.84279,2.5092e-05,-0.15363
0,0,0,4.254,0.0022386,0.25922,0,0,0,0.84106,4.8949e-05,-0.2523
0,0,0,4.2623,0.0022393,0.25681,0,0,0,0.82016,7.6785e-05,-0.17842
0,0,0,4.2703,0.0022407,0.25522,0,0,0,0.78906,0.00018338,-0.14402
0,0,0,4.2781,0.0022429,0.25398,0,0,0,0.75497,0.0002671,-0.10682
0,0,0,4.2854,0.0022461,0.2531,0,0,0,0.71684,0.00035795,-0.071798
0,0,0,4.2924,0.0022501,0.25256,0,0,0,0.67766,0.00044237,-0.040001
0,0,0,4.2989,0.0022538,0.25233,0,0,0,0.64097,0.00032394,-0.017999
0,0,0,4.3052,0.0022566,0.25215,0,0,0,0.6096,0.00032944,-0.0087586
0,0,0,4.3111,0.0022604,0.25203,0,0,0,0.58876,0.00040614,-0.037954
0,0,0,4.3169,0.0022652,0.25165,0,0,0,0.57222,0.00055081,-0.02842
0,0,0,4.3226,0.002271,0.25148,0,0,0,0.56072,0.00060273,-0.0064893
0,0,0,4.3281,0.002277,0.25152,0,0,0,0.55459,0.00062784,0.016955
0,0,0,4.3337,0.0022833,0.25183,0,0,0,0.55298,0.00062141,0.044548
0,0,0,4.3392,0.0022894,0.25241,0,0,0,0.55282,0.00062419,0.061055
0,0,0,4.3448,0.0022946,0.25321,0,0,0,0.55358,0.00044828,0.081739
0,0,0,4.3503,0.0022996,0.25344,0,0,0,0.55089,0.00054622,-0.022678
0,0,0,4.3558,0.0023051,0.25259,0,0,0,0.55416,0.0003851,-0.13252
0,0,0,4.3614,0.0023102,0.25066,0,0,0,0.56601,0.00060393,-0.24148
0,0,0,4.3671,0.0023166,0.24764,0,0,0,0.5707,0.00065475,-0.34706
0,0,0,4.3726,0.0023234,0.24463,0,0,0,0.54046,0.0006944,-0.25575
0,0,0,4.378,0.00233,0.2424,0,0,0,0.54236,0.00062929,-0.19537
0,0,0,4.3835,0.0023367,0.24077,0,0,0,0.55178,0.0007006,-0.13477
0,0,0,4.389,0.0023426,0.23972,0,0,0,0.56389,0.00055322,-0.088048
0,0,0,4.3948,0.0023485,0.23903,0,0,0,0.57749,0.00062976,-0.041314
0,0,0,4.4006,0.0023537,0.23876,0,0,0,0.58423,0.00052436,-0.041813
0,0,0,4.4065,0.0023596,0.23857,0,0,0,0.59937,0.00060038,0.01132
0,0,0,4.4126,0.0023651,0.23903,0,0,0,0.61743,0.00042702,0.076128
0,0,0,4.4189,0.0023696,0.24015,0,0,0,0.63785,0.00045351,0.14095
0,0,0,4.4254,0.0023755,0.24189,0,0,0,0.66388,0.00069562,0.201
0,0,0,4.4322,0.0023784,0.24416,0,0,0,0.69454,0.00031209,0.24475
0,0,0,4.4393,0.0023823,0.24679,0,0,0,0.72688,0.00049917,0.26546
0,0,0,4.4468,0.0023863,0.24948,0,0,0,0.76067,0.00042996,0.28169
0,0,0,4.4546,0.002389,0.25231,0,0,0,0.78835,0.00011769,0.25612
0,0,0,4.4626,0.0023916,0.25498,0,0,0,0.82508,0.00031725,0.28263
0,0,0,4.4711,0.0023917,0.25803,0,0,0,0.86553,7.7955e-06,0.32188
0,0,0,4.4798,0.002392,0.26078,0,0,0,0.87055,4.1725e-05,0.22232
0,0,0,4.4885,0.0023924,0.26243,0,0,0,0.86903,4.1069e-05,0.11485
0,0,0,4.4972,0.0023928,0.26305,0,0,0,0.86386,3.9145e-05,0.017517
0,0,0,4.5057,0.0023933,0.26278,0,0,0,0.85328,6.1039e-05,-0.066152
0,0,0,4.5142,0.0023945,0.26169,0,0,0,0.84719,0.00015144,-0.14987
0,0,0,4.5227,0.0023962,0.2597,0,0,0,0.84006,0.00017417,-0.24175
0,0,0,4.531,0.0023975,0.2576,0,0,0,0.81438,8.9382e-05,-0.15322
0,0,0,4.5389,0.0023984,0.25614,0,0,0,0.78265,0.00010183,-0.13965
0,0,0,4.5466,0.0023994,0.25484,0,0,0,0.74952,9.6573e-05,-0.123
0,0,0,4.5539,0.0024,0.2537,0,0,0,0.71471,-0.00014858,-0.1087
0,0,0,4.5608,0.0023984,0.2527,0,0,0,0.67809,-0.00012933,-0.095008
0,0,0,4.5674,0.0023972,0.25183,0,0,0,0.6404,-0.00010175,-0.080941
0,0,0,4.5736,0.0023966,0.25107,0,0,0,0.60343,2.4582e-05,-0.072449
0,0,0,4.5795,0.0023966,0.25037,0,0,0,0.56919,-1.8331e-05,-0.068099
0,0,0,4.585,0.0023963,0.24971,0,0,0,0.53994,-3.2776e-05,-0.062905
0,0,0,4.5902,0.0023955,0.2491,0,0,0,0.51605,-8.6146e-05,-0.05969
0,0,0,4.5953,0.0023947,0.24852,0,0,0,0.49625,-7.006e-05,-0.059364
0,0,0,4.6001,0.002394,0.24795,0,0,0,0.47604,9.1486e-05,-0.056405
0,0,0,4.6048,0.0023933,0.24737,0,0,0,0.45323,-0.00012746,-0.059286
0,0,0,4.6092,0.002393,0.24675,0,0,0,0.42605,0.00013064,-0.063941
0,0,0,4.6133,0.0023927,0.24606,0,0,0,0.39481,-2.1541e-05,-0.07064
0,0,0,4.617,0.0023929,0.24533,0,0,0,0.3622,4.6741e-05,-0.075632
0,0,0,4.6205,0.0023934,0.24454,0,0,0,0.33154,0.00018555,-0.078622
0,0,0,4.6236,0.0023944,0.24376,0,0,0,0.30366,0.00012353,-0.078713
0,0,0,4.6265,0.0023957,0.24296,0,0,0,0.28033,0.00014113,-0.086915
0,0,0,4.6292,0.002397,0.24216,0,0,0,0.2562,0.0001144,-0.078413
0,0,0,4.6316,0.0023976,0.24139,0,0,0,0.23134,1.0896e-05,-0.075125
0,0,0,4.6338,0.0023947,0.2407,0,0,0,0.19882,-0.00036449,-0.060718
0,0,0,4.6356,0.0023905,0.24013,0,0,0,0.17437,-0.00038844,-0.054012
0,0,0,4.6372,0.0023868,0.23963,0,0,0,0.14967,-0.00035413,-0.046023
0,0,0,4.6386,0.002383,0.23921,0,0,0,0.12496,-0.00052157,-0.038389
0,0,0,4.6397,0.0023786,0.23887,0,0,0,0.1001,-0.00036167,-0.031101
0,0,0,4.6406,0.0023753,0.23862,0,0,0,0.077865,-0.00029597,-0.020304
0,0,0,4.6412,0.0023722,0.23847,0,0,0,0.05559,-0.00020785,-0.0093342
0,0,0,4.6417,0.00237,0.23843,0,0,0,0.033533,-0.0001625,-0.0074585
0,0,0,4.6419,0.0023681,0.23845,0,0,0,0.012806,-0.00011616,0.0042205
0,0,0,4.6419,0.0023661,0.23852,0,0,0,-0.0083319,-0.00021274,0.0081061
0,0,0,4.6417,0.0023644,0.23862,0,0,0,-0.029179,-0.00018551,0.011712
0,0,0,4.6413,0.0023628,0.23875,0,0,0,-0.049981,-0.00015957,0.01539
0,0,0,4.6407,0.0023613,0.23893,0,0,0,-0.071626,-0.00014652,0.019356
0,0,0,4.6399,0.0023599,0.23915,0,0,0,-0.093238,-0.00014365,0.02361
0,0,0,4.6388,0.0023587,0.2394,0,0,0,-0.11439,-0.00014454,0.028013
0,0,0,4.6375,0.0023575,0.23971,0,0,0,-0.13525,-2.6579e-05,0.032154
0,0,0,4.6361,0.0023564,0.24005,0,0,0,-0.15594,-7.2323e-05,0.036428
0,0,0,4.6344,0.0023557,0.24043,0,0,0,-0.17639,-6.7266e-05,0.039899
0,0,0,4.6325,0.002355,0.24085,0,0,0,-0.19704,-0.00010802,0.044098
0,0,0,4.6304,0.0023545,0.24132,0,0,0,-0.21772,-4.1322e-05,0.0484
0,0,0,4.6282,0.0023539,0.24182,0,0,0,-0.23824,-4.4976e-05,0.049179
0,0,0,4.6257,0.0023541,0.24236,0,0,0,-0.25929,7.041e-05,0.055722
0,0,0,4.6229,0.0023539,0.24294,0,0,0,-0.28034,-8.8616e-06,0.059953
0,0,0,4.62,0.0023542,0.24354,0,0,0,-0.30183,-3.8916e-05,0.062787
0,0,0,4.6169,0.0023544,0.24419,0,0,0,-0.3234,3.7958e-05,0.066482
0,0,0,4.6135,0.0023545,0.24488,0,0,0,-0.34526,-5.0143e-05,0.07023
0,0,0,4.61,0.0023547,0.24558,0,0,0,-0.36766,2.275e-05,0.072414
0,0,0,4.6062,0.0023548,0.24631,0,0,0,-0.39044,-2.3363e-05,0.075026
0,0,0,4.6021,0.0023549,0.24706,0,0,0,-0.41329,1.8495e-05,0.07622
0,0,0,4.5979,0.0023548,0.24783,0,0,0,-0.43703,-4.4402e-05,0.078303
0,0,0,4.5934,0.0023553,0.2486,0,0,0,-0.46115,0.00020736,0.077756
0,0,0,4.5886,0.0023544,0.24938,0,0,0,-0.48565,-2.5073e-05,0.075247
