0.02133,-0.77552,1.8132,-0.021335,-0.77566,1.8133,0.033648,-0.76947,1.8412,-0.033582,-0.76935,1.8411
0.021281,-0.77466,1.8131,-0.021384,-0.7748,1.8133,0.033593,-0.76653,1.8408,-0.03364,-0.76635,1.8407
0.021191,-0.77231,1.8125,-0.021468,-0.77247,1.8127,0.033518,-0.76016,1.8405,-0.03375,-0.76002,1.8404
0.021136,-0.7688,1.8108,-0.021488,-0.76896,1.8111,0.033412,-0.75524,1.841,-0.033843,-0.7558,1.8414
0.021084,-0.76454,1.8073,-0.021455,-0.76469,1.8076,0.033457,-0.75278,1.8426,-0.033901,-0.75346,1.8432
0.020804,-0.76019,1.8007,-0.021317,-0.76029,1.8016,0.033557,-0.75115,1.8442,-0.033894,-0.75185,1.8449
0.020678,-0.75646,1.7933,-0.021244,-0.75658,1.7943,0.033588,-0.75116,1.847,-0.034001,-0.75189,1.8477
0.020528,-0.75336,1.7841,-0.021148,-0.7535,1.7852,0.033617,-0.75279,1.8506,-0.034067,-0.75347,1.8511
0.020342,-0.75155,1.775,-0.020791,-0.75192,1.7754,0.033656,-0.75653,1.8565,-0.034289,-0.75718,1.857
0.020097,-0.75107,1.7611,-0.020665,-0.7514,1.7614,0.033726,-0.76404,1.8638,-0.034517,-0.76467,1.8643
0.019778,-0.75187,1.7419,-0.020483,-0.75217,1.7422,0.033521,-0.77575,1.8715,-0.034774,-0.77618,1.873
0.019364,-0.75437,1.7149,-0.02022,-0.75465,1.7152,0.03365,-0.79332,1.8823,-0.035058,-0.79375,1.8838
0.019497,-0.7531,1.6935,-0.020375,-0.75336,1.6937,0.033772,-0.81116,1.8915,-0.035282,-0.81159,1.8929
0.019471,-0.75166,1.6965,-0.020377,-0.75192,1.6966,0.033805,-0.82333,1.8954,-0.03538,-0.82377,1.8968
0.019271,-0.75677,1.7218,-0.020138,-0.75701,1.722,0.033823,-0.83199,1.8967,-0.035387,-0.83244,1.8982
0.017283,-0.77371,1.7712,-0.018158,-0.77396,1.7713,0.033788,-0.83837,1.8965,-0.035379,-0.83883,1.8979
0.01095,-0.80298,1.8459,-0.01183,-0.80325,1.846,0.033743,-0.84425,1.8968,-0.035418,-0.84471,1.8983
-0.0027763,-0.84223,1.943,0.001972,-0.84252,1.9431,0.033676,-0.849,1.8954,-0.035394,-0.84947,1.8968
-0.024182,-0.88926,2.0559,0.023485,-0.88959,2.0561,0.033581,-0.85283,1.8922,-0.034875,-0.85389,1.8921
-0.053803,-0.94189,2.1752,0.053335,-0.94225,2.1755,0.033466,-0.85569,1.8867,-0.034713,-0.85672,1.8866
-0.092347,-0.99853,2.2893,0.09211,-0.9989,2.2896,0.033292,-0.85766,1.8789,-0.034504,-0.85864,1.8787
-0.14046,-1.0593,2.3853,0.1404,-1.0596,2.3856,0.033065,-0.85881,1.8688,-0.034246,-0.85975,1.8684
-0.19684,-1.1243,2.4504,0.19686,-1.1247,2.4507,0.032825,-0.85959,1.8575,-0.033962,-0.86049,1.857
-0.25805,-1.1936,2.4754,0.25829,-1.1939,2.4758,0.032207,-0.86039,1.843,-0.033502,-0.86062,1.8442
-0.31538,-1.2658,2.4607,0.3156,-1.266,2.4611,0.032094,-0.85952,1.8302,-0.033064,-0.8599,1.8317
-0.36017,-1.3338,2.4125,0.36007,-1.3341,2.4129,0.031814,-0.85465,1.8132,-0.032086,-0.85578,1.8132
-0.38226,-1.3865,2.3386,0.38187,-1.3868,2.3391,0.031415,-0.84456,1.7911,-0.031586,-0.84553,1.7907
-0.38111,-1.4152,2.2482,0.38063,-1.4157,2.2485,0.030836,-0.82725,1.7616,-0.03102,-0.82805,1.7609
-0.3663,-1.4163,2.1529,0.36611,-1.4168,2.1531,0.030935,-0.81463,1.7351,-0.031119,-0.81526,1.7341
-0.34529,-1.3927,2.0657,0.34545,-1.3932,2.0658,0.033039,-0.81142,1.7319,-0.033232,-0.81194,1.7307
-0.32449,-1.338,2.0054,0.32479,-1.3384,2.0057,0.037741,-0.80805,1.7538,-0.037976,-0.80852,1.7525
-0.31089,-1.2578,1.9809,0.31107,-1.2581,1.9812,0.044977,-0.80408,1.8008,-0.045251,-0.80455,1.7994
-0.30144,-1.1602,1.9266,0.30151,-1.1604,1.927,0.054161,-0.80332,1.8707,-0.054413,-0.80378,1.8693
-0.29667,-1.1076,1.8845,0.29668,-1.1079,1.8849,0.063654,-0.80635,1.9593,-0.063858,-0.80694,1.9579
-0.30124,-1.1251,1.905,0.30119,-1.1253,1.9054,0.070774,-0.81217,2.0606,-0.070945,-0.81289,2.0592
-0.30427,-1.1406,1.9166,0.30417,-1.1409,1.917,0.076173,-0.817,2.1688,-0.076329,-0.81784,2.1675
-0.30555,-1.1524,1.9189,0.30541,-1.1526,1.919,0.080749,-0.81784,2.2776,-0.080904,-0.81881,2.2764
-0.30591,-1.163,1.9165,0.30576,-1.1633,1.9166,0.08418,-0.81758,2.3798,-0.084401,-0.81844,2.3786
-0.30579,-1.1723,1.9116,0.30566,-1.1726,1.9118,0.086928,-0.81353,2.4688,-0.087208,-0.81415,2.4677
-0.30531,-1.1798,1.9051,0.30516,-1.1798,1.9053,0.087487,-0.79955,2.5364,-0.087832,-0.80012,2.5354
-0.30471,-1.1854,1.8982,0.30469,-1.1865,1.8991,0.087254,-0.77249,2.574,-0.087717,-0.77314,2.5732
-0.30381,-1.19,1.8895,0.30341,-1.19,1.8896,0.086282,-0.73159,2.5758,-0.087041,-0.73238,2.5751
-0.3023,-1.1926,1.8781,0.30176,-1.1925,1.878,0.083959,-0.67916,2.5445,-0.084903,-0.68009,2.5439
-0.30009,-1.1936,1.863,0.2995,-1.1933,1.8627,0.079878,-0.61894,2.4819,-0.080934,-0.61994,2.4816
-0.29699,-1.1925,1.8424,0.2967,-1.1931,1.8431,0.07481,-0.55681,2.3936,-0.07581,-0.5578,2.3934
-0.29346,-1.1922,1.8174,0.29318,-1.1921,1.8175,0.070147,-0.50213,2.2883,-0.071304,-0.50301,2.2882
-0.2897,-1.1934,1.7882,0.28944,-1.193,1.7879,0.067732,-0.46323,2.1751,-0.069027,-0.46394,2.1751
-0.28552,-1.195,1.7521,0.28555,-1.1955,1.753,0.067701,-0.4454,2.0625,-0.069008,-0.4459,2.0624
-0.28344,-1.1961,1.727,0.28365,-1.1967,1.7283,0.068646,-0.44349,1.957,-0.069872,-0.44379,1.957
-0.28352,-1.2011,1.7219,0.28379,-1.2016,1.7233,0.071367,-0.44672,1.8642,-0.072402,-0.44688,1.8642
-0.28423,-1.2194,1.7314,0.28425,-1.22,1.7327,0.075657,-0.45116,1.7889,-0.076475,-0.45125,1.7889
-0.28739,-1.2526,1.7573,0.28772,-1.2533,1.7584,0.08164,-0.46396,1.736,-0.081967,-0.46404,1.7361
-0.29514,-1.2947,1.8039,0.29584,-1.2954,1.805,0.0819,-0.49617,1.7358,-0.081894,-0.49623,1.7359
-0.3103,-1.3412,1.8711,0.31131,-1.3419,1.872,0.083388,-0.52468,1.7706,-0.083196,-0.52471,1.7706
-0.3306,-1.3943,1.9536,0.33184,-1.3949,1.9545,0.084663,-0.54932,1.7997,-0.084385,-0.54932,1.7997
-0.355,-1.4554,2.0437,0.35643,-1.456,2.0446,0.085685,-0.57032,1.8232,-0.085397,-0.5703,1.8231
-0.38156,-1.5217,2.1371,0.38315,-1.5223,2.1379,0.086615,-0.58891,1.8439,-0.086358,-0.58886,1.8438
-0.41358,-1.5872,2.2287,0.41528,-1.5878,2.2295,0.087202,-0.60422,1.8583,-0.087005,-0.60415,1.8582
-0.44917,-1.6477,2.3126,0.45097,-1.6482,2.3132,0.087432,-0.61626,1.8663,-0.087307,-0.61618,1.8661
-0.48716,-1.701,2.3797,0.48906,-1.7016,2.3802,0.087309,-0.62534,1.868,-0.087228,-0.62524,1.8678
-0.5245,-1.7457,2.4222,0.52663,-1.7462,2.4227,0.086208,-0.63286,1.8612,-0.085883,-0.6327,1.8603
-0.5571,-1.7801,2.4357,0.55948,-1.7805,2.4362,0.08561,-0.63693,1.851,-0.084898,-0.63676,1.8501
-0.57926,-1.8016,2.4266,0.58154,-1.802,2.427,0.084705,-0.63893,1.8378,-0.083949,-0.63877,1.8369
-0.58815,-1.8071,2.4031,0.59034,-1.8076,2.4034,0.083578,-0.63893,1.8215,-0.082964,-0.63878,1.8206
-0.58505,-1.798,2.3715,0.58737,-1.7985,2.3717,0.082474,-0.63773,1.8045,-0.081981,-0.63757,1.8037
-0.57459,-1.7731,2.3352,0.57721,-1.7735,2.3353,0.0812,-0.63387,1.7827,-0.080758,-0.6337,1.7819
-0.55315,-1.733,2.2943,0.55613,-1.7332,2.2943,0.079783,-0.62656,1.7557,-0.079284,-0.62638,1.7548
-0.51789,-1.6826,2.2454,0.52105,-1.6828,2.2455,0.079553,-0.622,1.7315,-0.079036,-0.62181,1.7306
-0.47073,-1.6253,2.192,0.47382,-1.6254,2.1921,0.08093,-0.62139,1.7281,-0.080475,-0.6212,1.7272
-0.42142,-1.5511,2.1522,0.42436,-1.5513,2.1523,0.084841,-0.61719,1.7461,-0.08444,-0.617,1.7452
-0.38349,-1.4712,2.1202,0.38629,-1.4714,2.1203,0.092026,-0.61025,1.7855,-0.091671,-0.61008,1.7846
-0.36342,-1.4036,2.0882,0.36613,-1.4038,2.0884,0.10208,-0.60405,1.8452,-0.10178,-0.60391,1.8442
-0.34801,-1.3258,2.0264,0.35056,-1.326,2.0265,0.11258,-0.60023,1.923,-0.11237,-0.60014,1.922
-0.32386,-1.2086,1.9151,0.3262,-1.2088,1.9152,0.12274,-0.59799,2.016,-0.12266,-0.59798,2.015
-0.31571,-1.1676,1.87,0.31792,-1.1678,1.8702,0.13469,-0.59811,2.1199,-0.13473,-0.5982,2.1189
-0.31919,-1.1867,1.8806,0.3213,-1.1869,1.8808,0.14451,-0.59668,2.2265,-0.14471,-0.5969,2.2254
-0.32148,-1.2034,1.8846,0.32349,-1.2036,1.8848,0.1516,-0.59232,2.3285,-0.15201,-0.59269,2.3274
-0.32273,-1.2174,1.8834,0.32462,-1.2176,1.8836,0.15577,-0.58712,2.4199,-0.1564,-0.58769,2.4188
-0.32349,-1.2295,1.88,0.32529,-1.2297,1.8803,0.15778,-0.57798,2.4932,-0.15863,-0.57876,2.4921
-0.32365,-1.2389,1.8743,0.32501,-1.2378,1.8734,0.15791,-0.56188,2.5399,-0.15887,-0.56289,2.5388
-0.32344,-1.2466,1.8676,0.32515,-1.247,1.8676,0.15699,-0.53989,2.5544,-0.15803,-0.54109,2.5534
-0.32285,-1.2535,1.8585,0.32465,-1.2541,1.8589,0.15366,-0.51489,2.5393,-0.15475,-0.51622,2.5383
-0.32171,-1.2586,1.8462,0.32317,-1.2581,1.8458,0.14675,-0.49088,2.4988,-0.14801,-0.4923,2.498
-0.31984,-1.2623,1.8297,0.32115,-1.2615,1.8289,0.13628,-0.47226,2.4374,-0.13759,-0.47367,2.4366
-0.31693,-1.2637,1.807,0.3186,-1.2639,1.8073,0.12338,-0.46288,2.361,-0.12442,-0.46417,2.3603
-0.3137,-1.2656,1.7797,0.31525,-1.265,1.7793,0.10992,-0.46462,2.2759,-0.11084,-0.4657,2.2752
-0.31042,-1.2685,1.7485,0.31183,-1.2676,1.7477,0.098946,-0.47478,2.1867,-0.099633,-0.47561,2.186
-0.30671,-1.2712,1.7108,0.30857,-1.2713,1.711,0.092272,-0.49403,2.0979,-0.092315,-0.49457,2.0972
-0.3049,-1.2738,1.6847,0.30668,-1.2734,1.6845,0.090808,-0.51743,2.0137,-0.090501,-0.51771,2.0131
-0.30497,-1.278,1.6795,0.30692,-1.2775,1.6792,0.091086,-0.53983,1.9392,-0.090699,-0.53994,1.9387
-0.3057,-1.2926,1.6907,0.30729,-1.2921,1.6907,0.091651,-0.55812,1.8797,-0.090959,-0.55819,1.8793
-0.30895,-1.3188,1.7212,0.31037,-1.3184,1.7212,0.093655,-0.57946,1.8399,-0.092881,-0.57954,1.8395
-0.31718,-1.3506,1.7754,0.31857,-1.3504,1.7754,0.095397,-0.61359,1.866,-0.094731,-0.61369,1.8656
-0.33274,-1.3849,1.8529,0.33415,-1.3848,1.853,0.097285,-0.64405,1.9005,-0.096707,-0.64418,1.9002
-0.35255,-1.4233,1.948,0.35394,-1.4233,1.9481,0.098928,-0.67046,1.929,-0.098415,-0.67061,1.9287
-0.37631,-1.4677,2.052,0.3776,-1.4677,2.0521,0.10025,-0.69331,1.9513,-0.099785,-0.69347,1.951
-0.40265,-1.5147,2.1599,0.40382,-1.5148,2.1601,0.10145,-0.71407,1.9707,-0.10101,-0.71424,1.9705
-0.43467,-1.5585,2.2665,0.43574,-1.5586,2.2667,0.10219,-0.73187,1.9834,-0.10174,-0.73204,1.9832
-0.47072,-1.5944,2.3652,0.47176,-1.5946,2.3654,0.10151,-0.74797,1.9867,-0.10107,-0.74819,1.9869
-0.51003,-1.6215,2.4464,0.51065,-1.6218,2.4466,0.10091,-0.76036,1.9844,-0.10078,-0.76057,1.9846
-0.54933,-1.6398,2.5017,0.54987,-1.6402,2.5018,0.099977,-0.77075,1.9765,-0.099944,-0.77094,1.9766
-0.58389,-1.6499,2.5261,0.58457,-1.6504,2.5264,0.098899,-0.77918,1.9635,-0.098533,-0.7793,1.9635
-0.60693,-1.6516,2.5236,0.60748,-1.6521,2.524,0.097595,-0.78577,1.9471,-0.096968,-0.78583,1.947
-0.61477,-1.6473,2.5041,0.61523,-1.6479,2.5045,0.096064,-0.79066,1.9274,-0.095282,-0.79066,1.9272
-0.60828,-1.6356,2.473,0.60866,-1.6363,2.4733,0.094184,-0.79405,1.9046,-0.092861,-0.79476,1.9029
-0.59057,-1.6122,2.4338,0.5913,-1.6129,2.4338,0.091478,-0.7949,1.8745,-0.090832,-0.7943,1.8748
-0.56047,-1.5761,2.3874,0.56155,-1.5767,2.3873,0.089319,-0.79107,1.84,-0.088572,-0.7907,1.841
-0.51753,-1.5331,2.3298,0.51887,-1.5336,2.3296,0.0891,-0.79004,1.8091,-0.088281,-0.78992,1.8106
-0.46449,-1.4852,2.2647,0.46594,-1.4857,2.2646,0.090859,-0.79028,1.8002,-0.08991,-0.79035,1.802
-0.41122,-1.4153,2.2137,0.41283,-1.4157,2.2136,0.094506,-0.78833,1.8146,-0.093474,-0.78851,1.8165
-0.37208,-1.3338,2.1719,0.37393,-1.3341,2.1718,0.10126,-0.7834,1.8517,-0.10015,-0.78361,1.8538
-0.3528,-1.2631,2.131,0.35494,-1.2634,2.1308,0.11098,-0.77735,1.9103,-0.10981,-0.77751,1.9124
-0.34044,-1.191,2.0626,0.34265,-1.1912,2.0624,0.12134,-0.77171,1.987,-0.1202,-0.77178,1.989
-0.3212,-1.0919,1.9489,0.32325,-1.0921,1.9487,0.13143,-0.76579,2.0782,-0.13034,-0.76573,2.0802
-0.31201,-1.0484,1.8887,0.314,-1.0485,1.8884,0.14328,-0.76034,2.1795,-0.14222,-0.7601,2.1813
-0.31525,-1.0728,1.8999,0.31725,-1.0729,1.8996,0.15377,-0.75255,2.2827,-0.15278,-0.75213,2.2844
-0.31748,-1.0954,1.9052,0.31946,-1.0955,1.9049,0.16192,-0.73781,2.3803,-0.16104,-0.73718,2.3817
-0.31884,-1.1157,1.9057,0.32076,-1.1158,1.9054,0.16743,-0.71769,2.4652,-0.16661,-0.71687,2.4664
-0.31957,-1.133,1.903,0.3213,-1.1329,1.9024,0.17076,-0.68931,2.53,-0.16996,-0.68832,2.531
-0.31976,-1.1483,1.8978,0.32151,-1.1482,1.8973,0.17123,-0.65008,2.5666,-0.17036,-0.64895,2.5674
-0.31983,-1.1623,1.8924,0.32167,-1.1621,1.8916,0.17078,-0.60126,2.5695,-0.16961,-0.60005,2.5702
-0.31954,-1.1753,1.8842,0.32139,-1.1752,1.8836,0.1683,-0.54633,2.5417,-0.16693,-0.54512,2.5423
-0.31879,-1.1869,1.8729,0.32029,-1.1857,1.8713,0.1623,-0.49014,2.4859,-0.16078,-0.48901,2.4864
-0.31698,-1.196,1.8558,0.31866,-1.1958,1.8551,0.15257,-0.43881,2.4078,-0.15064,-0.43782,2.4083
-0.31483,-1.2056,1.8345,0.31616,-1.2047,1.8331,0.1394,-0.39854,2.3151,-0.13724,-0.39776,2.3156
-0.31179,-1.2141,1.806,0.31318,-1.2139,1.8055,0.12479,-0.37539,2.2163,-0.12216,-0.37484,2.2168
-0.30866,-1.224,1.773,0.31008,-1.2238,1.7723,0.1115,-0.37108,2.1176,-0.10836,-0.37074,2.1182
-0.30538,-1.2353,1.7347,0.30693,-1.2351,1.7341,0.10156,-0.38056,2.0234,-0.098155,-0.38041,2.0241
-0.30415,-1.2443,1.7078,0.3052,-1.2438,1.7057,0.096155,-0.39677,1.9371,-0.093089,-0.39681,1.9378
-0.30434,-1.2537,1.7025,0.30542,-1.2527,1.6998,0.095413,-0.41569,1.8629,-0.092406,-0.41588,1.8635
-0.30522,-1.2727,1.7144,0.30637,-1.2712,1.7115,0.095754,-0.4353,1.8053,-0.092756,-0.43557,1.8058
-0.30958,-1.3027,1.7455,0.3103,-1.301,1.7427,0.097452,-0.46326,1.7691,-0.094696,-0.46355,1.7696
-0.31946,-1.3375,1.8001,0.31972,-1.3355,1.7974,0.099873,-0.5064,1.8137,-0.097421,-0.5067,1.8142
-0.33693,-1.374,1.878,0.33663,-1.3721,1.8753,0.10105,-0.54709,1.8559,-0.09912,-0.5474,1.8564
-0.35811,-1.4146,1.9728,0.35739,-1.4129,1.9702,0.1027,-0.58315,1.8939,-0.10153,-0.58346,1.8946
-0.38303,-1.4624,2.075,0.38213,-1.4608,2.0725,0.1043,-0.61622,1.9266,-0.10361,-0.61652,1.9275
-0.4101,-1.513,2.1808,0.40894,-1.5115,2.1786,0.10506,-0.64829,1.9539,-0.10466,-0.6486,1.9548
-0.44267,-1.5595,2.2858,0.44159,-1.5581,2.2839,0.10655,-0.67645,1.9757,-0.10561,-0.67677,1.9765
-0.47952,-1.5968,2.384,0.4781,-1.5956,2.3823,0.10748,-0.70173,1.9909,-0.10618,-0.70208,1.9917
-0.51971,-1.6241,2.4653,0.51779,-1.6232,2.4638,0.10781,-0.72432,1.9994,-0.10632,-0.72471,2.0002
-0.56019,-1.6418,2.5207,0.55761,-1.6413,2.5192,0.10636,-0.74536,1.998,-0.10528,-0.74575,1.9987
-0.59597,-1.6524,2.5441,0.59337,-1.6523,2.5424,0.10538,-0.76281,1.993,-0.10459,-0.76317,1.9938
-0.61982,-1.6561,2.5396,0.61762,-1.6562,2.5377,0.10429,-0.77799,1.9844,-0.10355,-0.77832,1.9852
-0.62783,-1.6548,2.5164,0.62601,-1.6551,2.5144,0.10299,-0.79048,1.972,-0.10209,-0.79114,1.9724
-0.62094,-1.6486,2.4809,0.61924,-1.6489,2.479,0.10135,-0.80128,1.9562,-0.10068,-0.80164,1.9569
-0.60213,-1.632,2.4377,0.60013,-1.6324,2.4358,0.098468,-0.80893,1.9325,-0.098293,-0.80921,1.9331
-0.56988,-1.6027,2.3887,0.56765,-1.6031,2.3869,0.095954,-0.8108,1.9038,-0.096418,-0.8111,1.9047
-0.52847,-1.5632,2.3308,0.52618,-1.5635,2.3291,0.093201,-0.80768,1.8676,-0.094086,-0.80802,1.8687
-0.48026,-1.5184,2.263,0.47794,-1.5187,2.2615,0.092824,-0.80743,1.8351,-0.093617,-0.80785,1.8364
-0.42981,-1.4729,2.1894,0.42701,-1.4732,2.188,0.095067,-0.80787,1.8263,-0.095883,-0.80836,1.8277
-0.38504,-1.4141,2.1305,0.38158,-1.4145,2.1292,0.099406,-0.80413,1.8427,-0.10051,-0.80462,1.8442
-0.3542,-1.3337,2.1017,0.35024,-1.3343,2.1006,0.10587,-0.79425,1.8838,-0.1073,-0.79469,1.8853
-0.33815,-1.2519,2.0526,0.33405,-1.2526,2.0515,0.11525,-0.78074,1.947,-0.11691,-0.78108,1.9485
-0.32215,-1.1629,1.958,0.31823,-1.1636,1.9567,0.12595,-0.76437,2.0285,-0.12779,-0.76457,2.0299
-0.30822,-1.0913,1.8642,0.30446,-1.0918,1.8627,0.13806,-0.74537,2.1235,-0.14005,-0.74538,2.125
-0.31145,-1.1151,1.8744,0.30766,-1.1156,1.8728,0.1506,-0.72181,2.2251,-0.15261,-0.72161,2.2265
-0.31382,-1.1378,1.8792,0.3101,-1.1383,1.8776,0.16066,-0.68432,2.3237,-0.16262,-0.68388,2.3251
-0.31473,-1.1569,1.877,0.31195,-1.1594,1.8777,0.16852,-0.636,2.4101,-0.17015,-0.63524,2.4113
-0.31532,-1.175,1.8723,0.31261,-1.1767,1.8724,0.17489,-0.57563,2.4748,-0.17639,-0.57454,2.4759
-0.31567,-1.1923,1.8653,0.31301,-1.1935,1.8653,0.17869,-0.50261,2.5083,-0.1803,-0.5012,2.5092
-0.31569,-1.2086,1.8565,0.31337,-1.2095,1.8562,0.17981,-0.42083,2.5046,-0.1813,-0.41914,2.5051
-0.31523,-1.2235,1.8431,0.31312,-1.225,1.8432,0.17798,-0.33722,2.4654,-0.17956,-0.33537,2.4656
-0.31424,-1.2378,1.8248,0.31196,-1.2386,1.8243,0.17249,-0.2594,2.3937,-0.1744,-0.25753,2.3936
-0.31207,-1.25,1.799,0.31042,-1.2517,1.7994,0.16271,-0.19583,2.2986,-0.16438,-0.19404,2.2982
-0.3093,-1.2612,1.7659,0.30788,-1.2624,1.7658,0.14844,-0.15325,2.1909,-0.15011,-0.15165,2.1904
-0.30611,-1.2719,1.725,0.30473,-1.2722,1.7238,0.13147,-0.13629,2.0814,-0.13332,-0.13492,2.0808
-0.30266,-1.2809,1.6752,0.30153,-1.2818,1.6747,0.11501,-0.1412,1.976,-0.11692,-0.14004,1.9754
-0.30052,-1.2888,1.6328,0.29969,-1.2892,1.6328,0.10162,-0.15893,1.8779,-0.10349,-0.15793,1.8773
-0.30066,-1.2963,1.6147,0.2998,-1.2964,1.6146,0.09433,-0.18753,1.7916,-0.096037,-0.18661,1.791
-0.3013,-1.3115,1.6191,0.30005,-1.3118,1.6184,0.093199,-0.22208,1.7206,-0.094653,-0.22117,1.7201
-0.30319,-1.3349,1.6448,0.3018,-1.3354,1.6437,0.093492,-0.2557,1.6678,-0.09493,-0.25474,1.6673
-0.30831,-1.3644,1.6966,0.30712,-1.365,1.6953,0.09498,-0.2907,1.6372,-0.09607,-0.28971,1.6368
-0.31956,-1.3944,1.7771,0.31861,-1.3951,1.7756,0.095589,-0.34364,1.6718,-0.096608,-0.34262,1.6714
-0.33917,-1.4218,1.8834,0.33854,-1.4225,1.8819,0.097661,-0.39587,1.7298,-0.098672,-0.39482,1.7293
-0.36281,-1.4481,2.0072,0.36254,-1.4488,2.0058,0.099807,-0.44557,1.7834,-0.10081,-0.44449,1.7829
-0.39042,-1.4738,2.1375,0.39066,-1.4747,2.1361,0.10082,-0.49494,1.8266,-0.10182,-0.49356,1.8258
-0.41569,-1.4959,2.2683,0.42485,-1.4957,2.2668,0.10598,-0.54655,1.8727,-0.098084,-0.542,1.8666
-0.45365,-1.5046,2.3939,0.46154,-1.5048,2.3928,0.10946,-0.59336,1.9105,-0.097797,-0.58814,1.9023
-0.49861,-1.4958,2.509,0.50381,-1.4968,2.5078,0.11084,-0.6398,1.9394,-0.098133,-0.63261,1.9324
-0.54851,-1.4702,2.6042,0.55275,-1.4723,2.6013,0.11164,-0.68302,1.9613,-0.097853,-0.67633,1.9506
-0.59798,-1.4282,2.6706,0.60631,-1.4311,2.6639,0.11189,-0.72391,1.9762,-0.098131,-0.71613,1.9639
-0.64223,-1.3749,2.7033,0.6586,-1.3781,2.691,0.11054,-0.76285,1.979,-0.097015,-0.75392,1.9659
-0.67498,-1.3138,2.7055,0.69961,-1.3165,2.6885,0.10919,-0.79729,1.9786,-0.097002,-0.7871,1.9643
-0.69175,-1.2486,2.6869,0.72262,-1.2501,2.6671,0.10616,-0.82866,1.968,-0.096065,-0.81761,1.9536
-0.69032,-1.1822,2.6522,0.7234,-1.1823,2.6319,0.10361,-0.85556,1.956,-0.096119,-0.84382,1.9412
-0.67411,-1.1169,2.6049,0.70693,-1.1156,2.5856,0.09988,-0.87734,1.9312,-0.094357,-0.86559,1.917
-0.64063,-1.055,2.5475,0.67291,-1.0532,2.5298,0.097136,-0.89097,1.8993,-0.092466,-0.87904,1.8847
-0.59175,-1.0081,2.4802,0.62636,-1.0069,2.4631,0.094338,-0.89697,1.8522,-0.087426,-0.88526,1.8376
-0.5309,-0.98834,2.4033,0.5692,-0.98932,2.3858,0.094644,-0.90195,1.8095,-0.086587,-0.89007,1.7938
-0.46099,-0.99818,2.3192,0.50459,-1.0013,2.3006,0.098202,-0.90839,1.7921,-0.089381,-0.89612,1.7758
-0.38754,-1.0037,2.2378,0.43813,-1.0075,2.2187,0.10358,-0.90764,1.8033,-0.092543,-0.8954,1.7866
-0.3257,-0.97189,2.1732,0.38406,-0.97368,2.1553,0.10994,-0.90143,1.8408,-0.096123,-0.88944,1.8241
-0.28985,-0.93005,2.0967,0.35151,-0.9287,2.0812,0.11861,-0.89252,1.9029,-0.10338,-0.88105,1.886
-0.26751,-0.88468,1.9896,0.32764,-0.88023,1.977,0.12855,-0.88123,1.9851,-0.11246,-0.87059,1.968
-0.25182,-0.84008,1.8802,0.30937,-0.83333,1.87,0.13928,-0.86693,2.0826,-0.1223,-0.85726,2.0651
-0.25513,-0.87829,1.8982,0.31204,-0.87153,1.8881,0.15052,-0.84624,2.1891,-0.13355,-0.83765,2.1711
-0.25848,-0.91608,1.9117,0.31357,-0.90867,1.9011,0.15858,-0.80728,2.2956,-0.14264,-0.80017,2.2769
-0.26138,-0.95149,1.9194,0.31368,-0.94272,1.9066,0.16433,-0.75194,2.3907,-0.14951,-0.74693,2.3716
-0.26321,-0.98408,1.921,0.31369,-0.97556,1.909,0.16931,-0.67842,2.4636,-0.15479,-0.67598,2.4447
-0.2643,-1.0151,1.9197,0.31379,-1.007,1.9086,0.17266,-0.58515,2.5026,-0.15737,-0.58555,2.485
-0.26555,-1.0455,1.9173,0.31362,-1.0369,1.9059,0.17347,-0.47548,2.4984,-0.15752,-0.47879,2.4832
-0.26589,-1.0746,1.9103,0.31344,-1.066,1.8992,0.17252,-0.35684,2.4502,-0.1554,-0.36273,2.4383
-0.26559,-1.1027,1.8982,0.31272,-1.0939,1.8871,0.16913,-0.23893,2.3604,-0.15006,-0.24683,2.3524
-0.26502,-1.1299,1.8795,0.31088,-1.1212,1.8687,0.16184,-0.13411,2.24,-0.14072,-0.14312,2.2358
-0.2642,-1.1563,1.8534,0.30794,-1.1478,1.8431,0.15072,-0.053313,2.1039,-0.12709,-0.062334,2.1027
-0.26307,-1.1818,1.8189,0.30406,-1.1737,1.8093,0.13756,-0.0041784,1.9673,-0.11065,-0.012316,1.9684
-0.26155,-1.2069,1.7775,0.30026,-1.1989,1.7683,0.12555,0.01561,1.8392,-0.093795,0.0088521,1.8418
-0.25886,-1.2304,1.7284,0.29762,-1.2229,1.7197,0.11738,0.014825,1.7236,-0.078522,0.0090967,1.7275
-0.25767,-1.2508,1.6899,0.29649,-1.2428,1.6811,0.11329,0.0078668,1.6215,-0.069405,0.0027168,1.6267
-0.25801,-1.269,1.677,0.29645,-1.2613,1.6682,0.11232,-0.0015319,1.5355,-0.06724,-0.0068762,1.5417
-0.25988,-1.2937,1.6883,0.29704,-1.2862,1.6795,0.11225,-0.015212,1.4698,-0.068342,-0.021527,1.4765
-0.26661,-1.3269,1.7245,0.29965,-1.3196,1.716,0.11263,-0.042637,1.4305,-0.073128,-0.050279,1.4372
-0.27932,-1.3635,1.7902,0.30944,-1.3561,1.782,0.10816,-0.10604,1.4443,-0.074054,-0.11267,1.4681
-0.30307,-1.3985,1.885,0.32761,-1.3911,1.8771,0.1081,-0.16899,1.52,-0.076551,-0.17672,1.5404
-0.33177,-1.4347,2.0014,0.35013,-1.4275,1.9939,0.10847,-0.22985,1.5915,-0.078882,-0.23879,1.6076
-0.36523,-1.4737,2.1277,0.37591,-1.4671,2.1208,0.10884,-0.2892,1.659,-0.081862,-0.29773,1.6682
-0.39981,-1.5107,2.258,0.40436,-1.5047,2.2518,0.10891,-0.3484,1.7121,-0.083033,-0.35669,1.7228
-0.44266,-1.5362,2.3866,0.44049,-1.5309,2.3813,0.10925,-0.40558,1.7592,-0.084459,-0.41289,1.7718
-0.49157,-1.5416,2.5071,0.48318,-1.537,2.503,0.11054,-0.45939,1.7981,-0.084024,-0.46839,1.8091
-0.54741,-1.5296,2.6066,0.53275,-1.5256,2.6035,0.11072,-0.51253,1.8267,-0.083979,-0.52065,1.8408
-0.60716,-1.5021,2.6739,0.58545,-1.4994,2.6717,0.11067,-0.56158,1.8478,-0.08314,-0.5713,1.8592
-0.66299,-1.4625,2.7044,0.63627,-1.4613,2.7025,0.10946,-0.60815,1.8574,-0.081898,-0.61823,1.8697
-0.70544,-1.4128,2.7041,0.6759,-1.4134,2.7015,0.10893,-0.64918,1.8617,-0.080943,-0.65924,1.8731
-0.72763,-1.3554,2.6837,0.69792,-1.3575,2.6796,0.10752,-0.68588,1.8552,-0.079197,-0.6955,1.8686
-0.72684,-1.2922,2.6481,0.69684,-1.2957,2.6422,0.10633,-0.71709,1.8457,-0.077044,-0.72738,1.8553
-0.70677,-1.2247,2.6005,0.67771,-1.2291,2.5927,0.10387,-0.74156,1.8219,-0.075172,-0.7508,1.8346
-0.66683,-1.1558,2.5425,0.63924,-1.1603,2.5328,0.10105,-0.75729,1.7871,-0.071708,-0.76585,1.7985
-0.61085,-1.0999,2.4716,0.58464,-1.1043,2.4602,0.10148,-0.76676,1.7536,-0.071299,-0.77704,1.7644
-0.54346,-1.0658,2.3908,0.51846,-1.07,2.3774,0.10362,-0.77673,1.7413,-0.073118,-0.78714,1.7522
-0.47131,-1.0281,2.3113,0.44847,-1.0316,2.2967,0.10767,-0.77938,1.7524,-0.076149,-0.78902,1.7638
-0.41071,-0.98756,2.2384,0.39111,-0.98995,2.2233,0.11436,-0.77792,1.7859,-0.081561,-0.78691,1.7979
-0.3709,-0.95444,2.1623,0.35418,-0.9558,2.147,0.12309,-0.77463,1.8417,-0.089484,-0.78296,1.8542
-0.34395,-0.92441,2.0738,0.32899,-0.92466,2.0583,0.13222,-0.76784,1.9175,-0.098197,-0.77563,1.9302
-0.31942,-0.87691,1.9553,0.30581,-0.87573,1.9395,0.14111,-0.75647,2.0091,-0.10663,-0.76369,2.0217
-0.30899,-0.86811,1.8983,0.30137,-0.87587,1.8984,0.1527,-0.74248,2.1108,-0.11593,-0.74889,2.123
-0.31144,-0.90959,1.9136,0.30483,-0.91732,1.9134,0.16237,-0.72116,2.2141,-0.12523,-0.72689,2.2259
-0.31327,-0.95035,1.9242,0.30781,-0.95801,1.9237,0.17061,-0.6872,2.3105,-0.13223,-0.69211,2.322
-0.31491,-0.98979,1.9313,0.30987,-0.99517,1.9285,0.17724,-0.63948,2.3914,-0.13683,-0.64344,2.4029
-0.31596,-1.0242,1.9323,0.31053,-1.0282,1.9262,0.18236,-0.57603,2.4474,-0.13976,-0.57896,2.4591
-0.31635,-1.0559,1.929,0.31085,-1.0593,1.9223,0.18476,-0.49728,2.4693,-0.14005,-0.499,2.4814
-0.31702,-1.0861,1.9236,0.31086,-1.0895,1.9168,0.18496,-0.40796,2.4537,-0.13967,-0.40831,2.4658
-0.31711,-1.1152,1.9143,0.3106,-1.1183,1.9074,0.18376,-0.31497,2.4023,-0.13756,-0.31399,2.4142
-0.31676,-1.1426,1.8999,0.30969,-1.1454,1.8928,0.17925,-0.22605,2.3187,-0.13255,-0.224,2.3303
-0.31577,-1.1685,1.8791,0.30786,-1.1712,1.8723,0.17055,-0.15055,2.2131,-0.12431,-0.14794,2.2244
-0.31441,-1.1932,1.8514,0.30504,-1.1958,1.8447,0.15773,-0.095812,2.0971,-0.11355,-0.093454,2.108
-0.31266,-1.2163,1.8154,0.30125,-1.219,1.8091,0.14241,-0.066086,1.9813,-0.10227,-0.06492,1.992
-0.311,-1.2389,1.773,0.29739,-1.2416,1.7669,0.12726,-0.058514,1.8721,-0.092955,-0.059304,1.8824
-0.30865,-1.2605,1.7233,0.29421,-1.2632,1.7175,0.11444,-0.064543,1.7724,-0.086715,-0.06735,1.782
-0.3077,-1.2786,1.6849,0.29282,-1.2809,1.6788,0.10582,-0.076251,1.6842,-0.085474,-0.081087,1.6929
-0.30786,-1.2946,1.6723,0.29302,-1.297,1.666,0.10173,-0.091867,1.6109,-0.085651,-0.098266,1.6187
-0.309,-1.3175,1.684,0.29423,-1.3196,1.6774,0.10149,-0.11269,1.5565,-0.08648,-0.11969,1.5636
-0.31456,-1.3485,1.7211,0.29895,-1.3506,1.7143,0.10286,-0.14737,1.5266,-0.090083,-0.15425,1.533
-0.32687,-1.3818,1.7882,0.31071,-1.384,1.7813,0.10394,-0.20911,1.5708,-0.090925,-0.21592,1.5766
-0.34857,-1.4135,1.8849,0.3314,-1.4159,1.878,0.10624,-0.27036,1.6417,-0.092695,-0.27727,1.6473
-0.37383,-1.4457,2.0031,0.35562,-1.4485,1.9964,0.10849,-0.32931,1.7083,-0.094861,-0.33633,1.7136
-0.40294,-1.4807,2.1309,0.38379,-1.484,2.1243,0.10945,-0.38803,1.7621,-0.096026,-0.39513,1.7672
-0.43427,-1.5129,2.2618,0.41399,-1.5169,2.2555,0.11021,-0.44543,1.812,-0.09738,-0.45259,1.8168
-0.47326,-1.5333,2.3903,0.45192,-1.538,2.3843,0.1112,-0.50016,1.8562,-0.099471,-0.5074,1.8612
-0.51815,-1.534,2.5096,0.49599,-1.5395,2.5042,0.11082,-0.55428,1.8897,-0.10036,-0.56152,1.8945
-0.56898,-1.5177,2.6071,0.5468,-1.5241,2.6023,0.11091,-0.60501,1.9167,-0.1016,-0.61224,1.9216
-0.62181,-1.4861,2.6719,0.60087,-1.4933,2.6675,0.10988,-0.65416,1.9312,-0.10085,-0.66131,1.9359
-0.67055,-1.4433,2.6991,0.6516,-1.4513,2.695,0.10956,-0.69821,1.9397,-0.10033,-0.70522,1.944
-0.70612,-1.3924,2.6953,0.68926,-1.4013,2.6909,0.10781,-0.73883,1.9371,-0.098644,-0.74564,1.941
-0.7221,-1.3362,2.671,0.70732,-1.346,2.666,0.10639,-0.77325,1.9298,-0.097425,-0.78023,1.9328
-0.7163,-1.2776,2.6313,0.70262,-1.2884,2.6253,0.10325,-0.80448,1.9125,-0.095412,-0.81087,1.9157
-0.69133,-1.2181,2.5795,0.67848,-1.2299,2.5724,0.10043,-0.82633,1.8872,-0.094073,-0.83251,1.8905
-0.64553,-1.16,2.5173,0.63417,-1.1723,2.509,0.096529,-0.84037,1.8484,-0.090765,-0.84628,1.8517
-0.58356,-1.1172,2.4417,0.57352,-1.1298,2.4323,0.096065,-0.85001,1.8106,-0.09043,-0.85569,1.8137
-0.51108,-1.0954,2.3554,0.50191,-1.1081,2.3451,0.098218,-0.85896,1.796,-0.092609,-0.86453,1.7989
-0.43644,-1.0613,2.2733,0.42778,-1.0736,2.2632,0.10167,-0.85978,1.8065,-0.096138,-0.86528,1.8093
-0.37825,-1.016,2.2003,0.37062,-1.0277,2.1913,0.10765,-0.85622,1.8405,-0.10214,-0.86165,1.8433
-0.34359,-0.97762,2.126,0.33725,-0.98866,2.1175,0.11607,-0.84932,1.8973,-0.11075,-0.8547,1.9001
-0.32136,-0.94556,2.0416,0.31592,-0.95545,2.0331,0.12517,-0.83748,1.9739,-0.12009,-0.84286,1.9767
-0.30142,-0.89885,1.9305,0.29657,-0.90685,1.9218,0.13403,-0.81969,2.0654,-0.12906,-0.82509,2.0684
-0.29129,-0.88021,1.863,0.29058,-0.89657,1.8694,0.14535,-0.79762,2.166,-0.13895,-0.80285,2.1691
-0.29426,-0.91946,1.8792,0.29385,-0.93582,1.8848,0.15517,-0.76833,2.267,-0.14954,-0.77358,2.2705
-0.2966,-0.95817,1.8909,0.2968,-0.97446,1.8958,0.16359,-0.72602,2.36,-0.15782,-0.73133,2.3638
-0.29897,-0.99576,1.8994,0.29801,-1.0076,1.8975,0.16995,-0.66933,2.4364,-0.16404,-0.67471,2.4406
-0.3002,-1.0288,1.9017,0.2992,-1.0395,1.8967,0.17516,-0.59679,2.4866,-0.16817,-0.60206,2.4913
-0.30084,-1.06,1.9001,0.30028,-1.0699,1.894,0.17755,-0.50907,2.5015,-0.16916,-0.514,2.5067
-0.3014,-1.0893,1.896,0.30118,-1.0989,1.8893,0.17741,-0.4115,2.4791,-0.16847,-0.41576,2.4846
-0.30165,-1.1179,1.888,0.30157,-1.1269,1.8805,0.1752,-0.31153,2.4205,-0.16595,-0.31493,2.426
-0.30142,-1.145,1.8744,0.3013,-1.1534,1.8665,0.16962,-0.21765,2.3304,-0.16015,-0.22009,2.3358
-0.30058,-1.171,1.8546,0.30026,-1.1786,1.8459,0.16006,-0.13978,2.2201,-0.15037,-0.14131,2.2251
-0.29905,-1.1957,1.8274,0.29856,-1.2027,1.8181,0.14697,-0.085411,2.1014,-0.13703,-0.086233,2.1061
-0.29695,-1.2191,1.7921,0.2963,-1.2256,1.7824,0.1321,-0.058246,1.9848,-0.12202,-0.058734,1.9895
-0.29489,-1.2418,1.75,0.29378,-1.2477,1.7399,0.11797,-0.054172,1.8759,-0.10824,-0.054795,1.8806
-0.2929,-1.2635,1.7012,0.29133,-1.2685,1.6902,0.10657,-0.063206,1.7769,-0.097317,-0.064363,1.7816
-0.29218,-1.2825,1.6618,0.29087,-1.2867,1.6526,0.10032,-0.079479,1.6901,-0.09164,-0.081341,1.6949
-0.29238,-1.2998,1.648,0.29126,-1.3041,1.6389,0.098833,-0.1004,1.6188,-0.09113,-0.10299,1.6237
-0.29417,-1.3249,1.6573,0.29276,-1.33,1.648,0.099072,-0.12504,1.5667,-0.091578,-0.12819,1.5717
-0.30003,-1.3609,1.6894,0.29786,-1.3668,1.6796,0.10056,-0.15955,1.5386,-0.094135,-0.16305,1.5436
-0.31265,-1.403,1.7481,0.30992,-1.4095,1.7379,0.10116,-0.22014,1.5836,-0.095368,-0.22376,1.5885
-0.33409,-1.4466,1.8345,0.33086,-1.4534,1.8243,0.10317,-0.28092,1.6549,-0.09771,-0.28462,1.6599
-0.35847,-1.4938,1.9421,0.35502,-1.5008,1.9321,0.10461,-0.34004,1.716,-0.098984,-0.34386,1.7213
-0.38636,-1.5463,2.06,0.38222,-1.5536,2.0504,0.10676,-0.39556,1.7727,-0.1008,-0.3995,1.7776
-0.41626,-1.5996,2.1824,0.41111,-1.6074,2.1734,0.10765,-0.45069,1.8204,-0.1017,-0.45475,1.8251
-0.45323,-1.6453,2.3038,0.4469,-1.6538,2.2953,0.10888,-0.50239,1.8632,-0.10365,-0.50658,1.8682
-0.49497,-1.6764,2.4178,0.48805,-1.6857,2.41,0.10906,-0.55307,1.8964,-0.10427,-0.55728,1.9013
-0.54051,-1.6912,2.5123,0.53392,-1.701,2.5054,0.11001,-0.60004,1.9221,-0.10465,-0.60437,1.9271
-0.58753,-1.6905,2.5771,0.58077,-1.701,2.571,0.10944,-0.6454,1.9374,-0.10387,-0.64981,1.942
-0.63129,-1.681,2.6075,0.62431,-1.692,2.6021,0.10894,-0.68619,1.9455,-0.10356,-0.69071,1.9503
-0.66332,-1.6631,2.6093,0.6563,-1.6743,2.6042,0.10722,-0.72438,1.9447,-0.10213,-0.72891,1.9493
-0.67792,-1.636,2.5938,0.67125,-1.6471,2.5888,0.10596,-0.75727,1.9392,-0.10114,-0.76184,1.9439
-0.67346,-1.5992,2.5669,0.66693,-1.6095,2.5625,0.10397,-0.78761,1.9267,-0.098785,-0.79215,1.931
-0.65461,-1.5514,2.5312,0.64844,-1.5607,2.5278,0.10252,-0.81081,1.9072,-0.096605,-0.81538,1.9114
-0.61968,-1.4942,2.4873,0.61432,-1.5022,2.4845,0.099688,-0.82726,1.8741,-0.092875,-0.83167,1.8779
-0.5705,-1.4362,2.4304,0.56623,-1.4429,2.428,0.099409,-0.84033,1.844,-0.092301,-0.84466,1.8478
-0.51132,-1.3831,2.3635,0.50884,-1.3885,2.3609,0.10089,-0.85135,1.8368,-0.093399,-0.85567,1.8404
-0.45199,-1.3206,2.3043,0.4516,-1.3247,2.3017,0.10346,-0.85322,1.8542,-0.095227,-0.85761,1.8579
-0.4078,-1.2575,2.2531,0.40932,-1.2605,2.2506,0.10738,-0.85,1.8966,-0.098341,-0.8545,1.9004
-0.38062,-1.201,2.1875,0.38314,-1.2031,2.1853,0.11151,-0.84313,1.9632,-0.10182,-0.84775,1.9671
-0.35796,-1.1406,2.0928,0.36072,-1.1418,2.0909,0.11401,-0.82941,2.0511,-0.10369,-0.83413,2.0552
-0.33297,-1.0652,1.9671,0.33557,-1.0657,1.9654,0.11447,-0.80714,2.1549,-0.10397,-0.81187,2.159
-0.33611,-1.1021,1.974,0.33895,-1.1023,1.9718,0.11451,-0.77835,2.2655,-0.10373,-0.78306,2.2696
-0.33774,-1.1364,1.9722,0.34069,-1.1367,1.9704,0.11223,-0.73443,2.3724,-0.10162,-0.73908,2.3764
-0.33746,-1.165,1.9607,0.3404,-1.1653,1.9588,0.10721,-0.6724,2.4647,-0.096236,-0.677,2.4686
-0.33577,-1.1886,1.9424,0.33876,-1.1886,1.9402,0.098132,-0.59233,2.5314,-0.086297,-0.59687,2.5354
-0.33329,-1.2079,1.9193,0.33629,-1.2079,1.9171,0.084973,-0.49447,2.5606,-0.071999,-0.49887,2.5646
-0.33017,-1.2233,1.8921,0.33286,-1.2227,1.8889,0.066045,-0.38233,2.5445,-0.052039,-0.38648,2.5486
-0.32652,-1.2355,1.8608,0.32923,-1.2352,1.8581,0.041199,-0.26409,2.4836,-0.026221,-0.26784,2.4876
-0.32194,-1.2436,1.8223,0.32438,-1.2433,1.8197,0.007095,-0.15078,2.3832,0.0085014,-0.15401,2.3871
-0.31621,-1.2469,1.7749,0.31837,-1.2466,1.7723,-0.035699,-0.05422,2.2558,0.051637,-0.056879,2.2594
-0.30985,-1.2469,1.7183,0.31137,-1.2465,1.7156,-0.084782,0.022057,2.1081,0.1005,0.019898,2.1115
-0.30236,-1.2403,1.6495,0.30338,-1.24,1.6469,-0.13393,0.079851,1.9477,0.14883,0.078091,1.9509
-0.29445,-1.2291,1.569,0.29496,-1.2288,1.5665,-0.17451,0.12264,1.7843,0.18756,0.12124,1.7876
-0.28653,-1.214,1.4767,0.28664,-1.2144,1.4747,-0.19576,0.14888,1.6304,0.206,0.14771,1.6342
-0.2824,-1.1996,1.3941,0.28023,-1.197,1.3852,-0.19086,0.15489,1.496,0.19751,0.15364,1.5005
-0.28172,-1.1922,1.3335,0.27926,-1.1875,1.321,-0.16085,0.13863,1.3868,0.16482,0.13682,1.3919
-0.28127,-1.1959,1.284,0.27899,-1.1896,1.2701,-0.1185,0.10326,1.3039,0.12039,0.10064,1.3095
-0.28085,-1.2078,1.2415,0.27884,-1.2002,1.2272,-0.080191,0.056716,1.2481,0.081055,0.053293,1.254
-0.282,-1.222,1.2062,0.27966,-1.2137,1.1919,-0.068073,-0.026575,1.19,0.068787,-0.03026,1.196
-0.28612,-1.2308,1.1777,0.28382,-1.2223,1.1635,-0.067264,-0.084853,1.2311,0.068459,-0.0885,1.2368
-0.29031,-1.2381,1.1552,0.28825,-1.2297,1.141,-0.066378,-0.13747,1.26,0.067965,-0.14112,1.2655
-0.29038,-1.2416,1.1412,0.28842,-1.2335,1.1273,-0.065523,-0.18547,1.2799,0.067329,-0.18914,1.2853
-0.28928,-1.2416,1.1375,0.28725,-1.2335,1.1238,-0.064735,-0.2297,1.2915,0.066867,-0.23467,1.2944
-0.2903,-1.2383,1.1444,0.28859,-1.2301,1.1308,-0.063917,-0.2722,1.2885,0.065938,-0.27522,1.2919
-0.29283,-1.2312,1.1586,0.29094,-1.2233,1.1451,-0.063198,-0.31116,1.2759,0.065185,-0.31379,1.2779
-0.29291,-1.2245,1.176,0.29122,-1.2168,1.1626,-0.061521,-0.34335,1.2532,0.064285,-0.34631,1.2562
-0.29261,-1.2189,1.1945,0.29095,-1.2115,1.1815,-0.060519,-0.37194,1.2188,0.063493,-0.37455,1.2207
-0.29147,-1.2127,1.2141,0.29016,-1.2056,1.2014,-0.058856,-0.39194,1.1721,0.062248,-0.39494,1.1752
-0.28891,-1.2045,1.235,0.28784,-1.1977,1.2227,-0.057855,-0.40566,1.1104,0.061117,-0.40835,1.1125
-0.28425,-1.1938,1.2567,0.28321,-1.1874,1.245,-0.056929,-0.41152,1.0363,0.05992,-0.41404,1.038
-0.27957,-1.1807,1.2784,0.27838,-1.1746,1.2672,-0.055937,-0.8,1.6,0.058789,-0.8,1.6
-0.27455,-1.1653,1.2993,0.27363,-1.1596,1.2886,-0.054837,-0.8,1.6,0.057968,-0.8,1.6
-0.27181,-1.1472,1.3182,0.27084,-1.1419,1.3081,-0.054381,-0.8,1.6,0.057374,-0.8,1.6
-0.26559,-1.1271,1.3341,0.26463,-1.1222,1.3245,-0.053892,-0.8,1.6,0.057088,-0.8,1.6
-0.25795,-1.1085,1.3448,0.25653,-1.1041,1.3358,-0.053702,-0.8,1.6,0.056878,-0.8,1.6
-0.25244,-1.089,1.352,0.25064,-1.085,1.3436,-0.053406,-0.8,1.6,0.056642,-0.8,1.6
-0.24806,-1.0626,1.3603,0.24672,-1.059,1.3523,-0.05252,-0.8,1.6,0.056279,-0.8,1.6
-0.24558,-1.0401,1.3621,0.24508,-1.0369,1.3547,-0.049959,-0.8,1.6,0.054408,-0.8,1.6
-0.24349,-1.0279,1.3571,0.24393,-1.025,1.3501,-0.04583,-0.8,1.6,0.050877,-0.8,1.6
-0.24007,-1.0145,1.3527,0.2412,-1.0119,1.3462,-0.042209,-0.8,1.6,0.047754,-0.8,1.6
-0.2359,-0.9946,1.3513,0.23756,-0.99226,1.3451,-0.039119,-0.8,1.6,0.045145,-0.8,1.6
-0.23193,-0.96824,1.3507,0.2341,-0.96611,1.3448,-0.035962,-0.8,1.6,0.042413,-0.8,1.6
-0.22851,-0.9389,1.3477,0.2313,-0.93703,1.3422,-0.032468,-0.8,1.6,0.039271,-0.8,1.6
-0.22542,-0.90942,1.3396,0.22887,-0.90781,1.3345,-0.028759,-0.8,1.6,0.035826,-0.8,1.6
-0.22229,-0.88229,1.3244,0.22632,-0.88091,1.3196,-0.025056,-0.8,1.6,0.032343,-0.8,1.6
-0.21829,-0.85387,1.3045,0.22288,-0.85268,1.3,-0.021676,-0.8,1.6,0.029148,-0.8,1.6
-0.21382,-0.82238,1.2813,0.21903,-0.82136,1.2771,-0.018495,-0.8,1.6,0.026101,-0.8,1.6
-0.2095,-0.78887,1.2546,0.21535,-0.78799,1.2507,-0.015378,-0.8,1.6,0.023091,-0.8,1.6
-0.20549,-0.75495,1.2241,0.21199,-0.7542,1.2204,-0.01238,-0.8,1.6,0.020215,-0.8,1.6
-0.20156,-0.72152,1.19,0.20868,-0.72088,1.1865,-0.0096588,-0.8,1.6,0.01766,-0.8,1.6
-0.19762,-0.68907,1.1528,0.20535,-0.68851,1.1495,-0.007178,-0.8,1.6,0.015406,-0.8,1.6
-0.19374,-0.6576,1.1137,0.20211,-0.65712,1.1105,-0.0048689,-0.8,1.6,0.013393,-0.8,1.6
-0.18993,-0.62701,1.0736,0.19897,-0.62659,1.0705,-0.0026067,-0.8,1.6,0.011516,-0.8,1.6
-0.18632,-0.5977,1.0333,0.19605,-0.59731,1.0303,-0.00024393,-0.8,1.6,0.0096286,-0.8,1.6
-0.18299,-0.57017,0.9934,0.19343,-0.56982,0.99044,0.0023128,-0.8,1.6,0.007637,-0.8,1.6
-0.17997,-0.54502,0.95469,0.19114,-0.54469,0.95176,0.0051096,-0.8,1.6,0.005484,-0.8,1.6
-0.17722,-0.5226,0.91792,0.18914,-0.52227,0.91501,0.0080155,-0.8,1.6,0.0032922,-0.8,1.6
-0.17473,-0.50317,0.88394,0.18742,-0.50284,0.88101,0.01092,-0.8,1.6,0.0011537,-0.8,1.6
-0.17244,-0.8,1.6,0.18587,-0.8,1.6,0.014006,-0.8,1.6,-0.0011297,-0.8,1.6
-0.17054,-0.8,1.6,0.1847,-0.8,1.6,0.017406,-0.8,1.6,-0.0037166,-0.8,1.6
-0.16898,-0.8,1.6,0.18389,-0.8,1.6,0.021089,-0.8,1.6,-0.0066337,-0.8,1.6
-0.16509,-0.8,1.6,0.18046,-0.8,1.6,0.022361,-0.8,1.6,-0.0074232,-0.8,1.6
-0.16411,-0.8,1.6,0.17952,-0.8,1.6,0.022571,-0.36834,1.0772,-0.0080242,-0.36941,1.0713
-0.16279,-0.8,1.6,0.17901,-0.8,1.6,0.022728,-0.40574,1.1902,-0.0080508,-0.40531,1.1838
-0.16277,-0.8,1.6,0.17902,-0.8,1.6,0.023871,-0.42481,1.2879,-0.0081675,-0.42413,1.2812
-0.1629,-0.8,1.6,0.17918,-0.8,1.6,0.025226,-0.44042,1.3829,-0.0083138,-0.4403,1.3764
-0.16616,-0.8,1.6,0.18316,-0.8,1.6,0.027318,-0.46652,1.4799,-0.008879,-0.46706,1.4736
-0.1733,-0.49291,1.0781,0.19011,-0.48744,1.0693,0.028422,-0.49399,1.5715,-0.0094261,-0.49514,1.5657
-0.1796,-0.55321,1.2045,0.19697,-0.54501,1.1918,0.029039,-0.52775,1.6598,-0.0091492,-0.52944,1.6544
-0.18749,-0.60897,1.3166,0.20473,-0.60138,1.3054,0.030132,-0.55673,1.7377,-0.0098554,-0.55896,1.7329
-0.19525,-0.65428,1.4083,0.21157,-0.64715,1.3981,0.030544,-0.57981,1.8022,-0.010768,-0.58249,1.7974
-0.20296,-0.69375,1.4873,0.21821,-0.68666,1.478,0.030382,-0.59987,1.8561,-0.01119,-0.603,1.8517
-0.2097,-0.72652,1.5507,0.22417,-0.71972,1.5421,0.030786,-0.61686,1.9025,-0.012176,-0.62034,1.8986
-0.21526,-0.754,1.6003,0.22918,-0.74736,1.5912,0.031163,-0.63271,1.941,-0.013021,-0.63645,1.9375
-0.21979,-0.77748,1.6354,0.23299,-0.77108,1.6271,0.031343,-0.64879,1.973,-0.013882,-0.65273,1.9699
-0.22319,-0.79794,1.6596,0.23527,-0.79156,1.6514,0.031267,-0.6661,1.9998,-0.014249,-0.67095,1.9947
-0.22507,-0.81658,1.6726,0.23694,-0.81016,1.6657,0.031008,-0.68618,2.0199,-0.014653,-0.69038,2.017
-0.22638,-0.83427,1.6798,0.23767,-0.82815,1.6724,0.031001,-0.70768,2.0406,-0.015277,-0.71199,2.038
-0.22687,-0.85178,1.6809,0.23778,-0.84568,1.6737,0.031122,-0.73212,2.0609,-0.015756,-0.7365,2.0586
-0.22727,-0.87056,1.679,0.23785,-0.86487,1.6725,0.031209,-0.75939,2.0832,-0.015943,-0.76453,2.0791
-0.22639,-0.89059,1.6715,0.23774,-0.88532,1.6652,0.031237,-0.79343,2.1046,-0.016189,-0.79757,2.102
-0.22623,-0.90473,1.6677,0.23788,-0.89957,1.6613,0.031609,-0.82738,2.1252,-0.016465,-0.83105,2.1224
-0.22713,-0.90837,1.6816,0.23897,-0.90315,1.6754,0.031114,-0.85765,2.1365,-0.015979,-0.86079,2.1331
-0.23021,-0.90844,1.7194,0.24193,-0.90319,1.7132,0.031179,-0.88335,2.1435,-0.016071,-0.88597,2.14
-0.23703,-0.90903,1.7833,0.24826,-0.90369,1.7771,0.031158,-0.90608,2.1458,-0.016069,-0.9082,2.1421
-0.24828,-0.91102,1.8712,0.25851,-0.90577,1.8649,0.030431,-0.92784,2.1427,-0.015533,-0.92948,2.1385
-0.26506,-0.91473,1.9776,0.27405,-0.90975,1.9712,0.030229,-0.94762,2.1383,-0.015485,-0.94887,2.1342
-0.28744,-0.91946,2.0942,0.29483,-0.91494,2.0877,0.030042,-0.96715,2.1339,-0.015443,-0.96806,2.1298
-0.31725,-0.92301,2.2102,0.32274,-0.91916,2.2038,0.029148,-0.98635,2.1236,-0.014815,-0.98689,2.1193
-0.35293,-0.92427,2.3131,0.35657,-0.92131,2.3068,0.028702,-1.0029,2.1105,-0.014752,-1.0032,2.1063
-0.39237,-0.92693,2.3899,0.39456,-0.92507,2.3837,0.028188,-1.0173,2.093,-0.014627,-1.0173,2.0889
-0.43124,-0.93681,2.4307,0.43246,-0.93625,2.4244,0.026813,-1.0293,2.0678,-0.013926,-1.0289,2.0636
-0.46244,-0.95883,2.4338,0.46358,-0.95958,2.4271,0.026046,-1.0365,2.039,-0.013784,-1.0358,2.0349
-0.47738,-0.9936,2.4067,0.47882,-0.99544,2.3995,0.024455,-1.0401,2.0042,-0.013095,-1.0391,2
-0.47117,-1.037,2.353,0.47354,-1.0393,2.3451,0.023764,-1.0395,1.9654,-0.012747,-1.0382,1.9613
-0.44379,-1.0816,2.2768,0.44745,-1.0835,2.2686,0.022634,-1.0333,1.9213,-0.011447,-1.032,1.9171
-0.3972,-1.1135,2.1857,0.40244,-1.1142,2.1774,0.023257,-1.0283,1.8818,-0.011907,-1.0266,1.8774
-0.3419,-1.1189,2.0921,0.34918,-1.1183,2.0841,0.025959,-1.0285,1.8697,-0.014194,-1.0267,1.865
-0.29706,-1.0932,2.0112,0.30669,-1.0916,2.0037,0.031357,-1.026,1.8875,-0.019057,-1.0244,1.8829
-0.27418,-1.0464,1.9524,0.28583,-1.0441,1.9453,0.038991,-1.0188,1.9337,-0.02641,-1.0172,1.9292
-0.26456,-0.98986,1.872,0.27666,-0.98735,1.8652,0.047892,-1.0082,2.0051,-0.035566,-1.0066,2.0006
-0.26469,-0.99072,1.8554,0.2767,-0.9881,1.8486,0.05766,-0.99782,2.0966,-0.04571,-0.9961,2.0921
-0.26828,-1.018,1.8719,0.28008,-1.0154,1.8653,0.064925,-0.98141,2.2014,-0.053559,-0.97967,2.1967
-0.27166,-1.0461,1.8853,0.28311,-1.0434,1.8789,0.070686,-0.9587,2.3111,-0.059928,-0.95705,2.3061
-0.27404,-1.0724,1.8915,0.2853,-1.0706,1.8863,0.075005,-0.92711,2.4182,-0.06475,-0.92566,2.4129
-0.27515,-1.096,1.8905,0.28636,-1.0941,1.8858,0.078345,-0.87997,2.5144,-0.068445,-0.8788,2.509
-0.27543,-1.116,1.8841,0.28641,-1.114,1.8794,0.079993,-0.8122,2.5889,-0.070484,-0.81142,2.5836
-0.27513,-1.1334,1.8741,0.28612,-1.1323,1.8703,0.080122,-0.72221,2.6293,-0.070693,-0.72187,2.6244
-0.27462,-1.1494,1.8614,0.28494,-1.1472,1.8568,0.079938,-0.61266,2.6252,-0.070551,-0.61285,2.6211
-0.27383,-1.1633,1.8457,0.28358,-1.1613,1.8413,0.079338,-0.49058,2.5757,-0.069933,-0.49128,2.5725
-0.27298,-1.1772,1.8281,0.28209,-1.1755,1.824,0.078025,-0.36639,2.4847,-0.068181,-0.36754,2.4826
-0.27217,-1.1915,1.8081,0.28051,-1.1899,1.8041,0.075799,-0.25476,2.3662,-0.065436,-0.25623,2.3651
-0.271,-1.206,1.7831,0.27856,-1.2045,1.7792,0.071317,-0.16921,2.2347,-0.060251,-0.17075,2.2343
-0.26942,-1.221,1.7527,0.27628,-1.2185,1.7481,0.066237,-0.11619,2.1013,-0.054167,-0.11751,2.1014
-0.26716,-1.234,1.7143,0.27393,-1.2327,1.7108,0.063196,-0.096389,1.9747,-0.049688,-0.097273,1.9752
-0.26461,-1.2459,1.669,0.27129,-1.2444,1.6655,0.063058,-0.10163,1.8594,-0.048948,-0.10199,1.8601
-0.26337,-1.2547,1.632,0.2693,-1.253,1.625,0.06566,-0.1174,1.7564,-0.051522,-0.11745,1.7573
-0.26346,-1.2648,1.6169,0.26947,-1.263,1.6092,0.073266,-0.1401,1.6691,-0.059132,-0.14012,1.6702
-0.26448,-1.2856,1.6216,0.27007,-1.2828,1.6142,0.083712,-0.1713,1.603,-0.070334,-0.17152,1.6042
-0.26729,-1.3169,1.6461,0.27238,-1.3132,1.6393,0.093494,-0.20553,1.5622,-0.081154,-0.20608,1.5634
-0.2752,-1.3534,1.6958,0.2797,-1.3493,1.6893,0.093154,-0.25714,1.5646,-0.081492,-0.25783,1.5657
-0.29141,-1.3909,1.7712,0.29502,-1.3868,1.7649,0.094283,-0.305,1.6178,-0.083071,-0.30568,1.619
-0.31283,-1.4318,1.8669,0.31534,-1.4278,1.8608,0.095335,-0.34956,1.665,-0.084605,-0.35024,1.6663
-0.33714,-1.4756,1.9762,0.33802,-1.4719,1.9701,0.095243,-0.39226,1.7028,-0.08537,-0.39272,1.7026
-0.36387,-1.5205,2.0915,0.364,-1.517,2.0857,0.095896,-0.43186,1.7356,-0.086307,-0.43238,1.7359
-0.39277,-1.5631,2.2056,0.39179,-1.5599,2.2001,0.095662,-0.47116,1.763,-0.086628,-0.47162,1.7629
-0.42464,-1.6003,2.3104,0.42328,-1.5974,2.3052,0.096193,-0.50791,1.7873,-0.087128,-0.5084,1.7876
-0.45791,-1.629,2.3987,0.4559,-1.6264,2.3939,0.096,-0.54452,1.8084,-0.087038,-0.54496,1.8083
-0.49401,-1.6438,2.4656,0.4918,-1.6415,2.461,0.096295,-0.57783,1.8242,-0.08711,-0.57829,1.8243
-0.52841,-1.6416,2.509,0.52575,-1.6397,2.5045,0.096122,-0.60811,1.8343,-0.086472,-0.60961,1.8327
-0.55687,-1.6272,2.5268,0.55454,-1.6256,2.5221,0.094841,-0.63552,1.8349,-0.086115,-0.63586,1.8347
-0.57374,-1.6021,2.5218,0.57277,-1.6006,2.5166,0.09416,-0.65751,1.8304,-0.085259,-0.65785,1.8305
-0.57564,-1.5666,2.5005,0.57562,-1.5651,2.495,0.093029,-0.67523,1.8197,-0.083465,-0.67593,1.8175
-0.56466,-1.5209,2.4666,0.56495,-1.5191,2.4608,0.090726,-0.68911,1.8005,-0.082437,-0.68869,1.8006
-0.54016,-1.4637,2.4233,0.54164,-1.4615,2.417,0.089237,-0.69708,1.7774,-0.080919,-0.69686,1.7784
-0.50393,-1.3992,2.3694,0.50625,-1.3967,2.3628,0.08737,-0.70116,1.7511,-0.078826,-0.70148,1.7492
-0.45973,-1.3322,2.3057,0.46334,-1.3297,2.2987,0.087218,-0.7048,1.7261,-0.078872,-0.70496,1.7232
-0.41219,-1.2683,2.2362,0.4169,-1.2659,2.2291,0.089172,-0.70898,1.721,-0.08104,-0.70884,1.7177
-0.3708,-1.2068,2.1695,0.37584,-1.2046,2.1626,0.093785,-0.70885,1.7371,-0.086035,-0.70869,1.7335
-0.34315,-1.1526,2.112,0.34768,-1.1507,2.1055,0.1009,-0.70748,1.7755,-0.093706,-0.70724,1.7719
-0.32495,-1.0988,2.0339,0.32883,-1.0972,2.0276,0.10922,-0.70516,1.8358,-0.10255,-0.70475,1.8322
-0.3062,-1.0288,1.9214,0.3097,-1.0272,1.915,0.11766,-0.70229,1.9155,-0.11152,-0.70175,1.9118
-0.29748,-1.0001,1.8597,0.30672,-1.012,1.8729,0.12866,-0.70107,2.0105,-0.12111,-0.70057,2.0067
-0.30175,-1.0316,1.8739,0.31008,-1.044,1.8876,0.13753,-0.69886,2.114,-0.13164,-0.6988,2.1101
-0.30475,-1.062,1.8806,0.31171,-1.0726,1.8913,0.14474,-0.6917,2.2198,-0.14005,-0.69195,2.2157
-0.30671,-1.0905,1.881,0.31228,-1.0988,1.8883,0.15084,-0.67368,2.3198,-0.14719,-0.67414,2.3158
-0.30797,-1.1167,1.8778,0.31247,-1.1228,1.8816,0.15514,-0.64276,2.4057,-0.15205,-0.64339,2.4017
-0.30856,-1.1406,1.8722,0.3121,-1.1421,1.8702,0.15718,-0.59934,2.4688,-0.15391,-0.60008,2.4651
-0.3075,-1.158,1.86,0.31163,-1.1588,1.857,0.15698,-0.54369,2.501,-0.1537,-0.54441,2.4978
-0.30651,-1.1732,1.8457,0.31105,-1.1751,1.8436,0.15586,-0.47944,2.4976,-0.15322,-0.48018,2.4949
-0.30591,-1.188,1.831,0.30986,-1.189,1.8281,0.15257,-0.41277,2.4629,-0.15135,-0.41355,2.4603
-0.30521,-1.2023,1.8151,0.30906,-1.2036,1.8128,0.14742,-0.35137,2.4017,-0.14744,-0.35216,2.3992
-0.30413,-1.2157,1.7961,0.30799,-1.2177,1.794,0.13798,-0.30184,2.3212,-0.13906,-0.30257,2.3185
-0.30265,-1.2288,1.7729,0.30639,-1.2298,1.7702,0.125,-0.26811,2.2283,-0.12705,-0.26868,2.2254
-0.30042,-1.2399,1.7435,0.30449,-1.2409,1.741,0.1104,-0.25178,2.1295,-0.11301,-0.25201,2.1264
-0.29777,-1.2502,1.7081,0.30232,-1.2517,1.706,0.096631,-0.25049,2.0301,-0.099481,-0.25047,2.0267
-0.29508,-1.2603,1.6668,0.29967,-1.2608,1.6637,0.08607,-0.25738,1.9335,-0.089091,-0.2571,1.9299
-0.29388,-1.2673,1.6345,0.29853,-1.2688,1.6308,0.081941,-0.26929,1.8436,-0.084575,-0.26841,1.84
-0.29404,-1.2757,1.6237,0.29862,-1.2773,1.6203,0.083171,-0.28646,1.7659,-0.085204,-0.28483,1.7622
-0.29543,-1.2945,1.6317,0.30028,-1.2956,1.6287,0.087422,-0.31933,1.7068,-0.088419,-0.31699,1.7029
-0.29856,-1.3235,1.6598,0.30435,-1.3243,1.657,0.093981,-0.36432,1.6725,-0.093875,-0.36143,1.6687
-0.30627,-1.3562,1.7133,0.31266,-1.3569,1.7106,0.095565,-0.41359,1.7175,-0.095879,-0.40989,1.7068
-0.32153,-1.3902,1.7925,0.32901,-1.3908,1.7897,0.097563,-0.45831,1.7653,-0.097645,-0.4547,1.7554
-0.34083,-1.4248,1.8934,0.34873,-1.4255,1.8906,0.098615,-0.50073,1.805,-0.099365,-0.49604,1.798
-0.36378,-1.4644,2.0044,0.37219,-1.4651,2.0016,0.10046,-0.53935,1.8388,-0.10051,-0.53487,1.8351
-0.38945,-1.5061,2.1192,0.39699,-1.507,2.1164,0.10175,-0.57602,1.8688,-0.10101,-0.57266,1.8632
-0.41774,-1.5453,2.2317,0.42542,-1.5465,2.2287,0.10213,-0.61198,1.8917,-0.1019,-0.60745,1.8882
-0.44802,-1.5789,2.3349,0.45596,-1.5803,2.3318,0.10311,-0.64542,1.9138,-0.10206,-0.64197,1.9089
-0.48318,-1.6012,2.4226,0.49095,-1.6029,2.4195,0.10335,-0.67679,1.9305,-0.10296,-0.67314,1.9246
-0.51856,-1.6081,2.4895,0.52727,-1.6099,2.4863,0.10271,-0.70625,1.9375,-0.10304,-0.70151,1.9344
-0.55232,-1.6037,2.5285,0.56114,-1.6054,2.5254,0.10225,-0.73141,1.9399,-0.10206,-0.72768,1.9348
-0.57893,-1.5918,2.5382,0.58769,-1.5936,2.5354,0.10065,-0.75411,1.9344,-0.1014,-0.74913,1.9303
-0.59193,-1.5733,2.5252,0.60099,-1.5751,2.5225,0.099619,-0.77148,1.9231,-0.10013,-0.76674,1.9202
-0.58904,-1.5471,2.4969,0.5974,-1.5489,2.4943,0.097881,-0.78513,1.9077,-0.09833,-0.78141,1.9029
-0.57258,-1.5111,2.4574,0.58041,-1.5131,2.4549,0.095595,-0.7956,1.8869,-0.097175,-0.79123,1.8821
-0.54096,-1.4652,2.4085,0.54903,-1.4672,2.4063,0.092934,-0.80282,1.8602,-0.095498,-0.7977,1.8585
-0.50004,-1.4095,2.3506,0.50731,-1.4114,2.3491,0.090454,-0.80242,1.827,-0.092801,-0.79847,1.8237
-0.4523,-1.3488,2.2845,0.45866,-1.3507,2.2836,0.090011,-0.80398,1.797,-0.09278,-0.79975,1.7936
-0.40506,-1.298,2.2068,0.41042,-1.3,2.2065,0.092798,-0.80646,1.7901,-0.09585,-0.80205,1.7865
-0.36574,-1.2611,2.1253,0.37007,-1.2632,2.1255,0.098645,-0.80537,1.8077,-0.10202,-0.80096,1.8039
-0.33532,-1.2122,2.0681,0.33862,-1.2144,2.0685,0.10542,-0.80018,1.85,-0.10921,-0.7958,1.846
-0.31515,-1.1497,1.9996,0.31772,-1.1519,2.0001,0.11363,-0.79245,1.9154,-0.11781,-0.78808,1.9113
-0.29806,-1.0759,1.8985,0.30024,-1.0779,1.8989,0.1234,-0.78344,2,-0.12796,-0.77907,1.9957
-0.29103,-1.0462,1.8416,0.29289,-1.0481,1.8417,0.13539,-0.77214,2.0997,-0.14043,-0.76778,2.0953
-0.29456,-1.0743,1.8536,0.29611,-1.0762,1.8537,0.14621,-0.75476,2.2065,-0.15173,-0.75043,2.202
-0.2973,-1.1013,1.8598,0.29829,-1.1021,1.8588,0.15479,-0.72498,2.3111,-0.16089,-0.72075,2.3066
-0.29849,-1.1239,1.8582,0.29982,-1.1256,1.858,0.16137,-0.6828,2.4043,-0.16753,-0.67867,2.3997
-0.29897,-1.144,1.8524,0.30042,-1.1455,1.8519,0.16545,-0.62843,2.4767,-0.1719,-0.62447,2.472
-0.29901,-1.1623,1.8437,0.3006,-1.1636,1.8431,0.16639,-0.56024,2.5182,-0.17326,-0.55655,2.5134
-0.29855,-1.1779,1.8321,0.30031,-1.1788,1.8311,0.16589,-0.48099,2.5211,-0.17279,-0.47774,2.5164
-0.29798,-1.1932,1.8191,0.30008,-1.1943,1.818,0.16405,-0.3978,2.4875,-0.17064,-0.39507,2.4828
-0.2977,-1.2078,1.8043,0.29946,-1.2091,1.8036,0.15949,-0.31945,2.4223,-0.16652,-0.31731,2.4179
-0.29698,-1.2216,1.7856,0.29843,-1.2227,1.7847,0.14978,-0.25434,2.3339,-0.15697,-0.25278,2.3297
-0.29569,-1.2349,1.7623,0.29711,-1.236,1.7614,0.13534,-0.20829,2.2313,-0.14234,-0.20716,2.2272
-0.29352,-1.2459,1.732,0.29518,-1.2469,1.7311,0.1179,-0.18422,2.1229,-0.12425,-0.18325,2.119
-0.29106,-1.2558,1.6955,0.29295,-1.2566,1.6942,0.10023,-0.18032,2.0151,-0.10559,-0.17917,2.0113
-0.28829,-1.2645,1.6522,0.29051,-1.2653,1.6511,0.085521,-0.18779,1.9112,-0.089709,-0.18624,1.9076
-0.28681,-1.2725,1.6173,0.28906,-1.2731,1.616,0.077952,-0.20031,1.8147,-0.080963,-0.19824,1.8113
-0.28695,-1.2814,1.605,0.28927,-1.282,1.6035,0.078208,-0.21642,1.7306,-0.080213,-0.21384,1.7273
-0.28807,-1.2997,1.6128,0.29089,-1.3003,1.6112,0.082426,-0.246,1.6657,-0.083652,-0.24305,1.6626
-0.29159,-1.3282,1.6409,0.29442,-1.3287,1.6392,0.08906,-0.28683,1.6269,-0.08995,-0.28368,1.6239
-0.29953,-1.3614,1.6945,0.30236,-1.362,1.6928,0.089572,-0.33849,1.6423,-0.090613,-0.33534,1.6394
-0.31529,-1.3961,1.774,0.31831,-1.3967,1.7723,0.091076,-0.38454,1.693,-0.092331,-0.38138,1.6903
-0.33533,-1.4319,1.8758,0.33864,-1.4326,1.8741,0.09256,-0.42777,1.7384,-0.093935,-0.42458,1.7357
-0.35898,-1.4721,1.9892,0.36259,-1.4728,1.9876,0.093987,-0.46897,1.7788,-0.095393,-0.46575,1.7761
-0.38422,-1.514,2.1071,0.38833,-1.5149,2.1055,0.094758,-0.50959,1.8136,-0.096719,-0.50517,1.8131
-0.41259,-1.554,2.2225,0.41718,-1.555,2.221,0.09588,-0.5473,1.8412,-0.096654,-0.54405,1.839
-0.44302,-1.5879,2.3291,0.44787,-1.5891,2.3275,0.096864,-0.58378,1.8672,-0.097472,-0.58051,1.8649
-0.47854,-1.6097,2.4208,0.48365,-1.6112,2.419,0.096483,-0.61939,1.8843,-0.097402,-0.61615,1.8822
-0.51518,-1.6148,2.4922,0.52096,-1.6166,2.4901,0.096518,-0.65118,1.8969,-0.097692,-0.64796,1.8949
-0.55048,-1.6077,2.5358,0.55702,-1.6097,2.5337,0.095536,-0.68085,1.9005,-0.096736,-0.67773,1.899
-0.5795,-1.5918,2.5499,0.58615,-1.5939,2.5481,0.094803,-0.7056,1.8985,-0.096106,-0.70253,1.897
-0.59594,-1.5677,2.5404,0.60193,-1.57,2.5392,0.093741,-0.72629,1.8908,-0.09523,-0.7233,1.8892
-0.59521,-1.5348,2.5156,0.60041,-1.5373,2.515,0.09191,-0.74364,1.8755,-0.093144,-0.74081,1.8741
-0.58085,-1.4917,2.4791,0.58541,-1.4945,2.4791,0.090712,-0.75563,1.8563,-0.091353,-0.75287,1.8548
-0.55162,-1.439,2.4328,0.55598,-1.442,2.4331,0.088639,-0.76498,1.8323,-0.089527,-0.76133,1.8327
-0.51162,-1.3774,2.3769,0.51624,-1.3806,2.3772,0.086966,-0.76602,1.8,-0.086413,-0.76338,1.7984
-0.46363,-1.3122,2.3118,0.46877,-1.3155,2.3121,0.086996,-0.76819,1.7705,-0.08609,-0.76551,1.7688
-0.41488,-1.2593,2.2346,0.42092,-1.2625,2.2348,0.090035,-0.77125,1.7636,-0.088867,-0.76851,1.7618
-0.37284,-1.2233,2.1528,0.37995,-1.2261,2.153,0.096179,-0.77042,1.7809,-0.094617,-0.76767,1.7791
-0.33938,-1.1772,2.0934,0.34716,-1.1796,2.0937,0.10325,-0.76591,1.8229,-0.10136,-0.76317,1.821
-0.3171,-1.1185,2.0209,0.32477,-1.1203,2.0213,0.11162,-0.75929,1.8878,-0.10953,-0.75659,1.886
-0.29878,-1.0486,1.9152,0.30586,-1.0499,1.9157,0.12141,-0.75174,1.9721,-0.11911,-0.74907,1.9703
-0.29104,-1.0213,1.8563,0.29788,-1.0223,1.8566,0.1334,-0.74246,2.0719,-0.13086,-0.73978,2.0699
-0.2944,-1.0511,1.8688,0.30127,-1.0521,1.869,0.1443,-0.72771,2.1792,-0.14172,-0.72503,2.1771
-0.29694,-1.0799,1.875,0.30374,-1.0809,1.8752,0.15297,-0.70098,2.2848,-0.15046,-0.69831,2.2826
-0.29876,-1.1068,1.8759,0.30535,-1.1078,1.876,0.15943,-0.66184,2.3795,-0.15704,-0.65924,2.3771
-0.30002,-1.1316,1.8726,0.30632,-1.1326,1.8727,0.16351,-0.61001,2.4535,-0.16117,-0.60755,2.451
-0.30024,-1.1521,1.8643,0.30605,-1.1518,1.8626,0.16454,-0.54378,2.4968,-0.1621,-0.54149,2.4943
-0.29961,-1.1689,1.8515,0.30552,-1.1686,1.8496,0.1639,-0.46604,2.5016,-0.16141,-0.46391,2.4991
-0.29908,-1.1856,1.8374,0.3048,-1.185,1.8354,0.16159,-0.38375,2.4694,-0.15945,-0.3819,2.4671
-0.29845,-1.2014,1.8218,0.30399,-1.2007,1.8196,0.15732,-0.30565,2.4051,-0.15515,-0.30415,2.403
-0.2974,-1.2161,1.802,0.30292,-1.2154,1.8,0.14819,-0.24007,2.3166,-0.14566,-0.23894,2.3147
-0.296,-1.2305,1.7781,0.30142,-1.2297,1.776,0.13457,-0.19279,2.2129,-0.13141,-0.19194,2.2114
-0.29387,-1.2422,1.7473,0.2993,-1.2414,1.7451,0.11816,-0.16677,2.103,-0.11411,-0.16608,2.1018
-0.29132,-1.2528,1.7101,0.29681,-1.252,1.7079,0.10167,-0.16052,1.9934,-0.096497,-0.15983,1.9925
-0.28838,-1.2622,1.6667,0.29401,-1.2612,1.6643,0.088214,-0.16609,1.888,-0.081723,-0.16531,1.8875
-0.2868,-1.2708,1.6318,0.29254,-1.2698,1.6293,0.08169,-0.17631,1.7902,-0.07413,-0.17545,1.79
-0.28701,-1.2803,1.6194,0.29274,-1.2792,1.6169,0.08224,-0.19026,1.7049,-0.07447,-0.18941,1.705
-0.28848,-1.299,1.6271,0.29411,-1.2981,1.6245,0.086289,-0.21834,1.6393,-0.078867,-0.21759,1.6395
-0.29236,-1.3282,1.6549,0.29753,-1.3272,1.6524,0.09272,-0.25848,1.6001,-0.085914,-0.25786,1.6004
-0.3017,-1.3619,1.7081,0.30497,-1.3611,1.7056,0.093109,-0.30864,1.6282,-0.08732,-0.30986,1.6165
-0.31805,-1.3973,1.7869,0.32164,-1.3966,1.7845,0.093237,-0.35633,1.6768,-0.089573,-0.35687,1.6685
-0.33859,-1.434,1.8878,0.34216,-1.4332,1.8855,0.094364,-0.40026,1.7212,-0.091289,-0.40123,1.7152
-0.36305,-1.4754,1.9999,0.36599,-1.4747,1.9977,0.094996,-0.4436,1.7584,-0.092584,-0.44379,1.7573
-0.38923,-1.5189,2.1163,0.39133,-1.5183,2.1142,0.096647,-0.484,1.7924,-0.092669,-0.48589,1.7939
-0.41916,-1.56,2.2305,0.41919,-1.5599,2.2285,0.097623,-0.52313,1.8229,-0.093527,-0.52495,1.823
-0.45025,-1.5947,2.3364,0.44987,-1.5951,2.3342,0.098617,-0.5611,1.849,-0.094101,-0.56279,1.8505
-0.48624,-1.6171,2.4278,0.48597,-1.6178,2.4255,0.098746,-0.59807,1.8673,-0.093519,-0.59972,1.8687
-0.52366,-1.6224,2.4991,0.52346,-1.6235,2.4967,0.099116,-0.63123,1.8817,-0.093566,-0.63279,1.8829
-0.55989,-1.6152,2.543,0.55979,-1.6166,2.5404,0.098132,-0.66228,1.8869,-0.092668,-0.66367,1.8875
-0.58931,-1.599,2.5577,0.58974,-1.6006,2.5548,0.097416,-0.68823,1.8861,-0.092126,-0.68949,1.8868
-0.60557,-1.5746,2.5491,0.60697,-1.5762,2.5458,0.096426,-0.71003,1.8796,-0.091287,-0.71115,1.8802
-0.60447,-1.5414,2.5253,0.60688,-1.5429,2.5217,0.094371,-0.72843,1.8651,-0.089355,-0.7296,1.8647
-0.58977,-1.498,2.49,0.59295,-1.4993,2.4861,0.092723,-0.74137,1.8468,-0.088088,-0.74223,1.8458
-0.56012,-1.4449,2.4446,0.56397,-1.446,2.4408,0.090297,-0.75144,1.8232,-0.08668,-0.75121,1.824
-0.51957,-1.3828,2.3894,0.52388,-1.3836,2.386,0.088437,-0.75312,1.7916,-0.083873,-0.75393,1.7909
-0.47101,-1.3169,2.3249,0.47531,-1.3177,2.3217,0.088169,-0.75566,1.7625,-0.083837,-0.75615,1.7612
-0.42154,-1.2628,2.2481,0.42611,-1.2637,2.245,0.090971,-0.75887,1.7558,-0.086739,-0.75913,1.7541
-0.37877,-1.2255,2.1665,0.38377,-1.2266,2.1634,0.096859,-0.75805,1.7728,-0.092688,-0.75826,1.7713
-0.34474,-1.1792,2.1062,0.34993,-1.1804,2.1034,0.10372,-0.75359,1.8144,-0.099734,-0.75387,1.8131
-0.32184,-1.1211,2.0328,0.32684,-1.1221,2.0302,0.11185,-0.74713,1.8791,-0.10816,-0.7475,1.8778
-0.30288,-1.0522,1.9268,0.30752,-1.0528,1.9241,0.12133,-0.73988,1.9633,-0.11794,-0.74033,1.962
-0.29492,-1.0254,1.8678,0.29928,-1.0259,1.8648,0.13294,-0.73115,2.063,-0.12985,-0.73162,2.0616
-0.29841,-1.0556,1.8799,0.30254,-1.0561,1.8769,0.14357,-0.71723,2.1703,-0.1408,-0.71769,2.1688
-0.30065,-1.0835,1.8844,0.30504,-1.0852,1.8829,0.15216,-0.69148,2.2761,-0.14954,-0.69193,2.2746
-0.30213,-1.1093,1.8833,0.30605,-1.1101,1.881,0.15841,-0.65332,2.3711,-0.15629,-0.65378,2.3696
-0.30251,-1.1312,1.8763,0.30629,-1.1321,1.8743,0.1624,-0.60242,2.4457,-0.16063,-0.6029,2.4443
-0.30216,-1.1504,1.8659,0.30632,-1.1523,1.8647,0.16355,-0.53732,2.49,-0.16168,-0.53778,2.4887
-0.30192,-1.169,1.8545,0.3057,-1.1691,1.8518,0.16324,-0.46074,2.4957,-0.1613,-0.46117,2.4946
-0.30095,-1.1849,1.8397,0.30532,-1.1861,1.8377,0.16181,-0.37954,2.4645,-0.15925,-0.37985,2.4635
-0.3004,-1.2013,1.8243,0.3047,-1.2023,1.8222,0.15778,-0.30249,2.401,-0.15516,-0.30262,2.4002
-0.29938,-1.2162,1.8047,0.30353,-1.2171,1.8023,0.14853,-0.23785,2.3134,-0.14601,-0.23774,2.3126
-0.29792,-1.2306,1.7804,0.30204,-1.2316,1.7784,0.13457,-0.19127,2.2105,-0.13213,-0.19089,2.2096
-0.29582,-1.2426,1.7496,0.2998,-1.2434,1.7474,0.11762,-0.16561,2.1012,-0.11526,-0.16495,2.1002
-0.29329,-1.2533,1.7124,0.29719,-1.254,1.71,0.10049,-0.15936,1.992,-0.098088,-0.15846,1.9909
-0.29048,-1.2627,1.6688,0.29438,-1.2633,1.6664,0.086318,-0.16475,1.8869,-0.083778,-0.16362,1.8858
-0.28886,-1.2711,1.6335,0.29286,-1.2719,1.6313,0.079265,-0.17482,1.7893,-0.076537,-0.17351,1.7881
-0.28894,-1.2804,1.6209,0.29299,-1.2813,1.6188,0.079619,-0.18884,1.7043,-0.076778,-0.1874,1.7031
-0.29019,-1.2992,1.6283,0.29428,-1.3001,1.6264,0.083794,-0.21731,1.6389,-0.080965,-0.21571,1.6377
-0.2939,-1.3283,1.6561,0.29805,-1.3293,1.6542,0.090597,-0.25804,1.6001,-0.087903,-0.25628,1.5988
-0.3026,-1.3619,1.7093,0.30682,-1.3629,1.7073,0.092216,-0.30838,1.6282,-0.089628,-0.30657,1.6269
-0.31953,-1.3972,1.7881,0.32366,-1.3983,1.7861,0.092986,-0.35659,1.6779,-0.090604,-0.3547,1.6762
-0.33985,-1.4338,1.8891,0.34416,-1.435,1.8871,0.094243,-0.40097,1.7221,-0.092002,-0.39907,1.7206
-0.36377,-1.4755,2.0008,0.36818,-1.4768,1.9988,0.095451,-0.44369,1.7619,-0.093126,-0.44199,1.7601
-0.38928,-1.5195,2.1168,0.39394,-1.5209,2.1148,0.095927,-0.48599,1.7943,-0.09337,-0.48417,1.7922
-0.41823,-1.5609,2.2309,0.42242,-1.5626,2.2289,0.096569,-0.52567,1.8249,-0.094565,-0.52372,1.8218
-0.44875,-1.5957,2.3367,0.45348,-1.5976,2.3346,0.096784,-0.56513,1.8504,-0.095464,-0.56201,1.8498
-0.48489,-1.6178,2.4281,0.48947,-1.62,2.4261,0.097174,-0.60153,1.8715,-0.095466,-0.59937,1.8689
-0.52226,-1.6229,2.4994,0.52706,-1.6252,2.4975,0.096517,-0.63626,1.8842,-0.095775,-0.63278,1.8831
-0.55842,-1.6155,2.5432,0.56335,-1.618,2.5414,0.096199,-0.66649,1.8908,-0.094951,-0.66405,1.8885
-0.5881,-1.599,2.5577,0.59279,-1.6018,2.5557,0.095195,-0.69282,1.891,-0.09476,-0.69007,1.8877
-0.60444,-1.5745,2.5487,0.60963,-1.5774,2.5466,0.09336,-0.71564,1.8818,-0.093983,-0.71192,1.881
-0.60359,-1.5414,2.5243,0.60886,-1.5444,2.5223,0.092029,-0.73314,1.8693,-0.092214,-0.73035,1.8667
-0.58913,-1.4982,2.4882,0.59418,-1.5013,2.4866,0.090334,-0.74675,1.8512,-0.090915,-0.74322,1.8483
-0.55962,-1.4456,2.4422,0.56461,-1.4487,2.4409,0.087994,-0.75679,1.8267,-0.088577,-0.75337,1.8248
-0.51898,-1.3841,2.3864,0.52417,-1.3872,2.3857,0.086361,-0.75847,1.795,-0.086282,-0.75507,1.793
-0.47014,-1.3189,2.3216,0.47537,-1.322,2.3211,0.086352,-0.76098,1.7658,-0.085978,-0.75761,1.7638
-0.4203,-1.2657,2.2444,0.42614,-1.2688,2.244,0.089337,-0.7642,1.7591,-0.088704,-0.7608,1.7571
-0.37703,-1.2293,2.1625,0.38408,-1.2323,2.1619,0.095476,-0.76346,1.7765,-0.094394,-0.76003,1.7745
-0.34239,-1.183,2.1025,0.35067,-1.1858,2.1019,0.10261,-0.75899,1.8183,-0.10109,-0.75553,1.8164
-0.31938,-1.1247,2.0297,0.32789,-1.1271,2.0292,0.11099,-0.75239,1.8832,-0.10929,-0.74892,1.8812
-0.30072,-1.0559,1.9242,0.30866,-1.0577,1.9237,0.12076,-0.74482,1.9674,-0.11889,-0.74134,1.9654
-0.29426,-1.0294,1.8659,0.29844,-1.0204,1.8502,0.13183,-0.73524,2.067,-0.13141,-0.73185,2.0649
-0.29747,-1.0596,1.8781,0.30197,-1.0502,1.8622,0.14304,-0.72053,2.1742,-0.142,-0.717,2.172
-0.29949,-1.0873,1.8822,0.30463,-1.079,1.8683,0.15202,-0.69384,2.2798,-0.15051,-0.69016,2.2775
-0.30051,-1.1122,1.88,0.30648,-1.106,1.8692,0.15873,-0.6547,2.3745,-0.15695,-0.65092,2.372
-0.30104,-1.1351,1.8735,0.30762,-1.1311,1.8661,0.16286,-0.6028,2.4486,-0.16121,-0.59902,2.4459
-0.30084,-1.1539,1.8623,0.30822,-1.1541,1.8602,0.16382,-0.53658,2.4921,-0.16241,-0.53295,2.4891
-0.30066,-1.1713,1.8496,0.30729,-1.1707,1.8471,0.1634,-0.45882,2.497,-0.16185,-0.45554,2.4939
-0.30018,-1.1882,1.8351,0.30655,-1.1877,1.8327,0.16138,-0.37674,2.4649,-0.15966,-0.37382,2.4618
-0.29967,-1.2043,1.8192,0.3058,-1.2038,1.8169,0.15729,-0.29909,2.4006,-0.15509,-0.29661,2.3978
-0.29861,-1.2191,1.7991,0.30453,-1.2185,1.7966,0.14828,-0.23418,2.3122,-0.14526,-0.23213,2.3098
-0.29722,-1.2336,1.7748,0.30306,-1.233,1.7723,0.13478,-0.18771,2.2088,-0.1306,-0.18601,2.207
-0.29504,-1.2454,1.7436,0.30079,-1.2447,1.741,0.11847,-0.16246,2.0992,-0.11288,-0.16097,2.0979
-0.29251,-1.2559,1.7061,0.29831,-1.2552,1.7036,0.10211,-0.15678,1.9899,-0.094928,-0.15535,1.9892
-0.2896,-1.2651,1.6623,0.29548,-1.2642,1.6595,0.088765,-0.16232,1.8847,-0.079939,-0.16089,1.8845
-0.28815,-1.2739,1.6273,0.29403,-1.2729,1.6244,0.082433,-0.17269,1.787,-0.072414,-0.17131,1.7873
-0.28839,-1.2834,1.6149,0.29429,-1.2824,1.6119,0.082895,-0.18691,1.7019,-0.072749,-0.1857,1.7026
-0.29,-1.3021,1.6225,0.29559,-1.3012,1.6195,0.086865,-0.21529,1.6365,-0.07733,-0.21434,1.6375
-0.29401,-1.331,1.6504,0.29892,-1.3301,1.6475,0.093329,-0.25574,1.5977,-0.084799,-0.25506,1.5987
-0.30301,-1.3644,1.7038,0.30719,-1.3635,1.7009,0.094614,-0.30598,1.6258,-0.086907,-0.30543,1.6269
-0.32027,-1.3995,1.7829,0.32356,-1.3987,1.78,0.095024,-0.35424,1.6753,-0.08818,-0.35372,1.6757
-0.34088,-1.4358,1.8842,0.34386,-1.4352,1.8814,0.096176,-0.39881,1.7197,-0.08975,-0.3985,1.7215
-0.36524,-1.4773,1.9965,0.36719,-1.4768,1.9937,0.0969,-0.44208,1.7592,-0.09058,-0.44275,1.7586
-0.39081,-1.5209,2.1131,0.39252,-1.5206,2.1103,0.097926,-0.48349,1.7936,-0.091687,-0.48432,1.7939
-0.4195,-1.562,2.2277,0.42091,-1.562,2.225,0.098166,-0.52472,1.8214,-0.091858,-0.52566,1.8225
-0.45032,-1.5966,2.3338,0.45123,-1.597,2.3311,0.09902,-0.56358,1.8496,-0.09282,-0.56452,1.8502
-0.48601,-1.6188,2.4253,0.48707,-1.6195,2.4226,0.09904,-0.60155,1.8691,-0.092523,-0.60257,1.8702
-0.52325,-1.6238,2.4969,0.524,-1.6249,2.4942,0.099145,-0.63561,1.8838,-0.092828,-0.63659,1.8844
-0.55887,-1.6159,2.5412,0.56011,-1.6174,2.5384,0.098384,-0.66747,1.8896,-0.09256,-0.66739,1.8922
-0.58806,-1.5986,2.5565,0.58931,-1.6004,2.5536,0.097696,-0.69409,1.8892,-0.091271,-0.69503,1.8897
-0.60437,-1.5729,2.5478,0.60575,-1.5749,2.5447,0.096604,-0.71649,1.8828,-0.090543,-0.7173,1.8829
-0.60324,-1.5383,2.5239,0.60517,-1.5405,2.5207,0.094609,-0.73535,1.8685,-0.088773,-0.73627,1.8692
-0.58862,-1.4939,2.4881,0.59075,-1.4961,2.4848,0.092813,-0.74862,1.8502,-0.087682,-0.74935,1.8506
-0.55887,-1.4403,2.4421,0.56158,-1.4424,2.4389,0.090394,-0.75895,1.8266,-0.086276,-0.75867,1.8289
-0.51813,-1.3781,2.3861,0.52137,-1.38,2.3833,0.088595,-0.76073,1.7949,-0.083368,-0.76136,1.7951
-0.46929,-1.3125,2.3207,0.47283,-1.3143,2.3182,0.088534,-0.76334,1.7656,-0.083156,-0.76374,1.7654
-0.4197,-1.2591,2.2432,0.42369,-1.2609,2.2408,0.091463,-0.76665,1.7589,-0.085993,-0.76687,1.7583
-0.37686,-1.2225,2.1611,0.38151,-1.2243,2.1587,0.097491,-0.76591,1.7763,-0.091804,-0.76603,1.7756
-0.34262,-1.1767,2.1006,0.34806,-1.1784,2.0984,0.10455,-0.76136,1.8183,-0.09858,-0.76145,1.8175
-0.31976,-1.1192,2.0273,0.32544,-1.1206,2.0252,0.11288,-0.7546,1.8832,-0.10679,-0.75471,1.8824
-0.30107,-1.0516,1.9214,0.30648,-1.0524,1.9194,0.12259,-0.74682,1.9675,-0.11639,-0.74697,1.9667
-0.29318,-1.0257,1.8625,0.29848,-1.0263,1.8604,0.13447,-0.73726,2.0672,-0.12809,-0.73746,2.0664
-0.29654,-1.0561,1.8746,0.30188,-1.0566,1.8724,0.14538,-0.72225,2.1744,-0.13889,-0.7225,2.1736
-0.29908,-1.0854,1.8806,0.3044,-1.0858,1.8783,0.15413,-0.69521,2.28,-0.14758,-0.69552,2.2792
-0.30026,-1.1108,1.8788,0.30547,-1.1111,1.8764,0.16072,-0.65542,2.3746,-0.15409,-0.6558,2.3738
-0.30059,-1.133,1.8719,0.30567,-1.1332,1.8695,0.16503,-0.60255,2.4485,-0.15824,-0.603,2.4479
-0.3006,-1.1534,1.8622,0.30562,-1.1536,1.8597,0.16628,-0.53532,2.4915,-0.15923,-0.53579,2.4911
-0.30004,-1.171,1.8494,0.30504,-1.1711,1.8469,0.16591,-0.45661,2.4959,-0.15897,-0.45702,2.4957
-0.29951,-1.1881,1.8351,0.30442,-1.1881,1.8325,0.16419,-0.3735,2.463,-0.1572,-0.37382,2.4631
-0.29886,-1.204,1.819,0.30361,-1.204,1.8163,0.16012,-0.29491,2.398,-0.15305,-0.29511,2.3983
-0.29805,-1.2201,1.7995,0.30258,-1.22,1.7969,0.15089,-0.22934,2.309,-0.1437,-0.22938,2.3095
-0.29651,-1.2337,1.7743,0.30085,-1.2336,1.7716,0.13689,-0.18236,2.2052,-0.12948,-0.18223,2.2058
-0.29447,-1.2458,1.7432,0.29861,-1.2457,1.7405,0.11983,-0.15679,2.0954,-0.11218,-0.1565,2.096
-0.292,-1.2566,1.7059,0.29598,-1.2564,1.7031,0.10252,-0.1508,1.9859,-0.094642,-0.15043,1.9866
-0.28939,-1.2667,1.6625,0.29333,-1.2664,1.6597,0.088167,-0.15603,1.8806,-0.080116,-0.15567,1.8814
-0.28801,-1.2741,1.6267,0.29188,-1.2738,1.6238,0.08095,-0.16568,1.7827,-0.073059,-0.16541,1.7836
-0.28814,-1.2829,1.6132,0.29193,-1.2825,1.6103,0.081135,-0.17862,1.6972,-0.073815,-0.17848,1.6981
-0.28941,-1.3015,1.6199,0.2934,-1.3012,1.6169,0.085266,-0.20666,1.6314,-0.078645,-0.20663,1.6323
-0.29308,-1.3305,1.6473,0.29672,-1.3302,1.6443,0.092058,-0.24785,1.5925,-0.086257,-0.24791,1.5933
-0.30179,-1.364,1.7005,0.30496,-1.3637,1.6975,0.093634,-0.29869,1.6211,-0.088199,-0.29879,1.6219
-0.31888,-1.399,1.7797,0.32143,-1.3988,1.7768,0.094267,-0.3474,1.6708,-0.089222,-0.3475,1.6712
-0.33944,-1.4353,1.8815,0.34175,-1.4352,1.8785,0.095587,-0.39253,1.7162,-0.090652,-0.39275,1.7175
-0.36357,-1.4768,1.9941,0.36531,-1.4769,1.9911,0.09597,-0.43739,1.7549,-0.091305,-0.43756,1.7552
-0.38903,-1.5206,2.1111,0.39074,-1.5209,2.1081,0.097035,-0.4795,1.79,-0.092399,-0.47973,1.7912
-0.41782,-1.5619,2.2261,0.41902,-1.5625,2.2231,0.097834,-0.52034,1.8219,-0.092837,-0.52164,1.8203
-0.44831,-1.5966,2.3326,0.44964,-1.5975,2.3296,0.098508,-0.56002,1.8492,-0.093764,-0.56114,1.8486
-0.48394,-1.6188,2.4246,0.48566,-1.62,2.4217,0.098455,-0.59868,1.8687,-0.093526,-0.59984,1.869
-0.52118,-1.6236,2.4966,0.52298,-1.6251,2.4937,0.098698,-0.63354,1.8843,-0.093755,-0.63457,1.8837
-0.55692,-1.6155,2.5413,0.55938,-1.6174,2.5383,0.097964,-0.66608,1.8901,-0.093466,-0.66607,1.8922
-0.58638,-1.5979,2.5566,0.58888,-1.6001,2.5535,0.097326,-0.69345,1.8903,-0.092151,-0.69436,1.8897
-0.60273,-1.572,2.5477,0.60567,-1.5745,2.545,0.095717,-0.71744,1.8823,-0.091207,-0.71721,1.8832
-0.60182,-1.5371,2.5236,0.60504,-1.5399,2.521,0.094361,-0.73576,1.8696,-0.089482,-0.73657,1.8694
-0.58713,-1.4923,2.4877,0.59062,-1.4953,2.4851,0.092621,-0.74955,1.8519,-0.08836,-0.75007,1.8509
-0.55721,-1.4382,2.4415,0.56148,-1.4413,2.4389,0.090261,-0.76011,1.8279,-0.08688,-0.75977,1.8294
-0.51659,-1.3755,2.3852,0.52107,-1.3786,2.383,0.088214,-0.76226,1.7964,-0.084213,-0.76261,1.7954
-0.46776,-1.3096,2.3194,0.47244,-1.3126,2.3175,0.088055,-0.7651,1.7672,-0.08408,-0.76518,1.7657
-0.41832,-1.2559,2.2413,0.42317,-1.2588,2.2398,0.090904,-0.76856,1.7605,-0.086964,-0.76843,1.7586
-0.37574,-1.2191,2.1588,0.38078,-1.222,2.1573,0.096823,-0.76749,1.7778,-0.092852,-0.76759,1.7758
-0.34184,-1.1729,2.098,0.34701,-1.1757,2.0967,0.1037,-0.76271,1.8195,-0.099762,-0.76288,1.8176
-0.3193,-1.1163,2.0254,0.32432,-1.1187,2.0243,0.11196,-0.75571,1.8843,-0.10813,-0.75582,1.8825
-0.29957,-1.0443,1.9125,0.30419,-1.0462,1.9114,0.1213,-0.74737,1.9685,-0.11758,-0.7474,1.9667
-0.29146,-1.0176,1.8544,0.29584,-1.0191,1.8531,0.13243,-0.73942,2.0673,-0.12875,-0.73942,2.0655
-0.29478,-1.0472,1.8666,0.29908,-1.0486,1.8652,0.14261,-0.72719,2.1732,-0.13897,-0.72721,2.1714
-0.29765,-1.0761,1.8748,0.30185,-1.0775,1.8734,0.15133,-0.70368,2.2782,-0.14772,-0.70379,2.2765
-0.29991,-1.103,1.8787,0.30391,-1.1041,1.8769,0.15917,-0.66495,2.373,-0.15554,-0.66518,2.3714
-0.30118,-1.1265,1.8776,0.30527,-1.1275,1.8756,0.16578,-0.60812,2.4467,-0.16184,-0.60846,2.4453
-0.30234,-1.1489,1.875,0.30651,-1.1498,1.873,0.16975,-0.53319,2.4885,-0.16556,-0.53361,2.4873
-0.30315,-1.1683,1.8702,0.30719,-1.1691,1.8681,0.16998,-0.44396,2.4899,-0.16589,-0.44441,2.4891
-0.30365,-1.1861,1.8638,0.30757,-1.1869,1.8617,0.16823,-0.34803,2.4518,-0.16446,-0.34843,2.4513
-0.30414,-1.2035,1.8563,0.30802,-1.2042,1.8541,0.16317,-0.25466,2.378,-0.15943,-0.25495,2.3776
-0.30422,-1.2188,1.8468,0.30809,-1.2193,1.8444,0.15371,-0.1732,2.2775,-0.14975,-0.17331,2.2773
-0.30435,-1.2342,1.8363,0.30801,-1.2336,1.8335,0.1402,-0.11085,2.1616,-0.13594,-0.11071,2.1615
-0.30404,-1.2474,1.8238,0.30802,-1.2478,1.8213,0.12452,-0.06993,2.04,-0.11974,-0.069509,2.0399
-0.30365,-1.2601,1.8106,0.30778,-1.2604,1.808,0.10917,-0.04711,1.919,-0.10382,-0.046438,1.9191
-0.3036,-1.2731,1.7974,0.30776,-1.2733,1.7948,0.096662,-0.034931,1.8027,-0.090842,-0.034085,1.8029
-0.30334,-1.2842,1.7843,0.30752,-1.2844,1.7816,0.088677,-0.025179,1.6935,-0.082506,-0.024285,1.6938
-0.30359,-1.2958,1.7723,0.3077,-1.296,1.7696,0.085423,-0.012635,1.5943,-0.079185,-0.01181,1.5947
-0.3038,-1.3055,1.7614,0.30769,-1.3056,1.7586,0.085423,0.0031512,1.5085,-0.079375,0.0038383,1.509
-0.30428,-1.3155,1.7517,0.3081,-1.3155,1.7489,0.085865,0.018415,1.4411,-0.079888,0.018946,1.4418
-0.30462,-1.3237,1.743,0.30826,-1.3238,1.7402,0.087148,0.026983,1.3969,-0.081577,0.027384,1.3976
-0.30528,-1.3322,1.735,0.30873,-1.3323,1.7323,0.088361,0.025132,1.3719,-0.083294,0.025442,1.3726
-0.30595,-1.3401,1.7283,0.30937,-1.3402,1.7256,0.088503,0.016194,1.3605,-0.083647,0.016463,1.3612
-0.30672,-1.3472,1.7233,0.31002,-1.3472,1.7206,0.088447,0.0037174,1.3659,-0.083763,0.0040015,1.3648
-0.30708,-1.3515,1.7191,0.31027,-1.3515,1.7164,0.088565,-0.0076656,1.3795,-0.083952,-0.007025,1.3781
-0.30767,-1.3561,1.7161,0.31075,-1.3562,1.7133,0.088644,-0.018152,1.3918,-0.084143,-0.017261,1.3902
-0.30821,-1.36,1.7142,0.31124,-1.36,1.7114,0.088687,-0.027544,1.4025,-0.084287,-0.026415,1.4009
-0.30863,-1.3631,1.7135,0.31179,-1.3631,1.7108,0.088827,-0.035442,1.4111,-0.084314,-0.034136,1.4097
-0.30903,-1.3653,1.7139,0.31226,-1.3653,1.7111,0.088859,-0.041625,1.4175,-0.08435,-0.040241,1.4165
-0.30931,-1.3667,1.7149,0.31264,-1.3667,1.7121,0.088887,-0.045773,1.4216,-0.084279,-0.044732,1.4209
-0.30918,-1.3659,1.7165,0.31252,-1.3659,1.7136,0.088831,-0.047839,1.4232,-0.084208,-0.047133,1.4227
-0.30934,-1.3656,1.719,0.3127,-1.3656,1.7162,0.088708,-0.04847,1.4232,-0.084122,-0.047823,1.4228
-0.30948,-1.3648,1.7226,0.31289,-1.3648,1.7197,0.088543,-0.048814,1.423,-0.083903,-0.048324,1.4226
-0.30966,-1.3635,1.7272,0.31308,-1.3635,1.7243,0.08835,-0.048789,1.4228,-0.083742,-0.0483,1.4225
-0.30985,-1.3617,1.7328,0.31328,-1.3617,1.7299,0.088189,-0.048366,1.4228,-0.08365,-0.04806,1.4225
-0.31006,-1.3594,1.7394,0.3135,-1.3594,1.7365,0.088033,-0.046273,1.4226,-0.08351,-0.046061,1.4223
-0.3103,-1.3566,1.7472,0.31376,-1.3566,1.7443,0.087881,-0.041501,1.4223,-0.083358,-0.041282,1.422
-0.31059,-1.3532,1.7559,0.31405,-1.3532,1.753,0.087691,-0.034296,1.4218,-0.083251,-0.034037,1.4215
-0.31093,-1.3493,1.7655,0.31438,-1.3494,1.7626,0.087539,-0.025187,1.4205,-0.083119,-0.024917,1.4203
-0.31131,-1.345,1.7759,0.31475,-1.345,1.773,0.087322,-0.014491,1.4179,-0.082939,-0.014252,1.4177
-0.31143,-1.3387,1.7865,0.31489,-1.3389,1.7837,0.087082,-0.0023695,1.4136,-0.082789,-0.0021839,1.4135
-0.31182,-1.333,1.7978,0.31527,-1.3332,1.795,0.086975,0.011031,1.4075,-0.082686,0.011167,1.4075
-0.31228,-1.3267,1.8097,0.31571,-1.3269,1.8069,0.086841,0.025664,1.3996,-0.082581,0.025745,1.3997
-0.31248,-1.3188,1.8217,0.31628,-1.3202,1.8193,0.086899,0.041443,1.3899,-0.08248,0.041469,1.39
-0.313,-1.311,1.8339,0.31642,-1.3113,1.8313,0.086771,0.058273,1.3784,-0.082517,0.058263,1.3787
-0.3135,-1.3027,1.8465,0.31694,-1.303,1.8438,0.08687,0.076064,1.3652,-0.082454,0.075999,1.3656
-0.31375,-1.2926,1.8586,0.3171,-1.293,1.8559,0.086827,0.094747,1.3504,-0.082549,0.094632,1.3509
-0.31426,-1.2826,1.8707,0.31754,-1.2831,1.8681,0.086895,0.11418,1.334,-0.082644,0.11403,1.3347
-0.31482,-1.2722,1.8829,0.31805,-1.2728,1.8803,0.086918,0.13429,1.3163,-0.08269,0.13409,1.317
-0.31495,-1.2595,1.8939,0.3181,-1.2602,1.8913,0.086967,0.15504,1.2972,-0.08278,0.15478,1.2981
-0.31541,-1.2474,1.905,0.3185,-1.2481,1.9024,0.087069,0.17625,1.277,-0.082896,0.17595,1.2779
-0.31544,-1.2333,1.9145,0.31845,-1.234,1.9121,0.087211,0.19789,1.2556,-0.083085,0.19755,1.2565
-0.3157,-1.2195,1.924,0.31869,-1.2204,1.9216,0.087363,0.21985,1.2331,-0.083168,0.21946,1.2342
-0.31551,-1.2037,1.9317,0.31843,-1.2047,1.9293,0.087559,0.24209,1.2098,-0.083297,0.24164,1.2109
-0.31531,-1.1875,1.9384,0.31846,-1.1894,1.9367,0.087719,0.26449,1.1856,-0.083413,0.264,1.1867
