0.022528,-0.0026038,0.005541,0.022528,0.0028108,-0.0055756,0.021064,-0.0028563,0.0063814,0.021058,0.0029627,-0.006139
0.0073908,0.16478,-0.011143,0.0071402,0.16667,-0.014554,0.0070036,0.5292,-0.058585,0.0060138,0.54052,-0.064543
0.006689,0.28617,-0.093347,0.0083441,0.28877,-0.096735,0.0084746,0.69091,0.0075154,0.002836,0.64762,0.010591
-0.022263,0.40073,-0.23696,-0.017083,0.39748,-0.22877,-0.0151,0.36809,0.12333,-0.02456,0.27515,0.16074
-0.016192,0.44213,-0.45357,-0.0048983,0.44057,-0.45084,-0.0051319,0.22113,0.15238,-0.014726,0.21478,0.16869
0.00013053,0.42071,-0.64519,0.022113,0.41971,-0.64114,0.013344,0.10742,0.20801,0.0021756,0.10594,0.21388
0.0024874,0.35164,-0.8732,0.025693,0.35329,-0.87353,0.018525,-0.078329,0.28797,0.0050622,-0.077378,0.29029
-0.016108,0.25461,-0.75332,0.003647,0.25237,-0.74212,0.0018707,-0.20216,0.49672,-0.020653,-0.19803,0.49095
-0.020682,0.12463,-1.1208,0.0093266,0.12788,-1.1259,0.0058633,-0.53481,0.65156,-0.021684,-0.53165,0.64639
-0.027129,-0.011282,-1.6128,0.015664,-0.0083518,-1.618,0.0083735,-0.92612,0.79215,-0.023337,-0.9238,0.78808
-0.035419,-0.14866,-2.2259,0.021957,-0.14604,-2.2324,0.010849,-1.3893,0.94775,-0.025735,-1.3884,0.94792
-0.047219,-0.32435,-3.0786,0.028275,-0.32273,-3.0841,0.013232,-2.0494,1.1809,-0.032033,-2.0499,1.1826
0.0053704,0.3381,-1.0339,-0.0099459,0.3397,-1.0382,0.0075826,-1.4977,0.6542,-0.016525,-1.498,0.6542
0.046516,-0.1048,1.2837,-0.04833,-0.10336,1.2809,0.0012284,-1.0352,0.25499,-0.0061477,-1.0358,0.25465
-0.058903,-0.96914,3.5901,0.058719,-0.96853,3.589,-0.0025535,-0.7096,-0.0073309,0.0012652,-0.71033,-0.0081257
-0.29228,-2.3016,6.0742,0.29981,-2.3026,6.0742,0.0025468,-0.65455,0.10269,0.00026247,-0.6549,0.10088
-0.94996,-3.4074,8.5547,0.96896,-3.409,8.5567,0.0021935,-0.52834,-0.050062,0.0068852,-0.52827,-0.053286
-1.7058,-4.3145,10.557,1.7308,-4.3163,10.561,-0.00055335,-0.4331,-0.2211,0.012152,-0.43291,-0.22485
-2.4965,-4.987,11.756,2.5185,-4.9896,11.761,-0.0079516,-0.33963,-0.41511,0.013818,-0.33607,-0.42645
-3.3516,-5.461,11.896,3.3746,-5.4636,11.901,-0.014512,-0.24538,-0.64826,0.017931,-0.24146,-0.65928
-4.28,-5.8429,10.807,4.3025,-5.8442,10.811,-0.019368,-0.15886,-0.88649,0.023638,-0.15441,-0.89786
-5.2037,-6.2545,8.4137,5.216,-6.2541,8.4154,-0.023781,-0.10835,-1.0587,0.026217,-0.10379,-1.0696
-5.9829,-6.7199,4.7909,5.9883,-6.7176,4.7913,-0.025723,-0.017651,-1.2464,0.031555,-0.012662,-1.2581
-6.039,-7.1164,0.59442,6.0424,-7.1104,0.5987,-0.0094893,-0.076,-1.1488,0.040634,-0.074675,-1.1183
-5.3548,-7.1904,-3.055,5.3479,-7.1864,-3.051,-0.014219,0.24825,-1.4601,0.047816,0.23198,-1.4285
-3.5779,-6.3128,-6.1427,3.5525,-6.3161,-6.1403,-0.03011,0.70054,-1.9105,0.049461,0.71592,-1.9504
-1.0334,-4.252,-8.254,1.0053,-4.2621,-8.2577,-0.048609,1.3177,-2.5099,0.051709,1.3337,-2.5465
0.7757,-1.6629,-9.5196,-0.76618,-1.6732,-9.5325,-0.064441,2.043,-3.2952,0.060668,2.0617,-3.3315
1.9233,1.0494,-9.3456,-1.8845,1.0489,-9.3545,0.05973,0.60918,-1.7541,-0.058397,0.62359,-1.7788
2.1556,3.4783,-7.974,-2.1273,3.4866,-7.9717,0.346,0.23763,0.82095,-0.34841,0.24584,0.80556
1.9188,7.1816,-4.1468,-1.9194,7.1901,-4.1384,0.56103,0.43332,3.332,-0.56626,0.43549,3.3233
0.77201,7.988,-1.4452,-0.78913,7.9924,-1.4386,0.8749,0.27669,5.7865,-0.87679,0.27434,5.7827
1.2796,11.471,-9.0994,-1.2868,11.475,-9.097,0.92607,-0.024038,7.9197,-0.92076,-0.033091,7.9188
-0.51827,-1.8191,2.4573,0.5122,-1.8204,2.4583,0.88462,-0.58259,9.5271,-0.88082,-0.59504,9.5293
-0.39343,-1.6686,1.6672,0.3883,-1.6697,1.668,0.60608,-0.58667,10.529,-0.60316,-0.59891,10.535
-0.23047,-1.451,0.75057,0.22592,-1.4521,0.75141,0.50322,-0.32948,10.966,-0.50321,-0.34229,10.974
-0.092444,-1.1821,0.032393,0.088654,-1.1884,0.041217,0.4026,-0.015147,10.692,-0.40749,-0.029478,10.701
-0.0085752,-1.0041,-0.38903,0.0097006,-1.0094,-0.38147,0.33526,0.084213,9.7408,-0.34359,0.12072,9.7436
0.040702,-0.81738,-0.61507,-0.03751,-0.82243,-0.60811,0.15535,0.77098,8.083,-0.15999,0.78493,8.0881
0.0092137,-0.8014,-0.49748,-0.058073,-0.47191,-0.61648,0.064409,1.9511,5.548,-0.087105,1.9468,5.5589
0.065261,-0.5705,-0.73134,-0.075645,-0.57462,-0.72575,-0.060308,3.343,2.1871,0.039579,3.3316,2.2031
0.1184,-0.36546,-0.98473,-0.13577,-0.35325,-1.0009,-0.14367,4.6635,-1.3508,0.12213,4.6488,-1.333
0.18129,-0.1821,-1.2923,-0.19143,-0.1685,-1.3106,-0.30983,5.6597,-4.5879,0.29489,5.648,-4.5703
0.25138,-0.030808,-1.6904,-0.2545,-0.015945,-1.7106,-0.49066,6.2456,-7.5392,0.48166,6.2409,-7.5224
0.33038,0.044715,-2.2126,-0.30681,0.022134,-2.1814,-0.49952,6.021,-9.748,0.49899,6.0274,-9.7321
0.3648,-0.026539,-2.6571,-0.35954,-0.00036306,-2.6931,-0.39064,4.917,-11.045,0.38047,4.9314,-11.035
0.39669,-0.16227,-3.224,-0.39759,-0.13782,-3.2584,-0.12924,2.9242,-11.402,0.11424,2.943,-11.399
0.38405,-0.36164,-3.5212,-0.35499,-0.39762,-3.4698,0.040062,0.93905,-11.049,-0.038068,0.96076,-11.048
0.033152,-0.074436,-1.5512,-0.022638,-0.050086,-1.5248,0.16828,-0.19574,-10.053,-0.15273,-0.1782,-10.053
-0.0060083,-1.0225,0.24553,0.025416,-1.024,0.24783,0.35746,-0.3833,-8.5722,-0.32901,-0.37206,-8.5705
-0.12473,-2.5195,1.609,0.13272,-2.5268,1.5953,0.49459,-0.59694,-6.5973,-0.45436,-0.59309,-6.5945
-0.49698,-3.931,3.4654,0.53885,-3.9376,3.4506,0.6868,-1.9172,-4.1087,-0.63514,-1.917,-4.1024
-1.0874,-4.3774,5.6278,1.1202,-4.3807,5.6175,0.1625,-3.1025,3.8603,-0.13921,-3.0991,3.8521
-1.7391,-4.8682,7.5646,1.7669,-4.8671,7.5582,0.14084,-2.6696,3.2294,-0.12614,-2.6665,3.2231
-2.3141,-5.7189,8.6536,2.3348,-5.7159,8.6488,0.11266,-2.2816,2.5968,-0.10834,-2.279,2.5927
-2.374,-6.4305,9.2484,2.3917,-6.4271,9.2433,0.10568,-2.018,2.3436,-0.10672,-2.0155,2.3406
-2.9394,-6.684,9.3398,2.9531,-6.6811,9.3338,0.077874,-1.7124,1.7871,-0.082602,-1.7102,1.7849
-3.3893,-6.3843,8.9264,3.3998,-6.3822,8.9195,0.042832,-1.3828,1.1481,-0.049617,-1.3809,1.1465
-3.691,-5.7319,7.7982,3.6997,-5.7303,7.7907,0.0065094,-1.0669,0.51381,-0.013805,-1.0653,0.51254
-3.8416,-4.9837,5.6938,3.8485,-4.9825,5.6863,-0.029968,-0.78047,-0.10545,0.022792,-0.7791,-0.1065
-3.5825,-4.0275,2.9711,3.6338,-4.0189,2.9658,-0.037548,-0.53722,-0.75989,0.093249,-0.53625,-0.7702
-2.848,-2.9093,0.10367,2.8549,-2.9081,0.099708,-0.072975,-0.31545,-1.1623,0.09884,-0.3159,-1.166
-1.7083,-1.465,-1.6331,1.6916,-1.4687,-1.6426,-0.10699,-0.079107,-1.5227,0.097273,-0.080155,-1.5195
-0.067911,0.14071,-2.8276,0.068442,0.14039,-2.8417,-0.10439,-0.030486,-1.5094,0.089721,-0.029937,-1.5062
0.56016,1.6065,-3.3848,-0.53863,1.6124,-3.3978,-0.11893,0.22832,-1.906,0.10853,0.22891,-1.9039
1.503,3.2017,-3.8266,-1.4693,3.2122,-3.8334,-0.13434,0.52434,-2.4002,0.13302,0.52565,-2.4004
2.6739,4.6409,-4.3699,-2.6397,4.652,-4.3698,-0.15011,0.946,-3.0076,0.16031,0.94757,-3.0104
4.1855,5.2656,-5.3042,-4.1821,5.2701,-5.2985,0.035889,0.084956,-1.6027,-0.040421,0.085588,-1.6047
5.0173,6.4029,-4.9266,-5.0292,6.4019,-4.9214,0.2379,0.17066,0.64845,-0.24406,0.17036,0.64617
4.6215,7.9799,-3.4255,-4.6373,7.9766,-3.4237,0.53465,0.59913,2.7649,-0.53975,0.59809,2.7623
3.0035,7.7256,-3.1315,-3.0149,7.7235,-3.133,0.86081,0.71404,4.8852,-0.86513,0.71194,4.8822
1.1878,5.6898,-3.28,-1.197,5.6902,-3.2827,1.1146,0.49247,6.8299,-1.1211,0.48865,6.8265
2.0266,9.9115,-8.7386,-2.0471,9.9152,-8.7357,0.9923,0.29895,8.5159,-1.0038,0.29244,8.5122
2.6408,12.895,-12.855,-2.6614,12.9,-12.85,1.0684,0.19338,9.8916,-1.0803,0.18439,9.888
-0.41542,-2.0252,1.4559,0.40686,-2.027,1.4575,1.1682,0.059651,10.634,-1.1819,0.048655,10.631
-0.29269,-1.8144,0.73784,0.28219,-1.8166,0.74014,0.85686,0.23339,10.562,-0.87573,0.21932,10.559
-0.17921,-1.5412,0.14723,0.16788,-1.5435,0.14993,0.56768,0.52255,9.8184,-0.58956,0.50511,9.8167
-0.099421,-1.3121,-0.24311,0.089064,-1.3142,-0.24057,0.33875,0.61144,8.4665,-0.36074,0.59087,8.4658
-0.043781,-1.0797,-0.47317,0.035083,-1.0815,-0.47101,0.01864,1.2149,6.2621,-0.039214,1.1932,6.2641
-0.03524,-0.97892,-0.50494,0.025547,-0.98802,-0.49188,0.020409,1.9041,3.2702,-0.043557,1.8827,3.2751
0.023453,-0.79294,-0.73793,-0.015587,-0.81517,-0.70876,-0.17856,2.4026,-0.055632,0.17103,2.3854,-0.048375
0.087175,-0.60338,-1.0437,-0.077477,-0.62527,-1.0151,-0.48495,2.5248,-2.6984,0.48141,2.5134,-2.6891
0.14709,-0.44046,-1.4053,-0.16264,-0.41796,-1.4346,-0.85674,2.2298,-5.0836,0.84699,2.2252,-5.0747
0.21926,-0.30587,-1.8619,-0.23231,-0.28299,-1.8922,-1.1976,1.5086,-6.9172,1.1982,1.5133,-6.9113
0.30506,-0.19557,-2.4408,-0.28334,-0.22288,-2.4045,-1.3465,0.40814,-8.1206,1.3701,0.4254,-8.1145
0.32642,-0.21924,-2.8826,-0.33869,-0.18629,-2.9268,-1.2843,-0.50778,-8.7827,1.3003,-0.48443,-8.78
0.34039,-0.31872,-3.3945,-0.35551,-0.28694,-3.4385,-0.9485,-1.4771,-8.9579,0.97706,-1.4505,-8.9566
0.30196,-0.50062,-3.6509,-0.2889,-0.38717,-3.8185,-0.42287,-2.1959,-8.7515,0.4563,-2.1681,-8.746
0.014708,-0.10393,-1.6142,-0.050958,-0.072749,-1.6523,0.0085358,-2.3807,-8.0675,-0.046214,-2.3553,-8.0623
0.002954,-0.83361,0.26945,0.054997,-0.82883,0.31257,0.075704,-2.0673,-6.8574,-0.0032957,-2.0572,-6.8533
-0.12281,-1.9888,1.9078,0.09697,-2,1.9243,0.079156,-1.7363,-5.1329,-0.057009,-1.735,-5.127
-0.51441,-3.0892,4.0573,0.50269,-3.1085,4.06,0.32975,-2.5503,-2.9483,-0.33364,-2.5531,-2.9452
-1.2103,-3.3041,6.5014,1.2122,-3.3185,6.5016,0.20556,-3.3214,3.8747,-0.21569,-3.3238,3.8803
-1.7262,-3.5316,8.7206,1.7271,-3.54,8.7228,0.17924,-2.8506,3.1804,-0.18731,-2.8525,3.1853
-2.2416,-4.1617,9.9774,2.2354,-4.1667,9.9817,0.14585,-2.4572,2.5041,-0.1515,-2.4587,2.5081
-2.3389,-4.6465,10.673,2.327,-4.651,10.678,0.13712,-2.2172,2.2281,-0.14108,-2.2186,2.2315
-2.9218,-4.6502,10.818,2.9104,-4.6554,10.821,0.099828,-1.9414,1.6392,-0.10081,-1.9423,1.6416
-3.4077,-4.0737,10.426,3.3978,-4.0799,10.428,0.051089,-1.6481,0.96615,-0.049814,-1.6484,0.9676
-3.8469,-3.1721,9.2625,3.6596,-3.1963,9.2693,-0.083551,-1.3561,0.10113,0.78352,-2.5783,-2.0015
-4.0072,-2.3337,7.0471,3.9709,-2.3467,7.0456,-0.083224,-1.1463,-0.49526,0.047499,-1.1453,-0.4935
-3.8006,-1.4483,4.1693,3.8162,-1.4528,4.1709,-0.09641,-0.95786,-1.0258,0.11427,-0.95303,-1.0367
-3.0173,-0.64335,1.1015,3.0211,-0.64618,1.1171,-0.11471,-0.76139,-1.4587,0.15328,-0.75438,-1.4755
-1.7135,0.16193,-1.1234,1.6986,0.15427,-1.1168,-0.14618,-0.54523,-1.8487,0.16612,-0.53876,-1.8618
0.1445,0.67648,-2.5556,-0.14797,0.66696,-2.5649,-0.14428,-0.58401,-1.855,0.15497,-0.582,-1.8652
1.098,1.6624,-3.506,-1.089,1.654,-3.5256,-0.18467,-0.14471,-2.4939,0.18124,-0.128,-2.5126
2.3285,2.9134,-4.2464,-2.3018,2.9135,-4.2656,-0.20781,0.20046,-3.1297,0.21029,0.17939,-3.0611
3.5301,4.1325,-5.0268,-3.4913,4.1411,-5.037,-0.22479,0.57731,-3.7527,0.24073,0.55207,-3.6854
4.8764,4.3469,-6.3649,-4.8533,4.3583,-6.3642,0.10123,-0.13301,-2.2243,-0.078972,-0.15664,-2.1833
5.5242,5.5736,-6.1219,-5.5152,5.5835,-6.118,0.24524,0.034393,0.2335,-0.23642,0.018632,0.25843
4.8999,7.8908,-4.4602,-4.8806,7.899,-4.4601,0.49135,0.34472,2.4595,-0.48354,0.33759,2.4731
3.009,8.0077,-4.0845,-2.9804,8.014,-4.0886,0.82227,0.58353,4.7215,-0.81511,0.58414,4.727
1.0756,5.9705,-4.0981,-1.0468,5.9754,-4.1044,1.0824,0.57496,6.7332,-1.078,0.58187,6.7324
1.5806,8.6202,-9.2285,-1.5904,8.6252,-9.2302,0.98967,0.56337,8.3833,-0.99558,0.57413,8.3771
2.1504,10.8,-12.844,-2.169,10.804,-12.846,1.0521,0.64428,9.6703,-1.0561,0.65933,9.6588
-0.38322,-2.5093,1.4891,0.38768,-2.5078,1.4864,1.2032,0.4836,10.355,-1.2076,0.50243,10.339
-0.27627,-2.3692,0.83702,0.27582,-2.3683,0.83572,0.94527,1.0486,10.184,-0.9542,1.0688,10.164
-0.18283,-2.1552,0.30194,0.17777,-2.155,0.30199,0.68694,1.7593,9.2923,-0.69705,1.7793,9.2699
-0.11637,-1.9636,-0.072002,0.10992,-1.9635,-0.071634,0.47337,2.3048,7.715,-0.47721,2.3234,7.6932
-0.028571,-1.5965,-0.49027,0.020872,-1.6,-0.48394,0.15453,3.3209,5.338,-0.15534,3.3361,5.3189
-0.045278,-1.5798,-0.37188,0.06352,-1.5784,-0.37326,0.045978,4.3916,2.1867,-0.010762,4.4032,2.1673
0.0033071,-1.3815,-0.65613,0.0036339,-1.3877,-0.64609,-0.10893,5.2291,-1.15,0.13351,5.2334,-1.1617
0.052559,-1.2312,-0.9484,-0.050926,-1.2385,-0.93707,-0.39116,5.641,-4.1042,0.41663,5.638,-4.1109
0.10109,-1.1121,-1.3008,-0.13716,-1.0549,-1.3796,-0.77244,5.504,-6.7032,0.79064,5.4918,-6.707
0.18826,-0.96666,-1.8439,-0.1977,-0.97658,-1.8293,-1.156,4.7421,-8.6021,1.1884,4.724,-8.602
0.18498,-0.96064,-2.3383,-0.44118,-0.13017,-3.2387,-1.4744,3.3444,-9.6726,1.3902,3.3167,-9.664
0.29738,-0.96763,-2.9461,-0.30319,-0.97691,-2.9327,-1.4626,1.4876,-9.9756,1.5039,1.4652,-9.9678
0.35203,-1.0241,-3.6183,-0.32815,-1.0246,-3.6166,-1.207,-0.35202,-9.7061,1.2616,-0.37213,-9.7015
0.26411,-1.2846,-3.7701,-0.27442,-1.2924,-3.7576,-0.79268,-1.3315,-9.1296,0.7815,-1.3507,-9.127
-0.018816,-0.67251,-1.6731,-0.016132,-0.63801,-1.7785,-0.31242,-1.8034,-8.1561,0.28935,-1.8218,-8.1599
-0.014619,-1.3106,0.33462,0.086239,-1.2589,0.29869,0.062102,-1.9258,-6.7537,0.009151,-1.9393,-6.7597
-0.19312,-2.4066,1.9724,0.17632,-2.364,1.9696,0.055673,-2.1006,-4.8731,-0.049639,-2.106,-4.8777
-0.64128,-3.4594,4.1176,0.58865,-3.4385,4.1237,0.30662,-3.4425,-2.4848,-0.34697,-3.443,-2.4925
-1.4236,-3.5805,6.5361,1.3813,-3.5752,6.5431,0.22514,-4.212,4.8861,-0.25312,-4.2133,4.8917
-1.8909,-3.7082,8.758,1.8101,-3.7217,8.7671,0.15957,-3.7768,4.0862,-0.26234,-3.7784,4.1151
-2.3805,-4.459,9.8601,2.3576,-4.4705,9.8723,0.16093,-3.4624,3.5092,-0.22069,-3.4619,3.5279
-2.4131,-4.9994,10.467,2.3953,-5.011,10.486,0.17341,-3.2226,3.2628,-0.21209,-3.2218,3.2772
-2.9829,-4.9873,10.615,2.99,-4.9965,10.639,0.15545,-2.9718,2.5306,-0.13419,-2.9721,2.5319
-3.4748,-4.2963,10.314,3.455,-4.311,10.341,0.12362,-2.6871,1.8853,-0.080091,-2.6897,1.8833
-3.8538,-3.2503,9.2542,3.8099,-3.2748,9.2764,0.067574,-2.4046,1.2187,-0.037462,-2.4082,1.2195
-4.1097,-2.2987,7.0752,4.0427,-2.3351,7.0867,-0.0052382,-2.1347,0.54264,-0.0035746,-2.1382,0.5496
-3.9291,-1.4131,4.1468,3.891,-1.4536,4.1375,-0.082915,-1.8801,-0.21318,0.041242,-1.8792,-0.20433
-3.1254,-0.75083,0.9435,3.1481,-0.78162,0.92207,-0.10516,-1.643,-0.67284,0.085314,-1.6397,-0.66951
-1.7574,-0.048636,-1.4031,1.804,-0.067278,-1.4183,-0.1206,-1.3847,-1.081,0.12352,-1.381,-1.0819
0.12191,0.2535,-2.9756,-0.13157,0.23969,-2.9769,-0.13691,-1.2085,-1.1672,0.24983,-1.5631,-1.6302
1.1704,1.0345,-3.9484,-1.1693,1.03,-3.9399,-0.16986,-0.88429,-1.808,0.15543,-0.88266,-1.8035
2.4919,2.2079,-4.5957,-2.5395,2.2008,-4.5878,-0.24315,-0.44471,-2.5076,0.15869,-0.44668,-2.4787
3.7642,3.4914,-5.1948,-3.7727,3.4945,-5.187,-0.26092,0.050624,-3.2073,0.21133,0.047888,-3.1843
4.3675,4.2813,-6.3032,-4.3752,4.2857,-6.2934,-0.28721,0.52859,-3.958,0.24892,0.52361,-3.9359
5.1095,4.5497,-7.1255,-5.1232,4.5517,-7.1123,0.10265,-0.21022,-2.3225,-0.070232,-0.21973,-2.3067
4.8562,4.6479,-7.3221,-4.9212,4.6378,-7.307,0.33955,0.090486,0.3297,-0.36044,0.086697,0.34022
4.0663,7.2499,-4.2735,-4.1272,7.237,-4.2574,0.49817,0.67412,2.7615,-0.53007,0.67588,2.765
2.0816,8.0372,-2.1694,-2.1257,8.0213,-2.1528,0.79842,1.1838,5.1639,-0.83085,1.1909,5.163
1.5002,8.4744,-7.3333,-1.4914,8.4702,-7.3444,1.0141,1.4802,7.2148,-1.0324,1.4932,7.2121
1.7141,9.2335,-10.892,-1.6926,9.2405,-10.916,1.1158,1.7729,8.8415,-1.1325,1.7894,8.8391
-0.36525,-2.4067,1.2987,0.35837,-2.4019,1.2966,1.3749,1.7289,9.9502,-1.3834,1.7477,9.9481
-0.28431,-2.3441,0.76866,0.2859,-2.3374,0.76392,1.137,2.979,10.18,-1.1362,3.0015,10.178
-0.1989,-2.199,0.25768,0.20909,-2.1904,0.25039,0.88709,4.2923,9.4473,-0.88011,4.3196,9.4418
-0.094921,-1.9646,-0.26279,0.16728,-2.072,-0.11238,0.72656,5.3302,7.8194,-0.70133,5.3635,7.8083
-0.038237,-1.7571,-0.63427,0.069607,-1.7827,-0.59904,0.51087,6.6252,5.222,-0.51053,6.6581,5.2023
-0.075542,-1.8053,-0.57805,-0.023488,-1.3362,-0.85535,0.33142,7.8069,1.7018,-0.35616,7.8347,1.6738
-0.06334,-1.6346,-0.98515,-0.26286,-0.68189,-1.8105,-0.14279,8.3922,-1.9814,0.001494,8.4081,-2.007
0.25984,-0.59534,-2.2606,0.0033854,-1.5211,-1.4701,-0.26424,8.2425,-5.4805,0.36059,8.258,-5.5176
0.13308,-1.4004,-2.0724,-0.14129,-1.342,-2.1456,-0.73742,7.2755,-8.4005,0.72529,7.2727,-8.4283
0.24563,-1.2349,-2.8353,-0.17524,-1.2882,-2.7671,-1.1977,5.5053,-10.257,1.2214,5.4918,-10.28
0.32719,-1.075,-3.6938,-0.24901,-1.1517,-3.5955,-1.5709,3.1365,-10.998,1.587,3.1149,-11.012
0.31036,-0.9308,-4.4761,-0.2949,-1.0672,-4.3794,-1.721,0.58524,-10.834,1.7257,0.5625,-10.838
0.34232,-0.95216,-5.2787,-0.32245,-0.99865,-5.2166,-1.5716,-1.2277,-10.251,1.5634,-1.2487,-10.252
0.051932,-0.61459,-3.1181,-0.024841,-0.52349,-3.0913,-1.0953,-2.2208,-9.3711,1.1053,-2.2329,-9.3683
-0.014237,-1.0181,-0.74959,0.04179,-1.0248,-0.78611,-0.41425,-3.2884,-7.9766,0.4544,-3.2917,-7.9714
-0.098989,-1.9206,1.3161,0.048121,-1.9512,1.2639,0.027585,-3.4756,-6.3391,-0.053277,-3.4712,-6.3331
-0.30028,-2.6456,3.6859,0.313,-2.6635,3.6477,0.068092,-3.3016,-4.3571,-0.038258,-3.2979,-4.3532
-0.69837,-3.1653,6.4611,0.72137,-3.1705,6.443,0.2506,-3.7473,-1.902,-0.21653,-3.7442,-1.8953
-1.5811,-2.8846,9.2808,1.6095,-2.8858,9.2766,0.20614,-5.4097,6.1285,-0.20692,-5.4066,6.1251
-2.1064,-2.602,11.647,2.1407,-2.6058,11.649,0.21139,-5.0754,5.5794,-0.21012,-5.0723,5.5752
-2.6528,-2.6867,12.756,2.689,-2.6984,12.758,0.21258,-4.8906,5.1346,-0.21267,-4.8874,5.1304
-2.5825,-2.4542,13.184,2.7621,-2.4578,13.179,0.1385,-4.9946,4.7597,-0.12813,-4.7247,4.4703
-3.2428,-1.7667,12.897,3.4546,-1.7305,12.932,0.49317,-4.7686,4.1151,0.83504,-5.934,1.9321
-4.1592,-0.043422,12.202,3.8665,-0.10898,12.227,0.26577,-4.6084,3.5069,-0.033031,-4.5435,3.3346
-4.7763,1.6425,10.794,4.5247,1.5447,10.747,0.15688,-4.4206,2.5628,-0.052949,-4.3733,2.7262
-5.0347,3.3174,8.3303,5.2029,3.2126,8.0503,0.061199,-4.2246,1.8736,-0.03816,-4.1288,1.7139
-4.8141,4.8055,5.1399,5.4022,4.7417,4.6708,-0.0070244,-3.9764,1.1895,-0.023698,-3.8583,1.031
-3.9721,5.7456,1.8125,4.8593,5.7565,1.2219,-0.083621,-3.6234,0.23576,0.026169,-3.4914,0.094618
-2.6746,6.3354,-0.87659,3.4163,6.4121,-1.2253,-0.1747,-3.2679,-0.33799,-0.0057943,-3.1514,-0.43928
-0.74584,6.6087,-2.6261,1.2332,6.7405,-2.8142,-0.23448,-2.9279,-0.87777,-0.016777,-2.835,-0.93672
0.73059,6.6219,-4.0961,-0.73097,6.771,-4.0576,-0.28887,-2.4553,-1.5516,-0.0006025,-2.4058,-1.5764
2.3767,6.4354,-5.2103,-2.454,6.5373,-5.0668,-0.28815,-1.7555,-2.6811,0.1273,-1.7313,-2.7209
4.1053,5.8365,-6.1723,-4.1203,5.8431,-6.0349,-0.26627,-1.0149,-3.6305,0.23915,-1.0005,-3.686
5.4383,3.5582,-7.1955,-5.0424,3.4257,-7.1876,-0.11629,-0.091443,-4.9717,0.50404,-0.056262,-5.1245
6.5769,0.5424,-8.0537,-6.1724,0.27767,-8.1335,0.15241,-0.79029,-3.2896,-0.17008,-0.75535,-3.3689
7.2414,-1.8183,-8.5926,-6.631,-2.0062,-8.7102,0.49349,-0.3848,-0.39011,-0.34826,-0.34804,-0.43768
7.2176,1.3184,-7.4349,-6.4488,1.3874,-7.3999,0.54612,0.37197,2.3051,-0.27579,0.34589,2.2855
4.9782,4.1676,-5.7466,-4.2336,4.4467,-5.5914,0.74748,0.77665,4.915,-0.48003,0.74861,4.907
2.747,4.2064,-9.3349,-2.7259,4.531,-9.0362,0.9424,0.98919,7.1892,-0.86382,0.91869,7.1756
1.9445,4.8902,-11.595,-2.1911,5.1795,-11.306,1.0224,1.2547,8.9959,-0.92908,1.1638,8.9631
-0.32608,-3.8086,2.0386,0.32097,-3.8009,2.0283,1.2945,1.2397,10.274,-1.2295,1.145,10.225
-0.33068,-3.8108,1.5886,0.21982,-3.8149,1.6096,0.97239,2.8854,10.83,-1.0236,2.7639,10.772
-0.39084,-3.7405,1.2132,-0.046047,-3.0042,0.35961,0.62085,4.6783,10.308,-0.84817,4.4933,10.254
-0.21428,-3.3968,0.41152,0.014566,-3.3946,0.44127,0.5523,6.3041,8.6945,-0.60393,6.0714,8.6676
-0.18565,-3.2695,0.11777,-0.034417,-3.2081,0.041638,0.39927,8.2448,5.9567,-0.43013,7.9682,6.0243
-0.13621,-3.1894,0.044512,0.037567,-3.1222,-0.042788,0.28667,10.17,2.0388,-0.17853,9.8796,2.2315
-0.11448,-3.0441,-0.35662,-0.024096,-3.0162,-0.37371,-0.057601,11.505,-2.3737,0.09514,11.224,-2.1084
0.0036736,-2.9409,-0.8149,-0.025864,-2.8794,-0.88506,-0.16709,12.012,-6.8008,0.34737,11.776,-6.431
0.031848,-2.8314,-1.4028,-0.1307,-2.7915,-1.4382,-0.51063,11.412,-10.598,0.69201,11.246,-10.196
0.072005,-2.7541,-2.0971,-0.23556,-2.7204,-2.1238,-0.91605,9.5541,-12.998,1.1491,9.4916,-12.646
0.058824,-2.6708,-2.9017,-0.38526,-2.6617,-2.8942,-1.2802,6.7178,-13.85,1.4813,6.7632,-13.581
0.12116,-2.6344,-3.6132,-0.38975,-2.6064,-3.637,-1.3101,3.5084,-13.377,1.7172,3.6285,-13.195
0.15978,-2.5646,-4.3784,-0.37781,-2.546,-4.3934,-1.1013,0.81507,-12.275,1.6285,0.95889,-12.139
0.28088,-2.1987,-5.1484,-0.14807,-2.5619,-4.7584,-0.56769,-0.49608,-10.973,1.3361,-0.41925,-10.841
0.02976,-1.7514,-2.7087,-0.042863,-1.7512,-2.7176,-0.25446,-0.80956,-9.5422,0.59056,-0.78144,-9.4183
-0.073674,-2.0417,-0.11041,-0.0030629,-2.0701,-0.10949,0.018482,-1.0701,-7.7685,-0.030106,-1.1293,-7.6892
-0.35206,-2.8484,2.1625,0.10225,-2.8695,2.1812,-2.2652e-05,-1.758,-5.4945,-0.2184,-1.8783,-5.4653
-0.93859,-3.6688,4.888,0.41601,-3.6934,4.9189,0.081684,-3.6532,-2.5191,-0.71512,-3.7922,-2.5518
-1.804,-3.5418,7.9285,1.3435,-3.5352,7.9575,0.0035895,-6.4276,7.896,-0.31149,-6.4256,7.9898
-2.5684,-3.4323,10.703,2.0038,-3.4422,10.734,0.014367,-6.1711,7.3522,-0.3078,-6.1482,7.1485
-3.3123,-3.8603,12.147,2.4387,-3.9121,12.199,-0.024989,-6.0398,6.9343,0.33664,-7.3913,4.46
-3.1487,-3.8885,12.956,2.3913,-3.9525,13.02,0.077993,-5.8389,6.7387,-0.2984,-5.8112,6.0627
-3.8992,-3.3592,13.01,3.1949,-3.4296,13.099,0.083275,-5.6677,5.2471,-0.18231,-5.7006,5.2211
-4.4664,-1.7536,12.646,4.0123,-1.8199,12.74,-0.58611,-6.8228,2.3748,-0.041793,-5.5494,4.6223
-5.201,0.38007,11.375,4.5558,0.34645,11.483,0.12576,-5.2974,3.5966,-0.013519,-5.3288,3.5447
-5.8601,1.8835,8.595,5.2,1.7934,8.6976,0.049152,-5.0535,2.4988,-0.0051335,-5.1291,2.8628
-5.9326,3.3679,5.0836,5.2895,3.2236,5.1494,-0.021535,-4.7721,1.8004,0.0063609,-4.7945,1.7363
-5.1148,4.4512,1.5111,4.698,4.285,1.5045,-0.055603,-4.3427,0.74422,0.076158,-4.3523,0.66452
-3.4766,5.3392,-1.0676,3.3045,5.17,-1.1769,-0.063101,-3.862,0.08558,0.11258,-3.8498,-0.010271
-1.0662,6.0061,-2.7679,1.1075,5.8652,-2.945,-0.045564,-3.4189,-0.58229,0.17634,-3.4077,-0.66166
0.88381,6.5492,-4.1536,-0.93481,6.4191,-4.3325,-0.17536,-2.8288,-1.3469,0.10948,-2.7575,-1.5422
2.9271,6.8835,-5.238,-2.7938,6.829,-5.422,-0.16377,-1.9482,-2.6562,0.21961,-1.9786,-2.5157
4.8908,6.7216,-6.3035,-4.5357,6.7433,-6.5027,-1.0973,-2.1422,-6.1813,0.36273,-0.91674,-4.0031
6.1611,4.4111,-7.6873,-6.0727,4.4185,-7.8749,0.10375,-1.1445,-2.5208,-0.11103,-1.2553,-2.5669
7.1396,3.1674,-8.199,-6.9852,3.2109,-8.3665,0.29811,-0.73694,-0.087621,-0.23216,-0.68624,-0.052415
6.9979,4.1438,-7.6975,-6.7248,4.2422,-7.7903,0.51683,0.056557,2.0853,-0.38768,0.10626,2.1501
5.0776,3.7306,-6.8556,-4.7242,3.8302,-6.882,0.78845,0.22216,4.3793,-0.67049,0.29359,4.4382
3.097,2.4554,-7.1596,-2.8709,2.5473,-7.1817,0.93847,0.42946,6.531,-0.8853,0.48872,6.5646
2.5313,3.7994,-10.459,-2.3885,3.9308,-10.475,0.88272,0.89298,8.3769,-0.84428,0.94555,8.3801
2.4052,5.5075,-12.771,-2.2732,5.6565,-12.803,0.9112,1.3498,9.7179,-0.86122,1.4117,9.6988
-0.28831,-4.1622,1.8217,0.3759,-4.1618,1.799,1.0677,1.5667,10.379,-1.0873,1.6285,10.348
-0.21029,-4.1296,1.2988,0.3226,-4.1239,1.2676,0.90461,2.6384,10.158,-0.82109,2.7128,10.117
-0.16853,-4.0178,0.90089,0.28367,-4.0102,0.8681,0.74737,4.0171,9.0903,-0.58015,4.1056,9.0688
-0.23008,-3.906,0.65601,-0.086334,-2.6678,-0.45851,0.56533,5.4646,7.1136,-0.44388,5.5541,7.1362
-0.037258,-3.288,-0.27381,0.053441,-3.2457,-0.32801,0.38658,7.0687,4.2111,-0.14743,7.1792,4.2446
0.081992,-2.7785,-0.42971,0.089716,-3.1399,-0.35132,0.19889,8.4659,0.44794,0.047521,8.6004,0.47065
-0.068427,-3.0467,-0.64135,0.0052241,-3.0287,-0.65096,-0.021241,9.2101,-3.1698,0.086828,9.3464,-3.1776
0.014974,-2.8637,-1.1274,-0.042465,-2.8382,-1.1466,-0.24047,9.2558,-6.7035,0.33675,9.3816,-6.7337
0.070254,-2.6994,-1.6887,-0.12225,-2.6908,-1.6807,-0.6283,8.4469,-9.5482,0.65467,8.5363,-9.5853
0.11859,-2.552,-2.3662,-0.22848,-2.5406,-2.3592,-1.0762,6.7061,-11.208,0.96674,6.7295,-11.242
0.2962,-1.691,-3.8641,-0.48832,-1.6735,-3.8088,-1.4365,4.4016,-11.741,1.1318,4.3352,-11.768
0.17266,-2.2967,-3.8624,-0.39151,-2.3083,-3.8219,-1.5738,1.9088,-11.356,1.0816,1.7484,-11.384
0.20942,-2.1741,-4.6652,-0.39734,-2.2053,-4.6005,-1.4563,-0.10898,-10.509,0.81073,-0.28241,-10.562
0.22561,-2.1992,-5.0161,-0.24781,-2.1696,-5.0338,-1.0672,-0.90909,-9.5021,0.42917,-1.1222,-9.5838
0.043093,-1.4873,-2.6782,-0.0015719,-1.5311,-2.7141,-0.66112,-1.3555,-8.2047,-0.013743,-1.5465,-8.3048
-0.0079171,-1.8463,-0.074176,0.016776,-1.8284,-0.10191,-0.20211,-1.7458,-6.5502,-0.027279,-1.8624,-6.6361
-0.28436,-2.6569,2.2219,0.22888,-2.6451,2.2016,0.020521,-2.4882,-4.4451,-0.17361,-2.5045,-4.5036
-0.76619,-3.4328,5.0035,0.69408,-3.4361,4.9876,0.2972,-4.3531,-1.6989,-0.52038,-4.3281,-1.7696
-1.7608,-3.2651,8.078,1.679,-3.2792,8.0722,0.24243,-6.2821,7.4408,-0.15375,-6.2902,7.3982
-2.2969,-3.0611,10.9,2.1896,-3.0923,10.908,0.22661,-5.9902,6.8725,-0.19628,-6.0011,6.8468
-2.8195,-3.4459,12.323,2.7205,-3.49,12.337,0.22068,-5.831,6.4317,-0.22819,-5.8424,6.416
-2.7466,-3.4666,13.065,2.6565,-3.5186,13.087,0.18117,-5.6583,5.5427,-0.20365,-5.6683,5.5273
-3.5384,-2.8698,13.048,3.3882,-2.9458,13.077,0.097334,-5.5559,4.7408,-0.22608,-5.5653,4.7676
-4.169,-1.221,12.58,4.0939,-1.2976,12.623,0.098193,-5.3964,4.1481,-0.19458,-5.4029,4.165
-4.7757,0.7809,11.208,4.7045,0.692,11.264,0.0076332,-5.1904,3.0884,-0.16162,-5.1922,3.111
-5.2731,2.3236,8.3803,5.3187,2.2373,8.4357,0.0063155,-4.9593,2.3682,-0.093348,-4.9572,2.3741
-5.2118,3.7438,4.7927,5.3895,3.6673,4.8345,-0.013825,-4.634,1.2757,0.027293,-4.6237,1.2385
-4.3982,4.7031,1.1541,4.6119,4.6223,1.1599,-0.043666,-4.2204,0.57494,0.06364,-4.2043,0.53441
-2.8109,5.3598,-1.4211,3.018,5.2672,-1.4646,-0.12391,-3.7029,-0.43946,0.09907,-3.6812,-0.47164
-0.48138,5.7648,-3.1754,0.63764,5.6625,-3.2607,-0.159,-3.3325,-0.73732,0.26804,-3.7173,-1.3796
1.3663,5.9139,-4.5707,-1.2983,5.8118,-4.6767,-0.25482,-2.6162,-2.0066,0.1115,-2.5962,-1.994
3.4639,5.9421,-5.648,-3.3454,5.8624,-5.7641,-0.28409,-1.8128,-2.9763,0.17318,-1.79,-2.9687
5.397,5.5378,-6.7435,-5.2358,5.5065,-6.8466,-0.30864,-0.74819,-4.4221,0.28132,-0.7164,-4.4454
6.7478,3.0424,-8.2201,-6.6404,3.0086,-8.3359,0.10499,-1.129,-2.8697,-0.11094,-1.113,-2.8911
7.572,2.2203,-8.6694,-7.5069,2.2276,-8.7233,0.27767,-0.56727,-0.23427,-0.28184,-0.55967,-0.24813
7.0413,4.2557,-7.8057,-6.9825,4.3218,-7.7279,0.43548,0.16767,2.0927,-0.44169,0.174,2.0867
4.6156,4.3863,-6.8218,-4.4737,4.4323,-6.7226,0.73148,0.50742,4.4696,-0.73462,0.51504,4.4691
2.6075,2.8234,-6.9832,-2.4967,2.8909,-6.9605,0.92876,0.85151,6.6239,-0.95766,0.85448,6.6273
2.0684,3.8742,-9.8476,-1.9938,4.0306,-9.8523,0.88086,1.464,8.4243,-0.89836,1.4628,8.4315
1.9546,5.3091,-11.946,-1.9074,5.5174,-11.977,0.90919,2.0478,9.6691,-0.91563,2.0448,9.6817
-0.3432,-3.9307,1.8847,0.34357,-3.9377,1.8269,1.0713,2.3397,10.214,-1.2229,2.3459,10.273
-0.26362,-3.9133,1.3966,0.31186,-3.9098,1.3252,0.92202,3.451,9.8768,-0.94863,3.445,9.906
-0.2158,-3.8221,1.0129,0.28589,-3.8118,0.93664,0.75986,4.8749,8.6981,-0.71226,4.87,8.7291
-0.22725,-3.7333,0.7688,0.11986,-3.3236,0.052473,0.60038,6.3645,6.6144,-0.54069,6.3638,6.657
-0.11074,-3.1802,-0.093974,-0.089786,-2.3276,-0.78402,0.34571,7.9905,3.5734,-0.30648,8.0034,3.6293
-0.083137,-3.0848,-0.17317,0.070919,-2.871,-0.26561,0.15258,9.3458,-0.30356,-0.019409,9.3925,-0.25405
-0.064784,-2.9723,-0.51967,0.082135,-2.951,-0.54081,-0.11608,9.9892,-3.8859,0.12538,10.067,-3.8684
0.0056726,-2.813,-1.0347,0.023147,-2.7883,-1.0542,-0.3467,9.8742,-7.4101,0.38625,9.9665,-7.4228
0.059077,-2.6797,-1.6089,-0.056894,-2.6473,-1.6332,-0.73306,8.8342,-10.134,0.7603,8.9307,-10.162
0.2352,-1.817,-2.9864,-0.08553,-2.5237,-2.2968,-1.0908,6.8234,-11.589,1.213,6.9098,-11.622
0.28774,-1.7315,-3.788,-0.15253,-2.4019,-3.0629,-1.3771,4.2373,-11.915,1.4935,4.2931,-11.938
0.22466,-2.3214,-3.8133,-0.23384,-2.298,-3.8115,-1.494,1.5808,-11.37,1.4976,1.5936,-11.377
0.22014,-2.2132,-4.5758,-0.26162,-2.2014,-4.5576,-1.3297,-0.38092,-10.456,1.2829,-0.41554,-10.453
0.17905,-2.2347,-4.9153,-0.15121,-2.243,-4.8742,-0.90064,-1.2574,-9.411,0.89059,-1.3235,-9.4044
-0.018771,-1.617,-2.7788,0.011117,-1.5458,-2.6814,-0.40961,-1.8883,-8.0305,0.28771,-1.9607,-8.0188
-0.07495,-2.008,-0.23469,0.086613,-2.0598,-0.28202,0.010755,-2.2384,-6.3312,-0.016367,-2.3098,-6.3258
-0.31631,-2.9574,1.9115,0.26307,-3.0505,1.8667,0.045816,-2.7422,-4.2206,-0.093482,-2.7871,-4.2135
-0.8108,-4.1135,4.3282,0.73169,-4.1838,4.2778,0.27819,-4.1183,-1.5534,-0.41127,-4.1467,-1.5588
-1.7582,-4.2898,7.1308,1.711,-4.3257,7.1072,0.19457,-6.254,7.4711,-0.22812,-6.2629,7.4701
-2.2566,-4.4009,9.8267,2.2058,-4.4267,9.8377,0.21206,-5.9273,6.9078,-0.24231,-5.9369,6.9095
-2.7007,-5.0541,11.288,2.6761,-5.0772,11.322,0.2159,-5.6788,5.8733,-0.16321,-5.6883,5.8313
-2.631,-5.3704,12.125,2.5409,-5.4141,12.175,0.22974,-5.4565,5.6572,-0.20735,-5.469,5.6262
-3.3604,-5.1331,12.261,3.2364,-5.1981,12.316,0.14655,-5.2847,4.6193,-0.18902,-5.2997,4.6453
-3.9312,-4.0044,11.942,3.848,-4.076,12.005,0.12199,-5.0708,4.0014,-0.17821,-5.0833,4.0291
-4.3512,-2.3576,10.769,4.3574,-2.4207,10.846,0.093083,-4.8287,2.9548,-0.078305,-4.8404,2.9637
-4.6895,-0.74622,8.2043,4.7053,-0.80473,8.2896,0.072629,-4.578,2.246,-0.025469,-4.5907,2.2488
-4.6689,0.52437,4.9461,4.6241,0.46423,5.0237,-0.034947,-4.2741,1.198,0.0056148,-4.2854,1.2126
-3.9456,1.3245,1.6145,3.9447,1.2857,1.6762,-0.05614,-3.9221,0.57159,0.047214,-3.9318,0.58201
-2.557,2.1927,-0.7573,2.553,2.1803,-0.76901,-0.13261,-3.4977,-0.31676,0.076268,-3.5031,-0.30055
-0.39676,3.1066,-2.1238,0.45977,3.1416,-2.0905,-0.10061,-3.2,-0.53572,0.1049,-3.2035,-0.53025
1.0471,4.1773,-3.1122,-1.0078,4.2725,-3.0301,-0.11655,-2.6572,-1.5027,0.20116,-2.6613,-1.512
2.613,5.2519,-3.9236,-2.5711,5.3682,-3.8388,-0.16823,-2.0243,-2.335,0.23231,-2.0259,-2.3408
4.1429,6.0172,-4.8588,-4.0463,6.1491,-4.8032,-0.21701,-1.1419,-3.5972,0.30736,-1.1385,-3.6096
5.4831,5.4677,-6.356,-5.3477,5.5967,-6.3529,0.068759,-1.3988,-2.1332,-0.065858,-1.3914,-2.1409
6.1415,5.5456,-6.5724,-5.9399,5.6772,-6.5823,0.20048,-0.73721,0.45525,-0.14037,-0.74042,0.45107
5.4971,6.6073,-5.4757,-5.2868,6.7316,-5.4657,0.31534,0.15041,2.8459,-0.23447,0.14132,2.8505
3.3992,5.7404,-4.8513,-3.2318,5.8322,-4.8395,0.44502,0.46446,5.3713,-0.36735,0.45289,5.3827
2.1176,4.827,-6.7176,-2.0564,4.9052,-6.698,0.40541,0.89826,7.6808,-0.34261,0.88637,7.6934
2.5496,7.453,-11.939,-2.5507,7.5426,-11.905,0.10988,1.7854,9.6179,-0.047118,1.7782,9.6275
-0.39055,-3.8619,1.1572,0.42616,-3.8509,1.14,0.21214,2.1371,10.864,-0.19919,2.1388,10.866
0.048405,-2.6256,-0.82575,0.34873,-3.5896,0.34172,0.002875,3.5529,11.066,0.18289,3.5694,11.054
-0.094958,-3.2967,-0.52069,0.11728,-3.3136,-0.49326,-0.31963,5.1466,10.213,0.34063,5.1517,10.204
0.058929,-2.7851,-1.3219,-0.053324,-2.792,-1.3097,-0.67677,7.0409,8.2541,0.72747,7.0454,8.2544
0.18836,-2.282,-1.9606,-0.16783,-2.3019,-1.932,-1.0733,8.8183,5.1708,1.1798,8.8279,5.1804
0.28659,-1.8063,-2.5061,-0.27547,-1.8126,-2.4968,-1.5774,10.529,0.9048,1.6976,10.547,0.91232
0.30852,-1.5233,-2.7527,-0.2931,-1.5593,-2.7044,-2.056,11.651,-3.6402,2.1707,11.683,-3.6403
0.37935,-1.1569,-3.3479,-0.4179,-1.1255,-3.3852,-2.9017,11.797,-8.0275,2.9724,11.843,-8.0405
0.50208,-0.66345,-4.2178,-0.54547,-0.64759,-4.2355,-3.8269,10.761,-11.476,3.8725,10.817,-11.5
0.55424,-0.18093,-5.1573,-0.90322,1.2364,-5.9907,-4.6815,8.6858,-13.654,4.5803,8.741,-13.677
0.64986,0.13785,-6.0396,-0.72037,0.14939,-6.0517,-5.0468,6.8164,-15.578,4.9952,6.8622,-15.6
0.72301,0.63177,-7.2056,-0.787,0.64934,-7.2251,-4.6839,5.0083,-16.317,4.5636,5.0456,-16.319
0.72074,1.0033,-8.2986,-0.79839,1.0234,-8.3207,-3.3415,3.6488,-16.144,3.0929,3.6825,-16.113
0.71951,1.3936,-9.636,-0.76015,1.3944,-9.631,-1.0849,1.6541,-14.607,0.77638,1.6661,-14.549
0.22364,1.3158,-7.0229,-0.32986,1.4514,-7.5601,1.7646,-0.3376,-12.37,-2.0687,-0.36947,-12.305
0.027124,0.1861,-5.4404,-0.02122,0.42127,-5.6883,3.8218,-2.6445,-9.7304,-4.0632,-2.7154,-9.6717
0.054966,-0.7655,-4.6151,-0.023501,-0.62138,-4.6879,4.3056,-4.1355,-7.093,-4.469,-4.222,-7.0508
0.025355,-1.4822,-3.9509,-0.0012353,-1.3756,-3.9605,3.262,-5.0705,-4.3094,-3.3152,-5.1419,-4.2797
0.043453,-0.82542,-3.1301,-0.053812,-0.7768,-3.1282,0.074914,-6.1037,4.7703,-0.025615,-6.0978,4.7394
-0.54979,-0.84357,-2.5921,0.56027,-0.84518,-2.5853,0.083343,-5.5766,3.5447,-0.041682,-5.5752,3.5235
-0.13543,-0.59331,-1.9269,0.16686,-0.61244,-1.9098,0.089485,-5.0116,2.4435,-0.053301,-5.0123,2.4277
-0.0014954,-0.11805,-0.93778,-0.019641,-0.13709,-0.91315,0.08391,-4.6116,1.5361,-0.076448,-4.6159,1.5322
0.19565,0.04085,0.13806,-0.36384,0.028539,0.15708,-0.0052376,-4.3724,1.1436,0.086823,-5.2176,-0.48123
-0.29437,0.6136,1.1175,0.3204,0.60539,1.1239,0.13807,-3.9287,-0.61478,-0.088366,-3.9402,-0.58494
-0.014364,0.68706,1.6042,0.24684,0.6851,1.6126,-0.23009,-5.0025,-3.6711,-0.029269,-3.5425,-1.6652
0.011424,0.61905,1.8134,-0.017405,0.59784,1.8321,0.16304,-3.006,-2.6726,-0.097568,-3.0421,-2.5637
0.074985,0.53559,1.8881,-0.038201,0.51571,1.9209,0.17315,-2.3533,-4.1024,-0.11716,-2.3881,-3.9937
0.16472,0.70235,2.0209,-0.13515,0.67591,2.0622,0.1594,-1.6972,-5.1422,-0.13166,-1.7403,-5.0194
0.433,0.92946,2.1361,-0.34752,0.90438,2.1831,0.17142,-0.87447,-6.6284,-0.13229,-0.93502,-6.4549
0.48051,1.1877,2.187,-0.38808,1.1605,2.2358,0.186,0.068073,-8.2792,-0.12754,-0.00050679,-8.0915
0.63244,1.3689,2.1451,-0.58611,1.3348,2.1967,0.16741,0.33193,-9.1262,-0.12407,0.59547,-9.0607
0.36986,1.6986,2.0336,-0.37428,1.6574,2.0888,0.1404,1.793,-11.154,-0.14711,1.737,-11.016
0.2597,1.9057,1.7535,-0.23443,1.8683,1.809,0.16188,3.2061,-14.057,-0.12437,3.1847,-14.001
0.83665,2.0195,1.4156,-0.84146,1.9781,1.4702,0.028147,2.7079,-11.334,0.0052225,2.6922,-11.302
0.66048,1.7656,0.81337,-0.7152,1.72,0.86848,0.016984,1.9734,-8.7247,-0.0080114,1.9597,-8.7002
0.48314,2.2349,0.74181,-0.49886,2.1917,0.79621,0.044082,1.3783,-6.5171,-0.045943,1.3693,-6.4986
0.38131,2.8429,0.79791,-0.30944,2.8057,0.84792,0.12804,0.92748,-4.6185,-0.055745,0.91834,-4.6034
0.15943,1.5385,-0.34523,-0.064645,1.501,-0.29934,0.37671,0.93606,-2.7652,-0.31076,0.92664,-2.7522
0.27721,1.1789,-0.51117,-0.19141,1.1483,-0.46542,0.40218,0.74304,-1.311,-0.34807,0.73337,-1.2985
0.38844,1.5674,-0.33023,-0.33066,1.5407,-0.28563,0.32932,0.44362,-0.13193,-0.28057,0.43383,-0.11875
0.42222,2.3317,-0.027932,-0.37083,2.3051,0.013255,0.30356,0.35411,0.40925,-0.2571,0.34414,0.42343
0.37093,2.8263,-0.12203,-0.31658,2.8018,-0.076415,0.33006,0.50197,0.94385,-0.29101,0.49134,0.95914
0.32369,2.985,-0.48836,-0.25705,2.9588,-0.44892,0.36245,0.69252,1.5293,-0.33109,0.68102,1.5459
0.29644,2.8416,-1.1262,-0.23375,2.8169,-1.0906,0.3765,0.72675,2.0613,-0.35326,0.71383,2.0796
0.3474,2.6996,-1.7793,-0.2927,2.6788,-1.746,0.35678,0.68505,2.567,-0.33561,0.67093,2.5872
0.43504,2.986,-2.1426,-0.3756,2.9681,-2.1125,0.32603,0.55769,3.0277,-0.3101,0.54289,3.0494
0.44697,3.2645,-2.4712,-0.38351,3.2486,-2.4445,0.31407,0.42469,3.4829,-0.30242,0.40927,3.5058
0.41655,3.3942,-2.8378,-0.35191,3.3801,-2.8143,0.30879,0.26631,3.9027,-0.29809,0.25052,3.9261
0.39106,3.3761,-3.2235,-0.32807,3.3643,-3.2028,0.2899,0.05225,4.2415,-0.27592,0.036697,4.2649
0.39655,3.3084,-3.558,-0.335,3.2987,-3.5402,0.25873,-0.01327,4.3842,-0.2386,-0.036493,4.4041
0.3899,3.1936,-3.8221,-0.32825,3.1855,-3.8071,0.24034,-0.1698,4.2221,-0.21542,-0.18848,4.2412
0.38636,3.1117,-3.9696,-0.32127,3.1053,-3.9574,0.22581,-0.38961,3.9334,-0.19219,-0.40093,3.9515
0.37342,3.0061,-4.0342,-0.30488,3.0012,-4.0246,0.22811,-0.51197,3.5974,-0.1854,-0.52081,3.611
0.35085,2.8645,-4.0217,-0.28086,2.8607,-4.0147,0.2451,-0.53735,3.2231,-0.19364,-0.54488,3.2316
0.31768,2.6511,-3.9481,-0.24552,2.6485,-3.9436,0.26557,-0.55875,2.7899,-0.20523,-0.56455,2.7934
0.29018,2.3981,-3.7962,-0.21625,2.3967,-3.794,0.28835,-0.56424,2.3336,-0.22064,-0.56815,2.3327
0.26279,2.1098,-3.565,-0.18686,2.1098,-3.565,0.29056,-0.57838,1.8811,-0.21645,-0.58052,1.8763
0.23856,1.8107,-3.2448,-0.16244,1.8118,-3.247,0.29314,-0.56242,1.4867,-0.21472,-0.56322,1.4786
0.21614,1.5393,-2.8211,-0.143,1.541,-2.8258,0.32344,-0.43381,1.2101,-0.24199,-0.43404,1.1992
0.17243,1.0452,-2.4211,-0.098366,1.0475,-2.4284,0.35612,-0.28585,1.0493,-0.2759,-0.28574,1.0364
0.14023,0.52262,-1.9355,-0.067982,0.52608,-1.9452,0.37137,-0.22407,0.9702,-0.2982,-0.22382,0.95548
0.20152,1.1348,-1.4031,-0.31567,1.1252,-1.4093,0.008212,-5.677,14.343,-0.025156,-5.3886,13.441
0.13558,1.6021,-0.42225,-0.0448,1.6145,-0.43161,-0.0032953,-5.2624,13.127,0.0038037,-4.9552,12.61
0.053968,2.9717,0.62302,-0.04632,2.9857,0.6103,0.10421,-2.6166,10.428,-0.014371,-2.5192,10.337
0.0135,2.4515,0.71246,-0.00011158,2.4545,0.69055,0.12331,-1.5977,9.5396,-0.007552,-1.619,9.5429
-0.019444,1.6431,0.96123,0.016879,1.6445,0.93274,0.1371,-1.6289,9.6098,-0.015832,-1.7041,9.652
-0.69799,-9.1359,18.595,0.78929,-9.3262,18.705,0.14655,-3.2521,9.5656,-0.012791,-3.2474,9.2892
-0.52855,-6.6803,16.718,0.5453,-6.0525,15.955,0.12081,-2.4742,9.0605,-0.036442,-2.4884,8.866
-0.74308,-6.3253,12.742,0.82538,-6.3588,12.817,0.16153,-3.3128,8.5371,-0.021049,-3.3623,8.5655
-0.76328,-4.9781,10.106,0.706,-5.0442,10.267,0.078856,-2.5752,7.1242,-0.095853,-2.6303,7.1898
-0.78166,-4.3448,8.9504,0.70034,-4.3967,9.0805,0.059725,-2.1154,6.0997,-0.10599,-2.1647,6.1548
-0.73958,-3.5798,6.4381,0.68439,-3.6605,7.4486,0.089258,-1.7899,5.1282,-0.058481,-1.823,5.1534
-0.63153,-3.0043,4.8481,0.6051,-3.0344,5.8393,0.093538,-1.6096,4.2688,-0.038266,-1.6331,4.2843
-0.51617,-2.5632,4.3878,0.437,-2.5582,4.3758,0.02682,-1.5748,3.5328,-0.0872,-1.5986,3.5772
-0.38504,-2.18,3.0253,0.30989,-2.177,3.0224,0.015846,-1.6433,2.9302,-0.080059,-1.661,2.973
-0.28751,-1.9525,1.9547,0.18259,-1.954,1.9617,-0.0084478,-1.8108,2.4956,-0.085161,-1.8272,2.4104
-0.15382,-1.7778,1.036,0.11964,-1.8063,1.1281,0.011164,-2.0038,2.0983,-0.051854,-2.0124,2.1281
-0.084426,-1.7522,0.36486,0.027685,-1.7512,0.36869,0.0059817,-2.3053,2.0163,-0.053217,-2.3167,2.0513
-0.036552,-1.7214,0.076721,0.028562,-1.783,0.22342,0.0158,-2.4517,2.1138,-0.049508,-2.4571,2.1404
0.0046861,-1.901,-0.43749,-0.034524,-1.977,-0.39006,0.011109,-2.9957,2.3208,-0.058123,-2.9954,2.2043
0.13985,-2.0655,-1.002,-0.0047006,-2.0903,-1.0012,0.06559,-3.5968,2.3656,-0.0078653,-3.551,2.3482
-0.019738,-0.81938,0.35513,0.031781,-0.82122,0.35944,0.024036,-3.1577,1.7478,-0.031026,-3.1091,1.7387
-0.16062,-0.07737,2.3796,0.15782,-0.063206,2.3862,0.016468,-2.7558,0.99499,-0.0097311,-2.7036,0.98233
-0.45393,-0.00035502,4.9577,0.43975,-0.039199,4.9673,0.0027024,-2.4328,0.48105,-0.0048243,-2.3811,0.46956
-0.84366,-0.095563,7.5349,0.77846,-0.088656,7.5299,-0.0011503,-2.1602,0.071187,0.0062941,-2.1121,0.060533
-1.3955,-0.28857,9.7367,1.2857,-0.30667,9.725,-0.023064,-2.0243,-0.36009,8.8883e-05,-1.982,-0.35733
-1.8411,-0.44714,11.251,1.7045,-0.48211,11.242,-0.015559,-1.9848,-0.33606,0.0040946,-1.948,-0.33275
-2.591,-0.4543,11.825,2.4144,-0.50889,11.825,-0.022837,-1.9096,-0.59137,0.0051697,-1.8774,-0.58495
-3.2734,-0.24972,11.223,3.0851,-0.32652,11.231,-0.036372,-1.757,-1.0937,0.0080421,-1.7267,-1.0845
-3.7838,-0.071023,9.3229,3.5989,-0.17127,9.3345,-0.054868,-1.5675,-1.497,0.0017811,-1.5394,-1.4842
-4.0175,-0.52183,6.163,3.8931,-0.64151,6.1681,-0.056861,-1.321,-1.9546,0.012919,-1.2928,-1.9452
-3.6689,-1.4649,2.3346,3.6122,-1.5988,2.3144,-0.075697,-0.93691,-2.6095,0.0094994,-0.90709,-2.5986
-2.5101,-2.8174,-1.1596,2.5367,-2.9428,-1.2111,-0.077948,-0.62138,-3.0196,0.014739,-0.5929,-3.0115
-0.56524,-3.9423,-3.9558,0.61748,-4.0291,-4.0188,-0.090374,0.063945,-3.7318,0.014398,0.09115,-3.7175
1.5524,-4.5983,-6.4708,-1.4764,-4.6138,-6.5264,-0.074673,-0.3146,-3.7636,0.021063,-0.31864,-3.7516
3.6828,-4.1029,-8.4511,-3.5051,-4.0202,-8.4749,-0.016093,1.2858,-4.7681,0.097715,1.3197,-4.795
5.3199,-2.2026,-9.4574,-5.1498,-2.0592,-9.4396,0.12701,-0.083166,-2.8734,-0.11031,-0.057956,-2.8973
5.3615,0.86016,-9.0422,-5.1346,0.95854,-8.9958,0.39842,0.059747,0.24445,-0.34217,0.021193,0.23659
3.5734,3.8808,-7.149,-3.3425,3.9702,-7.1002,0.64388,0.46933,3.0814,-0.59884,0.46245,3.0885
1.2616,4.8634,-4.8307,-1.0919,4.9002,-4.8087,0.86017,0.89013,5.8294,-0.84714,0.89965,5.8395
0.92566,6.1265,-10.317,-0.9555,6.1499,-10.292,0.90751,1.1635,8.1258,-0.94776,1.1695,8.1267
-0.38919,-2.7171,1.9548,0.38012,-2.7098,1.9637,0.87614,1.199,9.8846,-0.92524,1.2034,9.8726
-0.36918,-2.8092,1.6314,0.34326,-2.8035,1.6442,0.68066,1.9768,10.838,-0.7395,1.9751,10.815
-0.30133,-2.7775,1.046,0.25986,-2.7732,1.0618,0.48951,2.5611,10.964,-0.55265,2.5463,10.937
-0.026204,-1.7566,-0.52386,0.24124,-2.6609,0.52315,0.44175,3.7618,10.373,-0.37739,3.7488,10.347
-0.086938,-2.2715,-0.27368,0.05717,-2.2321,-0.31997,0.26962,5.5826,8.8337,-0.31098,5.5498,8.8321
-0.00561,-1.971,-0.73011,-0.0047758,-1.9428,-0.75913,0.078609,7.7823,6.1256,-0.092064,7.742,6.1438
0.0404,-1.6766,-1.1474,-0.061024,-1.7584,-1.018,-0.010216,9.9573,2.1493,-0.034848,9.9096,2.2043
0.058475,-1.5587,-1.3236,-0.10736,-1.5385,-1.3423,0.00097405,11.668,-2.4631,0.025186,11.614,-2.3763
0.085335,-1.4337,-1.6391,-0.15269,-1.4178,-1.6528,-0.095295,12.491,-6.9475,0.12485,12.44,-6.8432
0.072702,-1.4877,-1.7278,-0.13772,-1.485,-1.7243,-0.11382,12.14,-10.619,0.16511,12.099,-10.518
0.094867,-1.5128,-2.1596,-0.16743,-1.5441,-2.1103,-0.33881,10.145,-12.635,0.39573,10.124,-12.55
0.14931,-1.4603,-2.7727,-0.21176,-1.486,-2.7323,-0.51173,7.1451,-13.397,0.6018,7.151,-13.336
0.15882,-1.5141,-3.2821,-0.25779,-1.406,-3.4195,-0.47808,3.7812,-13.161,0.57023,3.815,-13.117
0.22616,-1.4102,-4.0233,-0.22883,-1.4281,-3.9944,-0.14343,0.59973,-12.171,0.29175,0.6493,-12.136
0.25179,-1.2117,-4.7264,-0.24621,-1.2345,-4.6893,0.0080509,-1.1849,-11.004,-0.0095033,-1.1378,-10.98
-0.0022226,-0.70035,-2.6795,-0.066194,-0.79824,-2.8761,0.49275,-1.7987,-9.6855,-0.4894,-1.7802,-9.6665
-0.00020443,-1.4272,-0.56388,0.072297,-1.3569,-0.56696,0.95877,-2.7584,-7.8485,-0.96617,-2.7654,-7.8336
-0.15404,-2.5954,1.2646,0.10252,-2.4895,1.3214,1.0677,-3.3004,-5.5389,-1.1624,-3.3296,-5.5346
-0.4119,-3.5254,3.5223,0.35997,-3.4605,3.5694,0.87101,-3.5265,-2.801,-0.97868,-3.5605,-2.8116
-1.1553,-3.63,6.1596,1.0835,-3.6084,6.1834,0.11931,-4.9537,5.6198,-0.15231,-4.952,5.6233
-1.9102,-3.8531,8.6054,1.813,-3.8592,8.6162,0.1097,-4.6416,5.0605,-0.15785,-4.6409,5.0682
-2.2845,-4.2718,10.262,2.1623,-4.2909,10.274,0.10072,-4.3011,4.4474,-0.14924,-4.3012,4.4557
-2.5111,-4.4758,11.326,2.4411,-4.4953,11.343,0.069852,-4.0529,3.512,-0.10072,-4.0595,3.5712
-2.718,-4.4139,11.628,2.6373,-4.4371,11.656,0.064381,-3.8815,3.1351,-0.091813,-3.887,3.1921
-3.101,-4.1043,11.077,3.0354,-4.1329,11.108,0.035993,-3.752,2.5618,-0.06935,-3.7554,2.614
-3.0795,-3.3983,9.8777,3.0305,-3.4273,9.9118,0.060048,-3.6269,2.4679,-0.061419,-3.6306,2.5129
-3.4613,-2.3518,7.9119,3.5647,-2.3747,7.9391,-0.5781,-4.5234,0.18566,0.022203,-3.4651,1.8753
-3.5969,-0.69432,5.6456,3.5791,-0.72642,5.6672,0.01746,-3.2099,1.3355,0.0013785,-3.2118,1.359
-3.3484,0.83318,3.2389,3.121,0.78134,3.2452,-0.10967,-2.8813,0.74405,0.61164,-3.904,-1.2349
-2.4122,1.91,0.59191,2.509,1.8893,0.54903,-0.060058,-2.4331,-0.1181,0.065005,-2.4341,-0.088176
-1.0266,2.9908,-1.2508,1.1964,2.9911,-1.3003,-0.067349,-2.0074,-0.69905,0.10864,-2.0035,-0.68064
0.43701,3.9704,-2.7793,-0.4311,3.9891,-2.8077,-0.25598,-1.8477,-1.636,0.097558,-1.4945,-1.4423
1.6558,5.1235,-3.8278,-1.5884,5.1545,-3.8614,-0.16359,-1.0289,-2.0804,0.12421,-1.0458,-1.9844
3.1286,6.0966,-4.7814,-3.0081,6.1319,-4.8181,-0.14661,-0.74914,-2.2702,0.14004,-0.77124,-2.1798
3.9636,6.6973,-5.8695,-3.8431,6.7147,-5.9106,-0.19281,-0.085314,-3.0236,0.15641,-0.027354,-3.1532
4.7243,6.6143,-6.723,-4.5978,6.6157,-6.7496,0.072137,-0.55195,-1.7391,-0.090091,-0.53047,-1.8106
4.6281,6.2074,-7.0122,-4.5404,6.192,-7.0138,0.3152,-0.21387,0.481,-0.34205,-0.17912,0.4443
3.6085,6.0668,-6.2683,-3.622,6.042,-6.2358,0.5763,0.083616,2.5926,-0.62549,0.080013,2.584
2.0185,4.5971,-5.3207,-2.0902,4.5559,-5.281,0.81854,0.16918,4.8606,-0.8763,0.18368,4.8593
1.7507,5.961,-9.4388,-1.8056,5.9445,-9.4264,0.84066,0.26246,6.9569,-0.88915,0.27915,6.9529
2.0737,8.2216,-13.073,-2.1037,8.2308,-13.109,0.83931,0.31901,8.7394,-0.90404,0.32871,8.7301
-0.45427,-3.1754,1.7684,0.50539,-3.556,2.3582,1.0478,0.12679,9.9844,-1.174,0.078126,9.981
-0.367,-3.1119,1.0568,0.25106,-3.0903,0.95763,0.79334,0.34119,10.563,-0.93554,0.30281,10.549
-0.23735,-2.9624,0.34979,0.14605,-2.8768,0.16984,0.68147,1.1121,10.46,-0.77162,1.0888,10.45
-0.15769,-2.7515,-0.15079,0.036483,-2.5368,-0.50616,0.54522,2.421,9.4997,-0.62319,2.4033,9.5032
-0.10155,-2.5125,-0.45248,0.0052071,-2.2823,-0.80733,0.32701,3.625,7.7034,-0.36721,3.6087,7.7243
-0.0155,-2.2909,-0.61947,0.0062964,-1.9159,-1.161,0.087195,4.9225,5.0458,-0.0096242,4.92,5.081
0.091472,-1.7153,-1.2767,-0.046719,-1.6635,-1.3414,-0.0083545,6.045,1.6165,0.0052145,6.043,1.6656
0.076503,-1.5452,-1.4466,-0.080795,-1.5695,-1.4038,-0.2187,6.6374,-1.7948,0.11283,6.6342,-1.7591
0.047669,-1.5193,-1.3889,-0.059251,-1.5676,-1.3669,-0.32736,6.5675,-4.7822,0.20333,6.565,-4.7735
0.065214,-1.4811,-1.6565,-0.10305,-1.4439,-1.6984,-0.72075,5.6891,-7.0957,0.58941,5.6894,-7.102
0.31318,-0.41431,-2.6813,-0.068468,-1.3857,-2.0057,-1.0765,4.2977,-8.7246,1.0745,4.3113,-8.7451
0.16773,-1.2839,-2.5129,-0.16549,-1.239,-2.5639,-1.4088,2.5905,-9.6542,1.328,2.6142,-9.6764
0.18105,-1.1434,-3.113,-0.39742,-0.16941,-3.8609,-1.53,0.89653,-9.9792,1.3752,0.93364,-10.001
0.28898,-1.0069,-3.8408,-0.21598,-1.0725,-3.7429,-1.2548,-0.31684,-9.8686,1.2553,-0.31444,-9.8877
0.24883,-1.0503,-4.2864,-0.24798,-0.9843,-4.3659,-0.83566,-0.95016,-9.4366,0.83257,-0.90679,-9.4505
-0.015802,-0.53764,-2.2335,0.04044,-0.62714,-2.2481,-0.066731,-1.4124,-8.5271,0.14698,-1.3413,-8.5376
-0.08333,-1.2416,-0.1268,0.026677,-1.2097,-0.087846,0.22918,-2.1904,-7.0508,-0.16727,-2.1162,-7.0601
-0.21037,-2.392,1.5895,0.28659,-2.3446,1.6256,0.56985,-4.0803,-4.8796,-0.45025,-4.0153,-4.8848
-0.40951,-3.2785,3.9015,0.50943,-3.2508,3.9154,0.69215,-4.6707,-2.164,-0.5944,-4.6261,-2.1619
-1.1501,-3.3588,6.5225,1.3383,-3.3415,6.5188,0.22024,-4.6777,5.135,-0.16608,-4.6889,5.2078
-1.738,-3.3998,9.0197,1.7952,-3.3988,9.0141,0.18532,-4.2988,4.4998,-0.18156,-4.3077,4.5783
-2.025,-3.6626,10.731,2.2259,-3.6507,10.723,-0.50701,-5.177,1.7893,-0.098418,-4.024,4.0077
-2.3733,-4.1153,11.375,2.3785,-4.1228,11.376,0.17685,-3.7551,3.1995,-0.11394,-3.7738,3.5316
-2.7729,-4.1482,11.447,2.7003,-4.1794,11.441,0.11156,-3.5886,2.789,-0.11157,-3.5753,2.6706
-2.73,-3.7351,10.97,2.7784,-3.7569,10.956,0.11986,-3.4255,2.4096,-0.091956,-3.428,2.5204
-3.3263,-2.9452,9.6968,3.304,-2.9737,9.688,0.054652,-3.2658,1.9772,-0.094804,-3.2489,1.8764
-3.6014,-1.5809,7.9362,3.6152,-1.6004,7.9274,0.014379,-3.0229,1.4142,-0.067733,-3.0008,1.3131
-3.4905,0.039236,5.5433,3.5517,0.036986,5.5486,-0.012504,-2.6946,0.58316,0.0011196,-2.6989,0.70163
-3.177,0.76345,2.5226,3.166,0.76119,2.5406,-0.068029,-2.3589,-0.041653,0.043206,-2.3383,-0.13316
-2.0645,1.4936,-0.26428,2.2107,1.5069,-0.25155,-0.79145,-3.0331,-2.5773,0.14297,-1.9872,-0.69849
-0.50119,2.1548,-2.0742,0.51961,2.1581,-2.0572,-0.11382,-1.5642,-1.3103,0.13505,-1.5915,-1.1961
0.80658,3.0553,-3.3825,-0.90537,3.0348,-3.3771,-0.21667,-1.1682,-1.8167,0.096523,-1.1507,-1.8822
2.4427,4.0075,-4.3858,-2.4503,4.0006,-4.3775,-0.19663,-1.1266,-2.0922,0.12528,-1.0018,-2.0137
3.6597,5.0626,-5.2976,-3.6463,5.0741,-5.2461,-0.19438,-0.29607,-2.8951,0.19579,-0.36879,-2.6984
4.3871,5.9369,-6.1799,-4.4758,5.9367,-6.1095,-0.26247,0.29864,-3.6589,0.20263,0.29466,-3.6605
4.9773,5.9852,-7.0144,-5.0728,5.9796,-6.9479,0.085812,-0.37918,-2.1035,-0.1176,-0.34703,-2.1197
4.3846,4.1683,-8.3357,-4.4875,4.1595,-8.2862,0.44841,-0.046022,0.47447,-0.4766,-0.03885,0.45419
3.597,3.9336,-7.3832,-3.7008,3.924,-7.3476,0.64272,0.26698,2.8681,-0.6794,0.26484,2.8483
2.4214,5.3105,-4.4947,-2.5205,5.3019,-4.4667,0.73837,0.67624,5.3284,-0.78252,0.67323,5.3109
1.8772,7.1556,-9.0651,-1.9297,7.1683,-9.0743,0.87534,0.83444,7.4682,-0.91122,0.83372,7.4541
1.3557,6.3703,-9.4264,-1.3846,6.3898,-9.4513,1.1172,0.97877,9.2173,-1.1578,0.97807,9.2073
-0.4033,-2.8675,1.5571,0.36776,-2.8701,1.5573,1.2567,1.1642,10.455,-1.3068,1.1631,10.446
-0.31353,-2.7659,0.92806,0.28724,-2.7664,0.92599,0.96425,2.2487,10.733,-1.0111,2.244,10.726
-0.29975,-2.6179,0.41377,-0.064273,-1.5351,-0.59677,0.70236,3.6106,10.095,-0.87704,3.5881,10.094
-0.10849,-2.2638,-0.27323,0.11894,-2.2629,-0.27394,0.54217,4.714,8.54,-0.56982,4.6992,8.5328
-0.022001,-1.9582,-0.71635,0.054919,-1.9523,-0.72291,0.28462,6.0607,6.0052,-0.31268,6.0416,5.9997
-0.019543,-1.7816,-0.91874,-0.091628,-1.4847,-1.0415,0.023686,7.4141,2.4881,-0.073344,7.3737,2.4816
0.054747,-1.5859,-1.2188,-0.022787,-1.5476,-1.2701,-0.090108,8.2258,-1.412,0.1405,8.1757,-1.4127
0.026876,-1.5842,-1.2546,0.0022389,-1.6433,-1.1704,-0.21483,8.2633,-4.9091,0.21894,8.2079,-4.8936
0.036618,-1.5194,-1.5707,-0.067714,-1.5133,-1.5768,-0.68249,7.352,-7.7006,0.65193,7.2918,-7.6803
0.10841,-1.3522,-2.0955,-0.11845,-1.3556,-2.0884,-1.2027,5.7301,-9.631,1.205,5.6768,-9.6137
0.15176,-1.3044,-2.5476,-0.13934,-1.3028,-2.5472,-1.6166,3.6322,-10.649,1.6575,3.6001,-10.634
0.21957,-1.1494,-3.2154,-0.18822,-1.1357,-3.2307,-1.8113,1.4231,-10.891,1.8951,1.4226,-10.874
0.26946,-0.99067,-3.9357,-0.22836,-0.98658,-3.9381,-1.674,-0.28857,-10.646,1.7949,-0.26048,-10.631
0.25733,-0.89027,-4.5331,-0.26179,-0.86938,-4.5575,-1.2465,-1.0474,-10.131,1.3471,-0.99852,-10.111
0.017878,-0.6919,-2.4584,-0.0075906,-0.67229,-2.4778,-0.35092,-1.4081,-9.1784,0.48258,-1.3544,-9.1604
-0.0029105,-1.226,-0.23765,0.090458,-1.2267,-0.25278,0.2303,-1.9863,-7.6739,-0.12942,-1.9407,-7.6605
-0.2242,-2.3215,1.5869,0.24175,-2.3223,1.5787,0.56551,-3.6747,-5.4013,-0.51016,-3.6452,-5.3885
-0.45959,-3.2301,3.8968,0.45468,-3.2314,3.8934,0.71045,-4.2801,-2.5615,-0.6937,-4.2678,-2.5502
-1.161,-3.3641,6.5547,1.1703,-3.3655,6.5543,0.14968,-4.7672,5.3761,-0.17721,-4.7663,5.3898
-1.8037,-3.5067,9.0663,1.8276,-3.5092,9.0683,0.14989,-4.464,4.8206,-0.1677,-4.4621,4.8308
-2.1885,-3.7527,10.875,2.2218,-3.7582,10.879,0.14723,-4.2335,4.3113,-0.1534,-4.2305,4.3176
-2.3999,-4.1371,11.67,2.4286,-4.1479,11.675,0.1421,-4.0261,3.872,-0.14336,-4.0225,3.8761
-2.6418,-4.2165,11.757,2.8731,-4.213,11.755,-0.50493,-5.0492,1.4181,-0.055873,-3.8825,3.489
-2.7357,-3.7997,11.28,2.7762,-3.818,11.28,0.12009,-3.7193,2.7918,-0.072555,-3.7156,2.7737
-3.3382,-2.9408,10.061,3.3607,-2.9718,10.048,0.07742,-3.5795,2.3775,-0.082737,-3.5787,2.3726
-3.6711,-1.4748,8.3561,3.6985,-1.5084,8.333,0.0074204,-3.3396,1.5897,-0.060279,-3.3406,1.5984
-3.6286,0.21886,6.0098,3.7214,0.20129,5.9923,0.0010739,-3.0458,0.98857,-0.0015692,-3.0477,0.98935
-3.3692,1.0888,2.9758,3.4116,1.0753,2.9849,-0.05481,-2.684,0.13166,0.046572,-2.6875,0.12702
-2.4287,1.9821,0.15947,2.4085,1.9683,0.19789,-0.08714,-2.3106,-0.44886,0.074556,-2.3165,-0.45192
-0.86409,2.7698,-1.7167,0.77003,2.7481,-1.6507,-0.11542,-1.888,-0.96965,0.095198,-1.8968,-0.97035
0.65978,3.7475,-3.0531,-0.70439,3.7293,-2.9851,-0.10496,-1.4079,-1.7004,0.17931,-1.4176,-1.7118
2.1877,4.7157,-4.1061,-2.255,4.6846,-4.0582,-0.11832,-1.1511,-1.872,0.16506,-1.1524,-1.8818
3.5442,5.7074,-5.0606,-3.378,5.6963,-5.0538,-0.87013,-1.483,-4.555,0.26306,-0.55139,-2.5792
4.3597,6.4708,-6.0202,-4.319,6.4568,-6.019,-0.18311,0.19621,-3.5909,0.24541,0.19686,-3.6115
5.0528,6.3384,-6.9434,-4.9858,6.3412,-6.9463,0.11545,-0.43212,-2.0818,-0.092997,-0.42618,-2.0897
4.5973,4.2443,-8.3065,-4.4905,4.2692,-8.316,0.47408,-0.10783,0.47036,-0.44054,-0.10318,0.46694
3.8977,3.7335,-7.4958,-3.803,3.7741,-7.4956,0.67522,0.22414,2.8303,-0.63622,0.22468,2.8298
2.7195,5.0035,-4.7716,-2.6711,5.0467,-4.7601,0.76388,0.58893,5.2794,-0.73335,0.58661,5.2786
2.0237,6.7289,-9.5505,-2.0763,6.7847,-9.539,0.88441,0.70658,7.4306,-0.86952,0.70183,7.4284
1.4781,6.0712,-9.7861,-1.524,6.1153,-9.7908,1.1111,0.81613,9.2069,-1.0822,0.81463,9.2018
-0.38211,-3.0316,1.6202,0.3955,-3.0287,1.6064,1.2647,0.9274,10.477,-1.2476,0.92932,10.469
-0.29878,-2.9431,0.95627,0.29515,-2.9423,0.94803,0.97059,1.9651,10.804,-0.97315,1.9652,10.79
-0.22098,-2.8013,0.37446,0.20715,-2.8018,0.36969,0.77175,3.2786,10.222,-0.78246,3.2749,10.205
-0.15424,-2.598,-0.12833,0.12626,-2.6007,-0.12838,0.54145,4.43,8.6988,-0.55529,4.4195,8.6835
-0.1057,-2.3818,-0.46795,0.077305,-2.3845,-0.46763,0.28233,5.8327,6.1813,-0.28215,5.8161,6.1722
0.046233,-1.8499,-1.1422,-0.020202,-1.869,-1.1127,0.029751,7.2342,2.6755,-0.018662,7.2219,2.6737
0.057632,-1.6733,-1.3847,-0.068908,-1.706,-1.3356,-0.16478,8.101,-1.241,0.10581,8.0809,-1.2315
0.011849,-1.7623,-1.2712,-0.054449,-1.6924,-1.3651,-0.23655,8.2012,-4.7856,0.21357,8.1685,-4.768
0.063039,-1.6313,-1.6612,-0.076196,-1.6285,-1.6628,-0.64154,7.3572,-7.6622,0.65755,7.3198,-7.6379
0.12327,-1.4644,-2.1612,-0.13618,-1.4533,-2.1746,-1.137,5.8108,-9.6865,1.1819,5.7768,-9.6572
0.15367,-1.4123,-2.5932,-0.16364,-1.4004,-2.6076,-1.527,3.7898,-10.78,1.5997,3.7674,-10.747
0.21094,-1.2478,-3.2465,-0.21969,-1.2338,-3.264,-1.7012,1.6468,-11.059,1.8011,1.6377,-11.026
0.25494,-1.0938,-3.9393,-0.26227,-1.0771,-3.9605,-1.5599,-0.14061,-10.811,1.67,-0.13469,-10.774
0.28342,-0.96241,-4.5346,-0.25686,-0.95027,-4.5497,-1.1164,-0.82728,-10.274,1.2548,-0.81727,-10.238
0.014696,-0.74518,-2.4603,-0.017727,-0.74186,-2.4699,-0.269,-1.1769,-9.3057,0.35064,-1.1723,-9.2726
-0.039041,-1.2745,-0.24401,0.06134,-1.2805,-0.24628,0.21569,-1.7925,-7.7751,-0.22749,-1.798,-7.753
-0.2581,-2.3799,1.5709,0.22677,-2.3819,1.5726,0.54896,-3.5616,-5.4596,-0.59882,-3.5731,-5.4499
-0.50096,-3.303,3.8658,0.44569,-3.3047,3.868,0.68593,-4.2492,-2.5759,-0.75529,-4.263,-2.5788
-1.283,-3.4369,6.4906,1.2336,-3.4527,6.4952,0.039072,-4.8134,5.4202,-0.27338,-4.8534,5.5001
-1.8242,-3.5862,8.9952,1.8915,-3.5739,9.0027,0.11189,-4.5184,4.7072,-0.17941,-4.5663,4.9488
-2.2596,-3.8498,10.771,2.2151,-3.8495,10.784,0.11915,-4.3176,4.2369,-0.15877,-4.3569,4.4633
-2.4667,-4.2875,11.517,2.4272,-4.2928,11.53,0.15644,-4.1145,3.5567,-0.088968,-4.1707,4.0451
-2.9344,-4.3406,11.61,2.641,-4.3867,11.624,0.090438,-3.9905,3.2047,0.55684,-5.2033,1.6145
-2.8634,-3.8964,11.182,2.7008,-3.952,11.176,0.10828,-3.8596,3.0853,-0.095806,-3.8511,2.9378
-3.3858,-3.0155,10.009,3.3873,-3.056,9.9919,0.11217,-3.7069,2.4233,-0.041775,-3.7161,2.5292
-3.7206,-1.5162,8.3387,3.7364,-1.5504,8.3263,0.070526,-3.4773,1.7665,-0.0047009,-3.4709,1.749
-3.7301,0.21938,6.0273,3.7256,0.18671,6.0145,0.0063282,-3.1828,1.1547,-0.0067291,-3.173,1.1451
-3.4368,1.1051,3.017,3.4681,1.0812,2.9937,-0.053307,-2.8171,0.27003,0.037243,-2.8055,0.27007
-2.4459,2.011,0.22743,2.5179,1.9994,0.19345,-0.084607,-2.4238,-0.33258,0.066726,-2.4108,-0.33361
-0.82035,2.7998,-1.6184,0.93375,2.8028,-1.6625,-0.10664,-1.9968,-0.85695,0.092565,-1.9826,-0.85951
0.67349,3.7823,-2.9432,-0.58484,3.796,-2.9713,-0.15548,-1.516,-1.6059,0.12144,-1.4852,-1.6737
2.2301,4.7481,-4.0002,-2.1676,4.7701,-4.0046,-0.15962,-1.2228,-1.7903,0.11677,-1.1925,-1.855
3.514,5.7598,-4.9784,-3.4324,5.7907,-4.957,-0.16915,-0.56204,-2.6923,0.17677,-0.6034,-2.5463
4.4045,6.5367,-5.9536,-4.4153,6.5473,-5.9227,-0.22756,0.14691,-3.5347,0.19439,0.18142,-3.6159
5.1164,6.4253,-6.8959,-5.1081,6.4173,-6.8774,0.092598,-0.45835,-2.0416,-0.10925,-0.42986,-2.0959
4.6738,4.3854,-8.2632,-4.6331,4.3636,-8.2626,0.44849,-0.11227,0.42504,-0.45409,-0.098814,0.4585
3.9637,3.8214,-7.5196,-3.9268,3.8085,-7.5104,0.65218,0.22454,2.7993,-0.6619,0.2226,2.8149
2.772,4.973,-4.8936,-2.7663,4.9777,-4.8638,0.74102,0.57987,5.2547,-0.76506,0.57073,5.2592
2.0909,6.6425,-9.6153,-2.1269,6.6699,-9.6081,0.8588,0.68394,7.411,-0.89154,0.67481,7.4104
1.5337,5.9922,-9.7907,-1.5604,6.0189,-9.8072,1.0737,0.7772,9.1935,-1.1001,0.7725,9.1905
-0.40186,-3.0638,1.5773,0.37745,-3.0588,1.5752,1.2298,0.86017,10.47,-1.2599,0.85961,10.466
-0.30854,-2.9818,0.92293,0.28653,-2.9752,0.92,0.94999,1.8734,10.811,-0.98177,1.8741,10.807
-0.17454,-2.6948,0.1337,0.21231,-2.8396,0.3636,0.76245,3.175,10.246,-0.78616,3.1759,10.246
-0.11346,-2.4957,-0.30549,0.082509,-2.4528,-0.36438,0.52866,4.3347,8.7474,-0.56629,4.3336,8.7496
-0.035241,-2.1869,-0.75106,0.0096755,-2.1358,-0.82095,0.28096,5.7341,6.2577,-0.3049,5.7327,6.2624
0.027012,-1.9033,-1.0939,-0.0077789,-1.9586,-1.0113,0.013797,7.1147,2.7726,-0.025962,7.1185,2.7882
0.053754,-1.8006,-1.2522,-0.050913,-1.7087,-1.3753,-0.057189,7.9881,-1.1439,0.11871,7.9934,-1.1262
0.036483,-1.7801,-1.2924,-0.010397,-1.7949,-1.268,-0.17413,8.0925,-4.6964,0.208,8.1076,-4.6786
0.075104,-1.6375,-1.6924,-0.070105,-1.649,-1.6716,-0.63072,7.2557,-7.5747,0.63508,7.2775,-7.5653
0.29263,-0.54686,-2.789,-0.089988,-1.4836,-2.1457,-1.1119,5.7337,-9.6017,1.1917,5.7622,-9.6071
0.16013,-1.4077,-2.6316,-0.16304,-1.4238,-2.6044,-1.5689,3.7336,-10.709,1.5605,3.7615,-10.718
0.22276,-1.2324,-3.2936,-0.21679,-1.2517,-3.2618,-1.7575,1.628,-11.009,1.7603,1.6562,-11.019
0.27042,-1.0671,-3.9963,-0.25822,-1.092,-3.9571,-1.6177,-0.12718,-10.773,1.6358,-0.10453,-10.784
0.28258,-0.93611,-4.5875,-0.27096,-0.95346,-4.558,-1.1876,-0.80495,-10.246,1.2088,-0.78486,-10.252
0.021916,-0.72184,-2.4968,-0.015226,-0.74448,-2.4769,-0.30753,-1.1712,-9.2808,0.32305,-1.155,-9.2833
-0.0087232,-1.2627,-0.26656,0.013561,-1.2713,-0.25297,0.20714,-1.8105,-7.7507,-0.20049,-1.7972,-7.7518
-0.24032,-2.3779,1.5591,0.24496,-2.3817,1.5652,0.57593,-3.614,-5.4332,-0.58332,-3.5969,-5.4357
-0.48339,-3.3027,3.8644,0.48883,-3.3052,3.8645,0.7285,-4.3094,-2.5497,-0.74645,-4.2952,-2.5556
-1.3246,-3.4415,6.4859,1.331,-3.4443,6.4832,0.15281,-4.8582,5.46,-0.16058,-4.8537,5.4608
-1.8125,-3.5801,8.9987,1.9262,-3.5771,8.9942,-0.48604,-5.6812,2.9172,-0.11352,-4.5686,4.7096
-2.2049,-3.8557,10.762,2.2285,-3.8618,10.761,0.12856,-4.3664,4.2204,-0.13107,-4.3645,4.2483
-2.4552,-4.3271,11.472,2.4122,-4.3446,11.473,0.10162,-4.1942,3.8288,0.024876,-4.407,3.2925
-2.8513,-4.3868,11.579,2.6907,-4.4184,11.582,0.043975,-4.0575,3.2097,0.54125,-5.2073,1.1984
-2.7809,-3.9184,11.171,2.7577,-3.9477,11.167,0.076726,-3.9146,3.0815,-0.12778,-3.9001,2.9906
-3.3475,-3.0135,10.007,3.4193,-3.0286,10.008,0.087787,-3.7563,2.4089,-0.066285,-3.7623,2.5759
-3.7503,-1.4875,8.3402,3.7097,-1.5171,8.3475,0.0092884,-3.5314,1.8585,-0.072267,-3.5058,1.7572
-3.6801,0.23981,6.0247,3.778,0.23088,6.03,0.022319,-3.2083,1.0112,0.021425,-3.2093,1.141
-3.457,1.1338,3.0006,3.4266,1.1081,2.9992,-0.073789,-2.8599,0.37112,0.0099119,-2.8302,0.26959
-2.4783,2.033,0.19863,2.4617,2.0088,0.1835,-0.11529,-2.4596,-0.24154,0.030292,-2.428,-0.33736
-0.82232,2.7983,-1.6684,0.89639,2.7924,-1.6741,-0.10335,-1.975,-1.0118,0.10629,-2.001,-0.86555
0.64366,3.7681,-3.0104,-0.66759,3.7569,-2.9872,-0.15613,-1.5367,-1.5292,0.11273,-1.5093,-1.6137
2.2167,4.7118,-4.0711,-2.2294,4.7078,-4.0296,-0.1484,-1.3512,-1.8711,0.13284,-1.219,-1.7992
3.5751,5.6872,-5.0418,-3.4196,5.7032,-5.0005,-0.89088,-1.5252,-4.6053,0.25148,-0.56581,-2.7119
4.4335,6.4668,-6.0007,-4.4297,6.4685,-5.9585,-0.18211,0.14948,-3.5527,0.23906,0.14477,-3.556
5.1472,6.36,-6.9253,-5.1292,6.3551,-6.9043,0.10854,-0.45674,-2.0572,-0.091636,-0.45618,-2.0547
4.7165,4.2848,-8.3083,-4.6181,4.2821,-8.3219,0.4706,-0.11909,0.483,-0.43363,-0.11564,0.48494
4.0205,3.7595,-7.531,-3.8915,3.7731,-7.5445,0.67825,0.21799,2.832,-0.6311,0.22133,2.8336
2.8291,5.0112,-4.8338,-2.7152,5.0457,-4.828,0.76962,0.58638,5.2728,-0.72905,0.58916,5.272
2.0716,6.6428,-9.5541,-2.1123,6.6976,-9.5469,0.88333,0.70607,7.4197,-0.87536,0.7053,7.4159
1.5042,5.9652,-9.7468,-1.5516,6.0106,-9.7576,1.1079,0.81897,9.1954,-1.0794,0.82256,9.1869
-0.36519,-3.0697,1.5849,0.41073,-3.0242,1.5705,1.298,0.92694,10.467,-1.2154,0.93881,10.454
-0.29111,-2.9855,0.92733,0.30341,-2.944,0.92035,0.99332,1.9593,10.794,-0.95865,1.9732,10.786
-0.17101,-2.7174,0.16813,0.22308,-2.8101,0.36179,0.79607,3.2739,10.219,-0.76752,3.2862,10.206
-0.075187,-2.4113,-0.45669,0.14752,-2.6173,-0.1121,0.55556,4.4354,8.707,-0.55241,4.4411,8.6846
-0.036036,-2.1893,-0.7898,0.090685,-2.4096,-0.44752,0.28319,5.8394,6.1975,-0.30297,5.8342,6.17
-0.014889,-1.8985,-1.1472,0.030754,-2.2481,-0.64511,0.02595,7.2337,2.6888,-0.053175,7.2028,2.6679
0.053353,-1.6968,-1.4129,-0.080979,-1.7014,-1.4043,-0.13104,8.0922,-1.2348,0.13108,8.0625,-1.2417
0.012316,-1.7858,-1.3106,-0.03315,-1.7895,-1.3043,-0.20596,8.1694,-4.7832,0.24086,8.1288,-4.7663
0.056763,-1.6538,-1.6948,-0.082202,-1.6435,-1.7081,-0.62722,7.3013,-7.6535,0.68831,7.2564,-7.6158
0.1207,-1.4798,-2.1987,-0.13521,-1.4745,-2.2055,-1.123,5.7347,-9.6661,1.2213,5.6935,-9.6176
0.15081,-1.4226,-2.6284,-0.1612,-1.4164,-2.6365,-1.5149,3.7074,-10.751,1.6405,3.6787,-10.697
0.2102,-1.2487,-3.28,-0.21442,-1.2409,-3.2903,-1.6887,1.5738,-11.028,1.8417,1.5599,-10.973
0.2493,-1.0853,-3.9661,-0.26277,-1.0666,-3.9903,-1.5506,-0.1338,-10.789,1.699,-0.13494,-10.732
0.27213,-0.96633,-4.5414,-0.25372,-0.95301,-4.5585,-1.0995,-0.83434,-10.257,1.2634,-0.83506,-10.205
0.0016144,-0.76278,-2.4731,-0.017416,-0.76095,-2.4835,-0.24915,-1.1993,-9.2894,0.33244,-1.2091,-9.2426
-0.049655,-1.2734,-0.25061,0.057979,-1.2791,-0.25276,0.19866,-1.8204,-7.7528,-0.2239,-1.8434,-7.7222
-0.27225,-2.3647,1.5742,0.21816,-2.3675,1.5768,0.54786,-3.5932,-5.4336,-0.63173,-3.6205,-5.4174
-0.51236,-3.2788,3.8813,0.4357,-3.2819,3.8848,0.69094,-4.2772,-2.5491,-0.8017,-4.3041,-2.5497
-1.3551,-3.4175,6.5089,1.2854,-3.4209,6.5116,0.12256,-4.8558,5.4567,-0.18941,-4.8637,5.4758
-1.8874,-3.5474,9.0314,1.8643,-3.5503,9.0335,0.11536,-4.5748,4.6951,-0.1629,-4.5978,4.8353
-2.2335,-3.8314,10.804,2.1933,-3.8405,10.809,0.11602,-4.3894,4.2449,-0.15078,-4.4078,4.3785
-2.4344,-4.3012,11.528,2.3945,-4.3208,11.533,-0.059936,-4.4435,3.3074,-0.12492,-4.2232,3.6883
-2.7753,-4.3498,11.639,2.745,-4.374,11.644,0.098167,-4.0893,3.2549,-0.10497,-4.1046,3.3479
-2.7801,-3.8923,11.216,2.7219,-3.9264,11.221,0.091256,-3.9559,3.0054,-0.10004,-3.957,2.9561
-3.3783,-2.9992,10.029,3.3357,-3.0395,10.028,0.075894,-3.8194,2.6051,-0.088212,-3.8188,2.5554
-3.7025,-1.4929,8.356,3.6906,-1.5302,8.3563,0.04643,-3.5723,1.8015,-0.027142,-3.5699,1.7458
-3.6834,0.25845,6.0544,3.6967,0.22234,6.0482,0.011845,-3.2707,1.1936,-0.0010813,-3.2641,1.1376
-3.3543,1.1915,3.072,3.4547,1.1682,3.0617,-0.0059279,-2.8862,0.30381,0.066866,-2.9164,0.49738
-2.4425,2.1369,0.28285,2.4349,2.1033,0.26993,-0.095285,-2.4889,-0.30312,0.054821,-2.4786,-0.34593
-0.8318,2.9424,-1.6273,0.85989,2.9194,-1.6465,-0.11536,-2.053,-0.83514,0.08324,-2.0376,-0.8822
0.6641,3.9064,-2.9678,-0.63986,3.894,-2.9797,-0.16228,-1.5571,-1.5953,0.11125,-1.5396,-1.6424
2.2321,4.8308,-4.0494,-2.1959,4.8327,-4.0493,-0.16394,-1.2551,-1.7862,0.11003,-1.2337,-1.8336
3.5305,5.7864,-5.0564,-3.4469,5.8097,-5.0309,-0.16525,-0.57898,-2.7032,0.18034,-0.63008,-2.5396
4.4444,6.5167,-6.0417,-4.4028,6.5393,-6.0036,-0.19372,0.14231,-3.5538,0.2288,0.16671,-3.6188
5.1371,6.3791,-6.9763,-5.1057,6.3867,-6.9511,0.10624,-0.46781,-2.0605,-0.10094,-0.44648,-2.0991
4.6799,4.307,-8.333,-4.6244,4.3021,-8.3296,0.46116,-0.12431,0.4825,-0.44638,-0.11053,0.4601
3.9759,3.7595,-7.5567,-3.9018,3.7598,-7.5548,0.6679,0.22143,2.8367,-0.64145,0.22827,2.8249
2.7962,4.9547,-4.8915,-2.7172,4.9697,-4.8773,0.7623,0.598,5.2815,-0.73513,0.59984,5.2761
2.0676,6.5316,-9.6072,-2.0841,6.579,-9.5904,0.88029,0.72391,7.4298,-0.87484,0.71967,7.4279
1.5096,5.8632,-9.7771,-1.5316,5.9065,-9.779,1.097,0.84376,9.2038,-1.08,0.83898,9.2026
-0.38341,-3.078,1.5853,0.39497,-3.0697,1.5721,1.2594,0.95488,10.471,-1.2417,0.95046,10.471
-0.29824,-2.998,0.92734,0.29844,-2.9904,0.91741,0.97607,1.9923,10.798,-0.96819,1.987,10.798
-0.22005,-2.863,0.35028,0.21327,-2.8558,0.34245,0.78264,3.3131,10.214,-0.77747,3.3066,10.217
-0.097403,-2.4717,-0.38257,0.085884,-2.465,-0.38868,0.5616,4.5151,8.6894,-0.54961,4.5074,8.6982
-0.025855,-2.1623,-0.83015,0.010397,-2.1563,-0.83492,0.30635,5.9433,6.1611,-0.28851,5.9369,6.1783
0.0069486,-1.9877,-1.022,-0.0035223,-1.9782,-1.032,0.03989,7.3325,2.6406,0.0033292,7.3323,2.6661
0.045596,-1.7787,-1.3349,-0.053478,-1.7716,-1.3405,-0.088033,8.1926,-1.2985,0.083746,8.1996,-1.2728
0.028545,-1.7672,-1.3643,-0.038018,-1.7607,-1.3695,-0.18848,8.2726,-4.8585,0.19805,8.2826,-4.8352
0.064318,-1.6445,-1.7393,-0.085555,-1.6403,-1.741,-0.63668,7.3852,-7.7193,0.64426,7.3993,-7.7018
0.094105,-1.5779,-2.1167,-0.11609,-1.5737,-2.1183,-1.158,5.7894,-9.7165,1.1741,5.8069,-9.705
0.15424,-1.3976,-2.6935,-0.17537,-1.3932,-2.6954,-1.5761,3.7486,-10.785,1.5978,3.7664,-10.777
0.21596,-1.2047,-3.3655,-0.23337,-1.1994,-3.3685,-1.7742,1.6077,-11.051,1.7998,1.6205,-11.042
0.46408,-0.10567,-4.7026,-0.48222,-0.094575,-4.7022,-1.6485,-0.064542,-10.802,1.6635,-0.060565,-10.792
0.24434,-1.045,-4.4695,-0.23981,-1.0348,-4.4788,-1.2038,-0.79874,-10.269,1.2185,-0.8042,-10.259
-0.016582,-0.6156,-2.5648,0.0013227,-0.61194,-2.5721,-0.32449,-1.0925,-9.3206,0.28406,-1.1035,-9.3131
-0.0095562,-1.2438,-0.35408,0.082751,-1.2491,-0.35916,0.20753,-1.7087,-7.8002,-0.24808,-1.722,-7.8009
-0.24082,-2.3728,1.495,0.22358,-2.3759,1.4939,0.57081,-3.6204,-5.4577,-0.65597,-3.6304,-5.4626
-0.47706,-3.2848,3.8442,0.43165,-3.2867,3.8439,0.7302,-4.3791,-2.5394,-0.80531,-4.3873,-2.552
-1.3357,-3.4144,6.5094,1.2859,-3.4177,6.5089,0.14466,-4.8975,5.5199,-0.16698,-4.8995,5.5243
-1.8809,-3.5394,9.0609,1.8659,-3.5437,9.0604,0.13435,-4.6275,4.7883,-0.146,-4.6408,4.8872
-2.2271,-3.83,10.846,2.2003,-3.8413,10.847,0.13085,-4.4487,4.3435,-0.13941,-4.4585,4.438
-2.4188,-4.3153,11.569,2.4172,-4.3326,11.569,0.10732,-4.2751,3.6709,-0.10913,-4.283,3.7495
-2.762,-4.3697,11.677,2.7576,-4.3936,11.677,0.1014,-4.1599,3.3364,-0.10505,-4.1659,3.413
-2.7723,-3.9054,11.256,2.7206,-3.9422,11.256,0.085267,-4.0321,3.2173,-0.12065,-4.0135,3.0119
-3.3494,-3.0076,10.074,3.3639,-3.0417,10.072,0.074005,-3.8793,2.5478,-0.084372,-3.8837,2.6157
-3.7058,-1.482,8.4033,3.7194,-1.5157,8.4047,0.046161,-3.6512,1.891,-0.033517,-3.6393,1.8069
-3.7055,0.28443,6.0933,3.7127,0.24908,6.0924,0.0068679,-3.3489,1.2783,-0.012308,-3.3339,1.1957
-3.3935,1.2199,3.0886,3.4622,1.1924,3.0831,-0.020617,-2.9613,0.36765,0.047031,-2.9855,0.5537
-2.457,2.1609,0.27693,2.4712,2.1305,0.2693,-0.075205,-2.559,-0.24494,0.072074,-2.54,-0.31968
-0.83348,2.961,-1.6487,0.89424,2.9322,-1.6248,-0.10631,-2.0676,-1.0195,0.10473,-2.0981,-0.85345
0.65208,3.9424,-2.9844,-0.65673,3.9076,-2.984,-0.1751,-1.61,-1.5509,0.095529,-1.5847,-1.6134
2.2433,4.8761,-4.0647,-2.1964,4.8583,-4.0673,-0.15808,-1.3038,-1.7418,0.11347,-1.2726,-1.8131
3.5293,5.8377,-5.0796,-3.4591,5.84,-5.0577,-0.17464,-0.61772,-2.681,0.16995,-0.66436,-2.5198
4.4462,6.5634,-6.0765,-4.4184,6.5727,-6.039,-0.2103,0.11554,-3.5421,0.21273,0.14541,-3.6102
5.1299,6.4101,-7.0253,-5.1146,6.4182,-6.9901,0.09919,-0.48773,-2.056,-0.10494,-0.46345,-2.0997
4.6593,4.3274,-8.3806,-4.6391,4.3312,-8.3629,0.45174,-0.13497,0.48189,-0.45258,-0.11797,0.45528
3.9447,3.7823,-7.5984,-3.9276,3.7907,-7.583,0.6538,0.25557,2.8206,-0.65219,0.23383,2.8177
2.7738,5.0067,-4.9137,-2.7644,5.0239,-4.8897,0.7425,0.6169,5.2604,-0.74839,0.61936,5.267
2.0154,6.3223,-9.4488,-2.0485,6.3697,-9.4436,0.88051,0.75778,7.4173,-0.89397,0.76602,7.4234
1.9756,7.8826,-12.505,-2.0179,7.9465,-12.521,0.98178,0.90715,9.1678,-0.99017,0.91277,9.1704
-0.35819,-2.9757,1.4489,0.35203,-2.9709,1.4396,1.151,0.74919,10.33,-1.1534,0.74988,10.331
-0.31191,-2.9339,1.0367,0.30194,-2.929,1.0287,0.93305,1.6672,10.69,-0.93728,1.6619,10.693
-0.26797,-2.8588,0.66391,0.25738,-2.8535,0.65631,0.83206,2.9736,10.205,-0.83325,2.9635,10.212
-0.1538,-2.5251,0.062853,0.17334,-2.5202,0.058325,0.75062,4.6623,8.7118,-0.71521,4.6519,8.7236
-0.12092,-2.3206,-0.19249,0.13229,-2.3167,-0.19468,0.5649,6.5273,6.1064,-0.53853,6.5168,6.1284
-0.11216,-2.1666,-0.3019,0.11868,-2.164,-0.30235,0.22962,8.2311,2.4445,-0.20791,8.2239,2.4749
-0.09094,-1.9467,-0.51623,0.069736,-1.949,-0.50847,-0.077282,9.3627,-1.666,0.023637,9.3657,-1.6322
-0.054728,-1.7802,-0.70263,0.046262,-1.7739,-0.70716,-0.2943,9.6359,-5.5252,0.27737,9.6426,-5.5003
-0.044175,-1.706,-0.79657,0.04416,-1.6982,-0.80345,-0.7004,8.9442,-8.7646,0.70824,8.9583,-8.7462
-0.010991,-1.5643,-0.99859,0.020223,-1.5602,-1.0005,-1.1431,7.3709,-10.92,1.174,7.3921,-10.908
-0.049259,-1.5281,-1.0663,-0.25594,-0.41695,-1.526,-1.5212,5.2693,-11.984,1.4873,5.2941,-11.972
-0.0014075,-1.4132,-1.2456,-0.0087663,-1.4135,-1.2419,-1.611,3.1799,-12.216,1.6415,3.2076,-12.207
0.021724,-1.3133,-1.3421,-0.0064697,-1.3028,-1.3526,-1.4396,1.6638,-11.934,1.5039,1.6859,-11.926
-0.014133,-1.2883,-1.2915,-0.0021528,-1.2851,-1.2925,-1.0737,0.98622,-11.35,1.0966,0.99816,-11.338
-0.0084934,-1.18,-1.271,0.0074961,-1.174,-1.2758,-0.57894,1.0511,-10.519,0.60354,1.0503,-10.506
-0.039373,-1.144,-1.1269,0.027016,-1.1411,-1.1278,-0.13089,1.4303,-9.3885,0.12237,1.4189,-9.3765
-0.05056,-1.0179,-1.0548,0.019422,-1.0231,-1.0452,-0.0033271,1.6389,-7.8407,-0.059652,1.626,-7.8275
-0.059476,-0.96909,-0.90738,0.045177,-0.97097,-0.90277,0.063845,1.3376,-5.7295,-0.090668,1.3231,-5.7203
0.27322,0.30857,-1.0477,-0.29292,0.31175,-1.0403,0.16142,0.37205,-3.4458,-0.20959,0.36055,-3.4422
-0.068858,-0.82554,-0.74072,0.052715,-0.82533,-0.7389,0.066383,-0.52397,-1.8203,-0.11574,-0.53096,-1.8224
-0.064691,-0.76857,-0.59834,0.075041,-0.7625,-0.60433,8.4518e-05,-1.1624,-0.64217,0.013097,-1.1637,-0.64605
-0.072759,-0.6317,-0.42208,0.063714,-0.63166,-0.42127,0.010848,-1.1848,1.4197,-0.020596,-1.1444,1.385
-0.0594,-0.50859,-0.36697,0.049947,-0.51006,-0.36475,0.0093335,-1.1029,1.3049,-0.019598,-1.0714,1.2786
-0.057868,-0.42764,-0.25547,0.046959,-0.42982,-0.25265,0.0067078,-0.99955,1.1634,-0.01851,-0.98009,1.1483
-0.041273,-0.35176,-0.13148,0.058936,-0.34758,-0.13681,0.017437,-0.88452,0.97632,-0.0011976,-0.85765,0.98795
-0.044338,-0.27263,-0.0046704,0.051632,-0.27114,-0.0070728,0.010262,-0.70702,0.77143,-0.0048227,-0.69627,0.79915
-0.040124,-0.18415,0.062653,0.037069,-0.18548,0.063269,-0.0014157,-0.52797,0.54133,-0.013251,-0.58149,0.54056
-0.031861,-0.095653,0.13459,0.026313,-0.097787,0.13601,-0.011583,-0.31954,0.29951,-0.0017542,-0.35606,0.32555
0.34539,1.262,-0.053699,-0.35193,1.2666,-0.050895,0.0011716,-0.078994,0.055842,-0.0057874,-0.11098,0.085136
-0.024634,0.05453,0.29609,0.0087627,0.05027,0.30013,-0.048645,-0.072022,0.016912,-0.011488,-0.063819,0.0045521
-0.011822,0.10281,0.40628,0.022821,0.10467,0.40227,-0.018257,0.00041594,0.0012201,0.036968,-0.010517,-0.022198
-0.015339,0.15226,0.50693,0.021782,0.15274,0.5047,-0.014648,0.0083581,0.00027012,0.021366,0.038899,-0.034197
-0.018763,0.20157,0.60618,0.021931,0.20093,0.60489,-0.0084857,0.084659,0.020785,0.0092729,0.066067,0.0014875
-0.022428,0.25396,0.71362,0.023996,0.25261,0.7131,-0.0079892,0.32185,0.0024583,0.0058033,0.32081,-0.0041652
-0.025298,0.30717,0.81814,0.028046,0.30578,0.81747,-0.014701,0.59615,-0.045498,0.016653,0.60051,-0.048208
-0.028112,0.35962,0.91355,0.033059,0.35842,0.91237,-0.026902,0.81444,-0.068233,0.036134,0.81703,-0.06703
-0.045931,0.41253,0.99397,0.024524,0.40479,1.0009,-0.044898,0.9854,-0.18046,-0.010749,0.98599,-0.17677
-0.045367,0.46081,1.0719,0.035377,0.45546,1.0755,-0.018525,1.1342,-0.33522,-0.0084214,1.1303,-0.33026
-0.034956,0.55097,1.0983,0.034584,0.54895,1.0978,-0.01338,1.2691,-0.5095,0.012115,1.2645,-0.50119
-0.036009,0.59826,1.162,0.046458,0.59844,1.1583,0.011581,1.3969,-0.6915,0.016937,1.391,-0.68153
-0.050646,0.64893,1.2135,0.045481,0.64518,1.2147,-0.0012059,1.5154,-0.8746,-0.0085471,1.51,-0.86424
0.256,1.8304,0.87906,0.10097,0.68907,1.2827,0.061493,1.634,-1.0522,0.044593,1.6287,-1.0444
-0.056563,0.80507,1.2332,0.037338,0.79842,1.2382,-0.013728,1.7261,-1.2285,-0.02463,1.7235,-1.2151
-0.054959,0.85209,1.2642,0.053528,0.84916,1.2638,0.00066659,1.8202,-1.3926,0.0062338,1.814,-1.3823
-0.039714,0.96704,1.213,0.047108,0.96318,1.2131,0.023517,1.9037,-1.5509,0.0068594,1.8993,-1.5388
-0.055611,1.0163,1.2186,0.044799,1.0081,1.2245,0.0018615,1.9752,-1.698,-0.016376,1.9706,-1.6872
-0.051749,1.0625,1.2185,0.060197,1.0583,1.2187,0.018603,2.0396,-1.835,0.014777,2.0329,-1.8264
-0.044855,1.1874,1.1228,0.035773,1.179,1.1288,-0.012709,2.0967,-1.9626,0.0023998,2.0921,-1.9537
-0.042898,1.2303,1.0972,0.044863,1.2239,1.1,0.03359,2.14,-2.082,-0.014062,2.1357,-2.0729
-0.029774,1.351,0.97426,0.019892,1.3418,0.98117,-0.0066136,2.1794,-2.1877,-0.0061575,2.1742,-2.1806
-0.022324,1.3934,0.92366,0.026595,1.387,0.92642,0.022833,2.2086,-2.2871,0.00068142,2.2034,-2.2803
-0.016784,1.5129,0.76827,-0.015043,1.4991,0.78204,5.7452e-05,2.2302,-2.3755,-0.036667,2.2253,-2.3698
0.18439,2.4956,0.11832,0.036653,1.538,0.72508,0.055234,2.2515,-2.4556,0.024847,2.2482,-2.4488
