  0.0000,  0.0000,  0.0000,  0.0000,  0.0000,  0.0000,  0.0000,  0.0000,  0.0000,  0.0000,  0.0000,  0.0000
  0.0021,  0.0614,  0.0681,  0.0021,  0.0632,  0.0694, -0.0021,  0.1926, -0.2037, -0.0021,  0.1959, -0.2055
  0.0035,  0.0825,  0.0595,  0.0035,  0.0857,  0.0619, -0.0039,  0.2749, -0.3393, -0.0039,  0.2807, -0.3423
  0.0045,  0.0891,  0.0023,  0.0045,  0.0933,  0.0056, -0.0053,  0.3083, -0.4521, -0.0053,  0.3158, -0.4560
  0.0051,  0.0945, -0.0918,  0.0051,  0.0994, -0.0880, -0.0062,  0.3236, -0.5661, -0.0062,  0.3324, -0.5706
  0.0056,  0.1064, -0.2196,  0.0056,  0.1117, -0.2154, -0.0069,  0.3373, -0.6956, -0.0069,  0.3469, -0.7005
  0.0058,  0.1300, -0.3820,  0.0058,  0.1356, -0.3776, -0.0073,  0.3587, -0.8502, -0.0073,  0.3687, -0.8554
  0.0058,  0.1696, -0.5830,  0.0058,  0.1753, -0.5785, -0.0074,  0.3941, -1.0380, -0.0074,  0.4042, -1.0433
  0.0055,  0.2296, -0.8286,  0.0056,  0.2352, -0.8241, -0.0074,  0.4487, -1.2670, -0.0074,  0.4587, -1.2722
  0.0051,  0.3151, -1.1267,  0.0052,  0.3203, -1.1224, -0.0071,  0.5279, -1.5459, -0.0071,  0.5374, -1.5509
  0.0046,  0.4321, -1.4875,  0.0046,  0.4368, -1.4836, -0.0065,  0.6377, -1.8854, -0.0065,  0.6464, -1.8900
  0.0038,  0.5883, -1.9243,  0.0038,  0.5923, -1.9208, -0.0058,  0.7858, -2.2989, -0.0058,  0.7934, -2.3031
  0.0028,  0.7937, -2.4541,  0.0028,  0.7968, -2.4512, -0.0048,  0.9821, -2.8041, -0.0048,  0.9883, -2.8078
  0.0016,  1.0617, -3.0995,  0.0017,  1.0637, -3.0974, -0.0035,  1.2403, -3.4250, -0.0035,  1.2448, -3.4279
  0.0003,  1.4105, -3.8911,  0.0003,  1.4111, -3.8899, -0.0020,  1.5799, -4.1953, -0.0020,  1.5824, -4.1973
 -0.0012,  1.8660, -4.8710, -0.0012,  1.8653, -4.8708, -0.0002,  2.0304, -5.1651, -0.0002,  2.0306, -5.1662
 -0.0028,  2.4671, -6.0992, -0.0028,  2.4648, -6.1003,  0.0018,  2.6395, -6.4125,  0.0018,  2.6371, -6.4125
 -0.1469, -0.1532,  1.0717,  0.1555, -0.1169,  1.1313, -0.3564, -0.5328,  1.5359,  0.3376, -0.5782,  1.4964
 -0.0511, -1.2399,  3.2276,  0.0660, -1.1921,  3.2828, -0.4207, -1.7662,  3.9692,  0.3967, -1.8243,  3.9377
  0.0103, -1.8127,  4.5688,  0.0080, -1.7578,  4.6217, -0.4510, -2.3733,  5.3817,  0.4234, -2.4379,  5.3529
  0.0381, -2.0187,  5.2517, -0.0172, -1.9565,  5.3030, -0.4790, -2.5785,  6.0605,  0.4485, -2.6494,  6.0328
  0.0359, -1.9059,  5.3195, -0.0128, -1.8361,  5.3693, -0.5054, -2.4491,  6.0799,  0.4724, -2.5269,  6.0530
  0.0030, -1.5108,  4.8054,  0.0217, -1.4343,  4.8535, -0.5236, -2.0277,  5.4859,  0.4890, -2.1124,  5.4600
 -0.0622, -0.8712,  3.7354,  0.0873, -0.7906,  3.7816, -0.5244, -1.3540,  4.3120,  0.4899, -1.4437,  4.2875
 -0.1575, -0.0360,  2.1209,  0.1814,  0.0435,  2.1650, -0.4983, -0.4769,  2.5746,  0.4662, -0.5678,  2.5523
 -0.2689,  0.9274, -0.0207,  0.2895,  0.9992,  0.0206, -0.4390,  0.5381,  0.2997,  0.4121,  0.4513,  0.2807
 -0.3698,  1.8125, -2.1698,  0.3860,  1.8717, -2.1309, -0.3614,  1.4780, -1.9707,  0.3408,  1.3999, -1.9860
 -0.4360,  2.4508, -3.7979,  0.4483,  2.4970, -3.7598, -0.2919,  2.1659, -3.6873,  0.2766,  2.0978, -3.7003
 -0.4605,  2.8260, -4.8897,  0.4701,  2.8613, -4.8507, -0.2426,  2.5831, -4.8314,  0.2309,  2.5239, -4.8435
 -0.4504,  2.9429, -5.4271,  0.4588,  2.9711, -5.3857, -0.2194,  2.7319, -5.3872,  0.2092,  2.6787, -5.3998
 -0.4165,  2.7921, -5.3876,  0.4254,  2.8177, -5.3429, -0.2246,  2.5993, -5.3336,  0.2137,  2.5485, -5.3480
 -0.3687,  2.3570, -4.7419,  0.3797,  2.3854, -4.6931, -0.2583,  2.1657, -4.6406,  0.2446,  2.1127, -4.6582
 -0.3153,  1.6236, -3.4649,  0.3301,  1.6602, -3.4117, -0.3209,  1.4135, -3.2832,  0.3022,  1.3536, -3.3053
 -0.2656,  0.6033, -1.5537,  0.2862,  0.6545, -1.4962, -0.4122,  0.3523, -1.2621,  0.3860,  0.2799, -1.2902
 -0.2358, -0.5982,  0.9152,  0.2643, -0.5254,  0.9780, -0.5241, -0.9091,  1.3270,  0.4874, -0.9999,  1.2905
 -0.2259, -1.4646,  3.5927,  0.2638, -1.3669,  3.6669, -0.5874, -1.8168,  4.0500,  0.5373, -1.9291,  3.9997
 -0.1633, -3.8172,  6.6257,  0.1802, -3.7525,  6.6244, -0.3190, -3.9953,  6.7222,  0.2834, -4.0467,  6.7062
 -0.1389, -2.8250,  5.0049,  0.1579, -2.7713,  5.0105, -0.2540, -2.7427,  4.5876,  0.2228, -2.7786,  4.5690
 -0.1106, -2.1067,  3.5965,  0.1283, -2.0663,  3.6076, -0.1902, -1.9263,  3.0238,  0.1637, -1.9482,  3.0043
 -0.0790, -1.5443,  2.3465,  0.0937, -1.5190,  2.3617, -0.1254, -1.3248,  1.7515,  0.1050, -1.3333,  1.7317
 -0.0450, -1.0691,  1.1998,  0.0553, -1.0602,  1.2183, -0.0594, -0.8312,  0.6329,  0.0462, -0.8268,  0.6131
 -0.0092, -0.6355,  0.1076,  0.0143, -0.6441,  0.1288,  0.0074, -0.3859, -0.4130, -0.0127, -0.3688, -0.4327
  0.0278, -0.2088, -0.9750, -0.0284, -0.2355, -0.9512,  0.0742,  0.0504, -1.4430, -0.0711,  0.0800, -1.4626
  0.0652,  0.2412, -2.0917, -0.0717,  0.1963, -2.0652,  0.1403,  0.5090, -2.5053, -0.1288,  0.5508, -2.5249
  0.1027,  0.7447, -3.2903, -0.1145,  0.6820, -3.2607,  0.2048,  1.0194, -3.6490, -0.1853,  1.0731, -3.6691
  0.1397,  1.3358, -4.6286, -0.1560,  1.2558, -4.5948,  0.2669,  1.6146, -4.9327, -0.2401,  1.6804, -4.9538
  0.1751,  2.0572, -6.1836, -0.1959,  1.9605, -6.1434,  0.3254,  2.3379, -6.4356, -0.2939,  2.4156, -6.4584
  0.0395, -0.4004,  0.8269, -0.0389, -0.3871,  0.7834, -0.0601, -0.5525,  1.0632,  0.0623, -0.5589,  1.0635
  0.0796, -1.3195,  3.0423, -0.0672, -1.2632,  2.9823, -0.2065, -1.6187,  3.4863,  0.1939, -1.6612,  3.4969
  0.0940, -1.7268,  4.4350, -0.0731, -1.6451,  4.3708, -0.3005, -2.0882,  4.9417,  0.2783, -2.1536,  4.9551
  0.0903, -1.7826,  5.1606, -0.0631, -1.6841,  5.0955, -0.3620, -2.1694,  5.6717,  0.3334, -2.2516,  5.6870
  0.0732, -1.5363,  5.2628, -0.0419, -1.4283,  5.1975, -0.3894, -1.9233,  5.7400,  0.3573, -2.0164,  5.7576
  0.0431, -1.0261,  4.7765, -0.0108, -0.9170,  4.7105, -0.3740, -1.3903,  5.1901,  0.3420, -1.4873,  5.2113
  0.0006, -0.3078,  3.7197,  0.0291, -0.2083,  3.6519, -0.3057, -0.6259,  4.0457,  0.2782, -0.7170,  4.0722
 -0.0505,  0.5588,  2.1094,  0.0729,  0.6363,  2.0381, -0.1776,  0.3111,  2.3283,  0.1597,  0.2377,  2.3621
 -0.0992,  1.4869, -0.0433,  0.1098,  1.5305, -0.1201,  0.0042,  1.3319,  0.0589, -0.0078,  1.2878,  0.1023
 -0.1397,  2.2811, -2.2071,  0.1376,  2.2892, -2.2884,  0.1825,  2.2196, -2.2112, -0.1716,  2.2077, -2.1597
 -0.1681,  2.7960, -3.8452,  0.1565,  2.7780, -3.9269,  0.2979,  2.8067, -3.9273, -0.2769,  2.8195, -3.8729
 -0.1779,  3.0373, -4.9373,  0.1610,  3.0055, -5.0169,  0.3442,  3.0967, -5.0650, -0.3183,  3.1235, -5.0116
 -0.1714,  3.0158, -5.4718,  0.1534,  2.9817, -5.5472,  0.3302,  3.1016, -5.6139, -0.3043,  3.1320, -5.5648
 -0.1531,  2.7360, -5.4236,  0.1376,  2.7089, -5.4940,  0.2689,  2.8269, -5.5494, -0.2471,  2.8520, -5.5068
 -0.1277,  2.1793, -4.7695,  0.1174,  2.1664, -4.8342,  0.1716,  2.2537, -4.8469, -0.1569,  2.2668, -4.8129
 -0.0995,  1.3288, -3.4886,  0.0969,  1.3353, -3.5465,  0.0453,  1.3636, -3.4833, -0.0405,  1.3593, -3.4598
 -0.0769,  0.1947, -1.5838,  0.0843,  0.2250, -1.6333, -0.1062,  0.1636, -1.4624,  0.0986,  0.1370, -1.4520
 -0.0821, -1.1028,  0.8552,  0.1022, -1.0441,  0.8169, -0.2752, -1.2300,  1.1097,  0.2522, -1.2845,  1.1039
 -0.1420, -1.9516,  3.4369,  0.1775, -1.8618,  3.4149, -0.4075, -2.1902,  3.7599,  0.3657, -2.2798,  3.7352
 -0.2048, -3.9342,  6.4752,  0.2354, -3.8772,  6.5108, -0.3638, -4.1342,  6.5285,  0.3292, -4.1925,  6.4928
 -0.1750, -3.0171,  4.8632,  0.2031, -2.9683,  4.8970, -0.2915, -2.9937,  4.4885,  0.2603, -3.0356,  4.4540
 -0.1390, -2.3539,  3.4636,  0.1625, -2.3168,  3.4965, -0.2184, -2.2384,  2.9646,  0.1926, -2.2642,  2.9310
 -0.0984, -1.8336,  2.2181,  0.1157, -1.8109,  2.2505, -0.1435, -1.6728,  1.7088,  0.1244, -1.6825,  1.6759
 -0.0544, -1.3903,  1.0721,  0.0643, -1.3839,  1.1042, -0.0668, -1.1999,  0.5950,  0.0554, -1.1934,  0.5628
 -0.0082, -0.9791, -0.0220,  0.0098, -0.9904,  0.0096,  0.0110, -0.7639, -0.4520, -0.0141, -0.7412, -0.4836
  0.0393, -0.5655, -1.1074, -0.0463, -0.5951, -1.0763,  0.0890, -0.3270, -1.4865, -0.0834, -0.2882, -1.5173
  0.0872, -0.1191, -2.2261, -0.1026, -0.1669, -2.1956,  0.1659,  0.1418, -2.5551, -0.1520,  0.1964, -2.5853
  0.1347,  0.3906, -3.4237, -0.1576,  0.3252, -3.3938,  0.2409,  0.6728, -3.7068, -0.2193,  0.7428, -3.7365
  0.1809,  0.9979, -4.7541, -0.2101,  0.9160, -4.7247,  0.3132,  1.3020, -5.0015, -0.2848,  1.3871, -5.0310
  0.2258,  1.7463, -6.2876, -0.2584,  1.6498, -6.2586,  0.3829,  2.0791, -6.5227, -0.3481,  2.1794, -6.5530
  0.0997, -0.5456,  0.6231, -0.1050, -0.5669,  0.6442, -0.0198, -0.6632,  0.9032,  0.0228, -0.6438,  0.8772
  0.1220, -1.3331,  2.8813, -0.1117, -1.3152,  2.8910, -0.1762, -1.6071,  3.3496,  0.1638, -1.6289,  3.3349
  0.1196, -1.6161,  4.3188, -0.0983, -1.5712,  4.3219, -0.2756, -1.9630,  4.8414,  0.2529, -2.0138,  4.8329
  0.1028, -1.5528,  5.0840, -0.0735, -1.4880,  5.0810, -0.3370, -1.9331,  5.6052,  0.3073, -2.0056,  5.6027
  0.0760, -1.1906,  5.2181, -0.0420, -1.1130,  5.2087, -0.3581, -1.5743,  5.7006,  0.3247, -1.6615,  5.7049
  0.0401, -0.5713,  4.7524, -0.0053, -0.4897,  4.7355, -0.3299, -0.9304,  5.1669,  0.2969, -1.0232,  5.1796
 -0.0035,  0.2453,  3.7084,  0.0338,  0.3196,  3.6829, -0.2426, -0.0606,  4.0316,  0.2154, -0.1470,  4.0542
 -0.0496,  1.1777,  2.0957,  0.0693,  1.2314,  2.0606, -0.0915,  0.9546,  2.3097,  0.0759,  0.8891,  2.3437
 -0.0860,  2.1284, -0.0686,  0.0896,  2.1490, -0.1144,  0.1133,  2.0140,  0.0288, -0.1121,  1.9835,  0.0761
 -0.1111,  2.8884, -2.2550,  0.0979,  2.8734, -2.3083,  0.3055,  2.8818, -2.2618, -0.2876,  2.8897, -2.2048
 -0.1257,  3.3279, -3.9134,  0.1004,  3.2866, -3.9676,  0.4213,  3.4021, -3.9946, -0.3920,  3.4393, -3.9356
 -0.1253,  3.4605, -5.0244,  0.0936,  3.4054, -5.0749,  0.4576,  3.5873, -5.1468, -0.4232,  3.6411, -5.0918
 -0.1122,  3.3189, -5.5687,  0.0796,  3.2616, -5.6122,  0.4282,  3.4726, -5.7009, -0.3944,  3.5306, -5.6541
 -0.0908,  2.9125, -5.5249,  0.0618,  2.8623, -5.5594,  0.3498,  3.0696, -5.6359, -0.3212,  3.1219, -5.6005
 -0.0648,  2.2292, -4.8703,  0.0427,  2.1929, -4.8943,  0.2360,  2.3667, -4.9271, -0.2160,  2.4058, -4.9054
 -0.0380,  1.2530, -3.5866,  0.0254,  1.2358, -3.5987,  0.0950,  1.3469, -3.5536, -0.0864,  1.3673, -3.5480
 -0.0191, -0.0062, -1.6817,  0.0186,  0.0002, -1.6798, -0.0691,  0.0169, -1.5242,  0.0635,  0.0136, -1.5373
 -0.0342, -1.4172,  0.7425,  0.0487, -1.3819,  0.7608, -0.2482, -1.4981,  1.0418,  0.2249, -1.5311,  1.0071
 -0.1227, -2.2951,  3.2514,  0.1552, -2.2253,  3.2885, -0.3855, -2.5042,  3.6222,  0.3402, -2.5769,  3.5647
 -0.2202, -4.1708,  6.4375,  0.2530, -4.1134,  6.4814, -0.3599, -4.3575,  6.4531,  0.3218, -4.4152,  6.4077
 -0.1885, -3.3055,  4.8217,  0.2168, -3.2577,  4.8644, -0.2912, -3.3032,  4.4783,  0.2562, -3.3435,  4.4334
 -0.1497, -2.6772,  3.4237,  0.1724, -2.6425,  3.4660, -0.2203, -2.5952,  2.9841,  0.1914, -2.6181,  2.9395
 -0.1060, -2.1793,  2.1790,  0.1213, -2.1606,  2.2211, -0.1469, -2.0555,  1.7411,  0.1257, -2.0610,  1.6967
 -0.0587, -1.7478,  1.0309,  0.0655, -1.7471,  1.0729, -0.0711, -1.5945,  0.6307,  0.0586, -1.5823,  0.5867
 -0.0088, -1.3384, -0.0685,  0.0064, -1.3570, -0.0268,  0.0065, -1.1593, -0.4192, -0.0095, -1.1293, -0.4627
  0.0425, -0.9168, -1.1623, -0.0542, -0.9553, -1.1210,  0.0846, -0.7130, -1.4614, -0.0781, -0.6653, -1.5044
  0.0944, -0.4527, -2.2922, -0.1148, -0.5108, -2.2515,  0.1623, -0.2249, -2.5425, -0.1465, -0.1597, -2.5849
  0.1459,  0.0847, -3.5035, -0.1739,  0.0079, -3.4632,  0.2385,  0.3365, -3.7124, -0.2144,  0.4187, -3.7545
  0.1961,  0.7302, -4.8491, -0.2302,  0.6361, -4.8091,  0.3126,  1.0098, -5.0337, -0.2813,  1.1088, -5.0758
  0.2448,  1.5289, -6.3970, -0.2818,  1.4198, -6.3570,  0.3849,  1.8515, -6.5961, -0.3471,  1.9676, -6.6396
  0.1292, -0.6632,  0.5228, -0.1350, -0.6896,  0.5483, -0.0253, -0.7771,  0.8275,  0.0325, -0.7459,  0.7772
  0.1420, -1.3613,  2.8342, -0.1315, -1.3440,  2.8439, -0.1786, -1.6252,  3.3078,  0.1692, -1.6398,  3.2720
  0.1306, -1.5566,  4.3153, -0.1081, -1.5088,  4.3155, -0.2735, -1.8922,  4.8350,  0.2528, -1.9401,  4.8086
  0.1061, -1.4022,  5.1170, -0.0747, -1.3318,  5.1089, -0.3294, -1.7709,  5.6305,  0.3012, -1.8449,  5.6132
  0.0726, -0.9447,  5.2769, -0.0358, -0.8594,  5.2604, -0.3439, -1.3165,  5.7486,  0.3119, -1.4090,  5.7408
  0.0308, -0.2284,  4.8263,  0.0070, -0.1375,  4.8004, -0.3082, -0.5749,  5.2279,  0.2770, -0.6761,  5.2309
 -0.0172,  0.6786,  3.7838,  0.0503,  0.7626,  3.7477, -0.2131,  0.3857,  4.0931,  0.1885,  0.2892,  4.1082
 -0.0649,  1.6854,  2.1626,  0.0866,  1.7479,  2.1153, -0.0554,  1.4745,  2.3629,  0.0436,  1.3996,  2.3911
 -0.0988,  2.6754, -0.0228,  0.1028,  2.7025, -0.0820,  0.1529,  2.5705,  0.0629, -0.1465,  2.5342,  0.1053
 -0.1176,  3.4305, -2.2371,  0.1032,  3.4190, -2.3037,  0.3434,  3.4290, -2.2509, -0.3192,  3.4366, -2.1995
 -0.1244,  3.8194, -3.9251,  0.0968,  3.7787, -3.9913,  0.4526,  3.8942, -4.0064, -0.4165,  3.9369, -3.9557
 -0.1158,  3.8708, -5.0590,  0.0812,  3.8140, -5.1191,  0.4799,  3.9953, -5.1734, -0.4390,  4.0595, -5.1311
 -0.0956,  3.6269, -5.6184,  0.0599,  3.5666, -5.6686,  0.4412,  3.7772, -5.7341, -0.4016,  3.8495, -5.7057
 -0.0685,  3.1096, -5.5801,  0.0365,  3.0559, -5.6183,  0.3547,  3.2637, -5.6663, -0.3212,  3.3327, -5.6551
 -0.0384,  2.3131, -4.9228,  0.0137,  2.2732, -4.9473,  0.2343,  2.4489, -4.9467, -0.2106,  2.5063, -4.9555
 -0.0090,  1.2248, -3.6301, -0.0056,  1.2042, -3.6393,  0.0885,  1.3188, -3.5565, -0.0775,  1.3581, -3.5871
  0.0103, -0.1474, -1.7175, -0.0121, -0.1441, -1.7093, -0.0792, -0.1231, -1.5115,  0.0744, -0.1077, -1.5662
 -0.0093, -1.6594,  0.7028,  0.0236, -1.6270,  0.7312, -0.2595, -1.7400,  1.0584,  0.2352, -1.7558,  0.9767
 -0.1161, -2.5682,  3.1523,  0.1500, -2.5007,  3.2036, -0.3899, -2.7818,  3.5827,  0.3417, -2.8414,  3.4721
 -0.2279, -4.4138,  6.4828,  0.2651, -4.3565,  6.5334, -0.3495, -4.5783,  6.4438,  0.3126, -4.6398,  6.4012
 -0.1955, -3.5790,  4.8469,  0.2261, -3.5325,  4.8972, -0.2855, -3.5853,  4.5072,  0.2502, -3.6243,  4.4593
 -0.1555, -2.9707,  3.4386,  0.1792, -2.9386,  3.4889, -0.2182, -2.9110,  3.0284,  0.1885, -2.9284,  2.9768
 -0.1104, -2.4846,  2.1858,  0.1256, -2.4698,  2.2364, -0.1477, -2.3897,  1.7898,  0.1255, -2.3861,  1.7356
 -0.0617, -2.0572,  1.0294,  0.0671, -2.0618,  1.0801, -0.0743, -1.9367,  0.6777,  0.0609, -1.9120,  0.6218
 -0.0102, -1.6447, -0.0800,  0.0053, -1.6699, -0.0293,  0.0011, -1.5008, -0.3780, -0.0050, -1.4553, -0.4352
  0.0430, -1.2127, -1.1858, -0.0581, -1.2590, -1.1354,  0.0777, -1.0461, -1.4293, -0.0719, -0.9801, -1.4877
  0.0969, -0.7307, -2.3302, -0.1215, -0.7977, -2.2803,  0.1543, -0.5418, -2.5228, -0.1392, -0.4557, -2.5824
  0.1505, -0.1679, -3.5585, -0.1834, -0.2545, -3.5090,  0.2298,  0.0441, -3.7087, -0.2064,  0.1497, -3.7701
  0.2029,  0.5109, -4.9240, -0.2424,  0.4063, -4.8746,  0.3037,  0.7516, -5.0512, -0.2734,  0.8764, -5.1158
  0.2543,  1.3518, -6.4947, -0.2961,  1.2318, -6.4450,  0.3768,  1.6405, -6.6434, -0.3396,  1.7851, -6.7139
  0.1472, -0.7458,  0.4586, -0.1563, -0.7753,  0.4878, -0.0382, -0.8379,  0.7116,  0.0446, -0.8146,  0.6979
  0.1539, -1.3725,  2.8175, -0.1441, -1.3547,  2.8280, -0.1859, -1.5976,  3.2143,  0.1758, -1.6327,  3.2261
  0.1365, -1.5004,  4.3378, -0.1132, -1.4494,  4.3367, -0.2750, -1.7923,  4.7743,  0.2535, -1.8672,  4.7987
  0.1067, -1.2770,  5.1701, -0.0736, -1.2008,  5.1589, -0.3253, -1.6009,  5.5995,  0.2962, -1.7056,  5.6335
  0.0681, -0.7458,  5.3510, -0.0291, -0.6526,  5.3299, -0.3341, -1.0733,  5.7399,  0.3013, -1.1988,  5.7829
  0.0215,  0.0478,  4.9105,  0.0188,  0.1481,  4.8787, -0.2928, -0.2560,  5.2316,  0.2611, -0.3910,  5.2845
 -0.0307,  1.0298,  3.8672,  0.0661,  1.1241,  3.8238, -0.1929,  0.7766,  4.0985,  0.1682,  0.6474,  4.1627
 -0.0807,  2.0994,  2.2340,  0.1040,  2.1716,  2.1785, -0.0322,  1.9227,  2.3595,  0.0212,  1.8185,  2.4362
 -0.1137,  3.1257,  0.0267,  0.1184,  3.1603, -0.0413,  0.1756,  3.0474,  0.0412, -0.1678,  2.9878,  0.1314
 -0.1286,  3.8801, -2.2162,  0.1140,  3.8730, -2.2913,  0.3616,  3.8964, -2.2962, -0.3357,  3.8880, -2.1985
 -0.1298,  4.2316, -3.9326,  0.1011,  4.1921, -4.0057,  0.4637,  4.3176, -4.0742, -0.4261,  4.3504, -3.9796
 -0.1148,  4.2184, -5.0887,  0.0789,  4.1604, -5.1532,  0.4832,  4.3506, -5.2574, -0.4412,  4.4095, -5.1743
 -0.0886,  3.8940, -5.6610,  0.0516,  3.8307, -5.7128,  0.4377,  4.0518, -5.8257, -0.3975,  4.1212, -5.7597
 -0.0565,  3.2888, -5.6257,  0.0233,  3.2310, -5.6623,  0.3459,  3.4523, -5.7564, -0.3124,  3.5194, -5.7108
 -0.0226,  2.4017, -4.9624, -0.0031,  2.3572, -4.9822,  0.2222,  2.5500, -5.0271, -0.1990,  2.6054, -5.0041
  0.0096,  1.2218, -3.6571, -0.0248,  1.1964, -3.6588,  0.0744,  1.3315, -3.6207, -0.0645,  1.3681, -3.6220
  0.0299, -0.2436, -1.7313, -0.0319, -0.2452, -1.7125, -0.0939, -0.2019, -1.5581,  0.0875, -0.1897, -1.5862
  0.0069, -1.8393,  0.6922,  0.0076, -1.8116,  0.7345, -0.2726, -1.9042,  1.0201,  0.2460, -1.9232,  0.9618
 -0.1143, -2.7709,  3.1001,  0.1489, -2.7076,  3.1694, -0.3940, -2.9777,  3.5051,  0.3428, -3.0393,  3.4131
 -0.2368, -4.6250,  6.5556,  0.2727, -4.5664,  6.6091, -0.3414, -4.7789,  6.4791,  0.3003, -4.8364,  6.4284
 -0.2025, -3.8113,  4.8966,  0.2329, -3.7651,  4.9512, -0.2802, -3.8263,  4.5591,  0.2420, -3.8609,  4.5026
 -0.1611, -3.2179,  3.4747,  0.1845, -3.1878,  3.5306, -0.2157, -3.1744,  3.0844,  0.1837, -3.1872,  3.0240
 -0.1147, -2.7412,  2.2114,  0.1292, -2.7301,  2.2685, -0.1478, -2.6654,  1.8438,  0.1238, -2.6566,  1.7808
 -0.0644, -2.3179,  1.0446,  0.0689, -2.3280,  1.1028, -0.0768, -2.2173,  0.7262,  0.0622, -2.1870,  0.6614
 -0.0113, -1.9041, -0.0760,  0.0052, -1.9365, -0.0171, -0.0033, -1.7803, -0.3379, -0.0011, -1.7287, -0.4039
  0.0437, -1.4650, -1.1945, -0.0601, -1.5202, -1.1354,  0.0716, -1.3185, -1.3999, -0.0656, -1.2459, -1.4670
  0.0996, -0.9699, -2.3535, -0.1255, -1.0473, -2.2942,  0.1469, -0.8009, -2.5069, -0.1308, -0.7079, -2.5750
  0.1553, -0.3877, -3.5985, -0.1894, -0.4859, -3.5390,  0.2216, -0.1948, -3.7099, -0.1965, -0.0819, -3.7798
  0.2099,  0.3175, -4.9830, -0.2502,  0.2005, -4.9227,  0.2951,  0.5419, -5.0752, -0.2626,  0.6743, -5.1481
  0.2629,  1.1933, -6.5751, -0.3063,  1.0599, -6.5128,  0.3679,  1.4731, -6.7001, -0.3294,  1.6256, -6.7788
  0.1629, -0.7982,  0.4151, -0.1724, -0.8287,  0.4385, -0.0497, -0.8825,  0.6541,  0.0578, -0.8563,  0.6389
  0.1633, -1.3666,  2.8056, -0.1536, -1.3447,  2.8058, -0.1924, -1.5796,  3.1753,  0.1831, -1.6142,  3.1878
  0.1408, -1.4405,  4.3591, -0.1171, -1.3821,  4.3456, -0.2764, -1.7202,  4.7648,  0.2553, -1.7967,  4.7918
  0.1066, -1.1642,  5.2136, -0.0728, -1.0785,  5.1889, -0.3221, -1.4771,  5.6111,  0.2929, -1.5853,  5.6492
  0.0640, -0.5735,  5.4125, -0.0240, -0.4691,  5.3770, -0.3265, -0.8912,  5.7691,  0.2935, -1.0218,  5.8176
  0.0135,  0.2796,  4.9768,  0.0280,  0.3923,  4.9302, -0.2812, -0.0154,  5.2659,  0.2494, -0.1570,  5.3254
 -0.0418,  1.3210,  3.9309,  0.0786,  1.4278,  3.8723, -0.1783,  1.0755,  4.1307,  0.1539,  0.9387,  4.2025
 -0.0935,  2.4393,  2.2860,  0.1182,  2.5229,  2.2150, -0.0163,  2.2694,  2.3806,  0.0061,  2.1574,  2.4658
 -0.1258,  3.4909,  0.0571,  0.1316,  3.5343, -0.0262,  0.1899,  3.4181,  0.0421, -0.1804,  3.3515,  0.1413
 -0.1374,  4.2427, -2.2106,  0.1237,  4.2411, -2.3001,  0.3716,  4.2634, -2.3178, -0.3434,  4.2497, -2.2111
 -0.1340,  4.5620, -3.9515,  0.1060,  4.5250, -4.0374,  0.4679,  4.6515, -4.1174, -0.4276,  4.6811, -4.0149
 -0.1141,  4.4965, -5.1259,  0.0787,  4.4386, -5.2011,  0.4816,  4.6325, -5.3158, -0.4369,  4.6900, -5.2266
 -0.0832,  4.1099, -5.7064,  0.0465,  4.0453, -5.7665,  0.4313,  4.2730, -5.8897, -0.3887,  4.3425, -5.8197
 -0.0474,  3.4341, -5.6717,  0.0145,  3.3744, -5.7143,  0.3361,  3.6051, -5.8189, -0.3005,  3.6734, -5.7719
 -0.0105,  2.4792, -4.9983, -0.0149,  2.4326, -5.0222,  0.2104,  2.6368, -5.0778, -0.1856,  2.6942, -5.0557
  0.0234,  1.2287, -3.6789, -0.0383,  1.2012, -3.6825,  0.0617,  1.3486, -3.6555, -0.0509,  1.3881, -3.6600
  0.0441, -0.3023, -1.7343, -0.0456, -0.3057, -1.7157, -0.1062, -0.2507, -1.5719,  0.1001, -0.2350, -1.6054
  0.0179, -1.9569,  0.7002, -0.0027, -1.9308,  0.7445, -0.2826, -2.0155,  1.0202,  0.2557, -2.0301,  0.9539
 -0.1153, -2.9042,  3.0825,  0.1508, -2.8428,  3.1569, -0.3958, -3.1134,  3.4787,  0.3434, -3.1695,  3.3758
 -0.2433, -4.7969,  6.6368,  0.2808, -4.7383,  6.6937, -0.3331, -4.9448,  6.5267,  0.2914, -4.9993,  6.4715
 -0.2082, -3.9974,  4.9575,  0.2398, -3.9522,  5.0166, -0.2745, -4.0179,  4.6120,  0.2356, -4.0491,  4.5504
 -0.1657, -3.4152,  3.5231,  0.1900, -3.3872,  3.5842, -0.2123, -3.3811,  3.1366,  0.1798, -3.3900,  3.0707
 -0.1180, -2.9467,  2.2498,  0.1332, -2.9387,  2.3128, -0.1465, -2.8808,  1.8922,  0.1223, -2.8677,  1.8234
 -0.0664, -2.5282,  1.0735,  0.0713, -2.5425,  1.1380, -0.0775, -2.4367,  0.7687,  0.0630, -2.4016,  0.6979
 -0.0118, -2.1154, -0.0572,  0.0058, -2.1531,  0.0083, -0.0059, -1.9994, -0.3029,  0.0019, -1.9426, -0.3751
  0.0447, -1.6732, -1.1869, -0.0614, -1.7346, -1.1208,  0.0674, -1.5331, -1.3742, -0.0606, -1.4550, -1.4476
  0.1023, -1.1702, -2.3585, -0.1286, -1.2548, -2.2919,  0.1413, -1.0064, -2.4923, -0.1240, -0.9076, -2.5670
  0.1598, -0.5751, -3.6176, -0.1943, -0.6813, -3.5504,  0.2150, -0.3859, -3.7094, -0.1883, -0.2669, -3.7859
  0.2163,  0.1488, -5.0180, -0.2570,  0.0231, -4.9494,  0.2878,  0.3722, -5.0930, -0.2536,  0.5109, -5.1728
  0.2709,  1.0500, -6.6272, -0.3151,  0.9076, -6.5559,  0.3602,  1.3355, -6.7442, -0.3203,  1.4944, -6.8303
  0.1747, -0.8275,  0.3908, -0.1844, -0.8575,  0.4044, -0.0599, -0.9068,  0.6249,  0.0683, -0.8807,  0.6153
  0.1696, -1.3431,  2.7993, -0.1595, -1.3172,  2.7865, -0.1983, -1.5527,  3.1576,  0.1885, -1.5899,  3.1779
  0.1427, -1.3767,  4.3706, -0.1183, -1.3124,  4.3428, -0.2785, -1.6559,  4.7634,  0.2563, -1.7364,  4.7994
  0.1050, -1.0594,  5.2411, -0.0701, -0.9667,  5.2014, -0.3208, -1.3746,  5.6253,  0.2903, -1.4877,  5.6730
  0.0594, -0.4269,  5.4478, -0.0178, -0.3147,  5.3971, -0.3221, -0.7490,  5.7913,  0.2877, -0.8855,  5.8499
  0.0061,  0.4707,  5.0152,  0.0371,  0.5912,  4.9531, -0.2742,  0.1698,  5.2911,  0.2412,  0.0217,  5.3611
 -0.0513,  1.5521,  3.9636,  0.0898,  1.6663,  3.8894, -0.1695,  1.3005,  4.1504,  0.1443,  1.1566,  4.2331
 -0.1037,  2.7009,  2.3063,  0.1300,  2.7908,  2.2199, -0.0073,  2.5254,  2.3885, -0.0032,  2.4065,  2.4849
 -0.1345,  3.7672,  0.0614,  0.1417,  3.8154, -0.0372,  0.1971,  3.6910,  0.0348, -0.1873,  3.6182,  0.1453
 -0.1430,  4.5085, -2.2276,  0.1302,  4.5100, -2.3318,  0.3751,  4.5281, -2.3451, -0.3459,  4.5094, -2.2277
 -0.1358,  4.8008, -3.9856,  0.1084,  4.7655, -4.0852,  0.4670,  4.8916, -4.1604, -0.4256,  4.9176, -4.0480
 -0.1122,  4.6961, -5.1709,  0.0771,  4.6391, -5.2588,  0.4768,  4.8361, -5.3690, -0.4310,  4.8910, -5.2711
 -0.0782,  4.2628, -5.7558,  0.0416,  4.1989, -5.8276,  0.4233,  4.4323, -5.9470, -0.3797,  4.5001, -5.8696
 -0.0399,  3.5410, -5.7166,  0.0071,  3.4821, -5.7701,  0.3262,  3.7202, -5.8719, -0.2900,  3.7873, -5.8186
 -0.0014,  2.5393, -5.0328, -0.0238,  2.4937, -5.0669,  0.1995,  2.7062, -5.1209, -0.1745,  2.7628, -5.0935
  0.0333,  1.2453, -3.6965, -0.0478,  1.2191, -3.7099,  0.0507,  1.3744, -3.6818, -0.0401,  1.4135, -3.6821
  0.0533, -0.3288, -1.7332, -0.0543, -0.3308, -1.7237, -0.1166, -0.2700, -1.5790,  0.1097, -0.2540, -1.6094
  0.0238, -2.0199,  0.7166, -0.0078, -1.9928,  0.7525, -0.2909, -2.0757,  1.0293,  0.2626, -2.0891,  0.9650
 -0.1198, -2.9720,  3.0903,  0.1561, -2.9110,  3.1573, -0.3970, -3.1877,  3.4763,  0.3429, -3.2409,  3.3737
 -0.2493, -4.9215,  6.7189,  0.2892, -4.8651,  6.7804, -0.3269, -5.0669,  6.5776,  0.2852, -5.1184,  6.5188
 -0.2137, -4.1244,  5.0237,  0.2468, -4.0807,  5.0868, -0.2701, -4.1463,  4.6569,  0.2304, -4.1748,  4.5921
 -0.1702, -3.5450,  3.5795,  0.1957, -3.5178,  3.6442, -0.2092, -3.5117,  3.1762,  0.1760, -3.5181,  3.1072
 -0.1214, -3.0785,  2.2989,  0.1375, -3.0710,  2.3652, -0.1448, -3.0110,  1.9268,  0.1200, -2.9956,  1.8551
 -0.0684, -2.6610,  1.1162,  0.0739, -2.6753,  1.1837, -0.0772, -2.5646,  0.7985,  0.0621, -2.5276,  0.7249
 -0.0124, -2.2477, -0.0206,  0.0067, -2.2853,  0.0477, -0.0068, -2.1236, -0.2779,  0.0025, -2.0650, -0.3528
  0.0456, -1.8033, -1.1567, -0.0624, -1.8645, -1.0881,  0.0652, -1.6521, -1.3542, -0.0585, -1.5725, -1.4300
  0.1048, -1.2965, -2.3352, -0.1317, -1.3807, -2.2663,  0.1380, -1.1189, -2.4775, -0.1205, -1.0189, -2.5543
  0.1639, -0.6955, -3.6019, -0.1994, -0.8013, -3.5329,  0.2107, -0.4908, -3.6999, -0.1835, -0.3710, -3.7783
  0.2221,  0.0361, -5.0112, -0.2641, -0.0890, -4.9413,  0.2825,  0.2755, -5.0890, -0.2474,  0.4146, -5.1707
  0.2786,  0.9467, -6.6316, -0.3240,  0.8050, -6.5594,  0.3540,  1.2465, -6.7456, -0.3129,  1.4056, -6.8336
  0.1838, -0.7617,  0.4196, -0.1930, -0.7912,  0.4308, -0.0752, -0.8542,  0.6587,  0.0832, -0.8312,  0.6545
  0.1722, -1.2142,  2.8216, -0.1607, -1.1876,  2.8060, -0.2104, -1.4467,  3.1837,  0.1994, -1.4878,  3.2105
  0.1406, -1.2042,  4.3923, -0.1139, -1.1393,  4.3613, -0.2879, -1.5130,  4.7896,  0.2642, -1.5975,  4.8326
  0.0991, -0.8434,  5.2624, -0.0615, -0.7501,  5.2189, -0.3279, -1.1936,  5.6513,  0.2957, -1.3111,  5.7066
  0.0502, -0.1685,  5.4620, -0.0056, -0.0560,  5.4068, -0.3274, -0.5303,  5.8103,  0.2913, -0.6713,  5.8769
 -0.0056,  0.7670,  5.0150,  0.0521,  0.8875,  4.9480, -0.2783,  0.4231,  5.2962,  0.2435,  0.2704,  5.3746
 -0.0643,  1.8788,  3.9453,  0.1059,  1.9925,  3.8658, -0.1729,  1.5827,  4.1382,  0.1462,  1.4346,  4.2296
 -0.1157,  3.0402,  2.2655,  0.1447,  3.1291,  2.1734, -0.0111,  2.8222,  2.3553, -0.0003,  2.6995,  2.4605
 -0.1430,  4.0927, -0.0065,  0.1521,  4.1395, -0.1104,  0.1913,  3.9794, -0.0229, -0.1818,  3.9034,  0.0959
 -0.1464,  4.8010, -2.3178,  0.1347,  4.8011, -2.4266,  0.3661,  4.7919, -2.4228, -0.3367,  4.7704, -2.2976
 -0.1343,  5.0501, -4.0904,  0.1075,  5.0140, -4.1940,  0.4548,  5.1206, -4.2516, -0.4129,  5.1441, -4.1324
 -0.1070,  4.9034, -5.2807,  0.0720,  4.8463, -5.3720,  0.4621,  5.0301, -5.4655, -0.4157,  5.0824, -5.3614
 -0.0705,  4.4369, -5.8599,  0.0339,  4.3737, -5.9349,  0.4073,  4.5979, -6.0396, -0.3633,  4.6628, -5.9563
 -0.0311,  3.6884, -5.8068, -0.0017,  3.6309, -5.8635,  0.3095,  3.8613, -5.9534, -0.2731,  3.9252, -5.8942
  0.0073,  2.6676, -5.1012, -0.0322,  2.6240, -5.1387,  0.1825,  2.8276, -5.1840, -0.1577,  2.8806, -5.1507
  0.0409,  1.3654, -3.7338, -0.0545,  1.3415, -3.7511,  0.0338,  1.4845, -3.7173, -0.0238,  1.5197, -3.7114
  0.0582, -0.2091, -1.7323, -0.0575, -0.2088, -1.7273, -0.1332, -0.1659, -1.5802,  0.1252, -0.1541, -1.6039
  0.0230, -1.8882,  0.7637, -0.0048, -1.8593,  0.7944, -0.3060, -1.9683,  1.0688,  0.2762, -1.9855,  1.0117
 -0.1340, -2.8185,  3.1823,  0.1723, -2.7583,  3.2439, -0.4054, -3.0692,  3.5497,  0.3502, -3.1238,  3.4538
 -0.2568, -4.8848,  6.8674,  0.3012, -4.8274,  6.9286, -0.3287, -5.0425,  6.6870,  0.2869, -5.0955,  6.6279
 -0.2212, -4.0410,  5.1628,  0.2580, -3.9945,  5.2241, -0.2698, -4.0572,  4.7115,  0.2298, -4.0883,  4.6482
 -0.1766, -3.4337,  3.7123,  0.2055, -3.4022,  3.7739, -0.2068, -3.3828,  3.2057,  0.1737, -3.3928,  3.1395
 -0.1261, -2.9528,  2.4292,  0.1450, -2.9396,  2.4914, -0.1405, -2.8570,  1.9465,  0.1163, -2.8463,  1.8786
 -0.0711, -2.5321,  1.2477,  0.0786, -2.5395,  1.3104, -0.0713, -2.3966,  0.8177,  0.0574, -2.3653,  0.7487
 -0.0129, -2.1258,  0.1153,  0.0082, -2.1556,  0.1783, -0.0001, -1.9517, -0.2526, -0.0028, -1.8999, -0.3221
  0.0474, -1.6982, -1.0130, -0.0643, -1.7509, -0.9500,  0.0724, -1.4864, -1.3173, -0.0640, -1.4143, -1.3872
  0.1088, -1.2172, -2.1804, -0.1368, -1.2925, -2.1176,  0.1450, -0.9693, -2.4239, -0.1258, -0.8774, -2.4945
  0.1701, -0.6503, -3.4323, -0.2077, -0.7470, -3.3696,  0.2168, -0.3674, -3.6243, -0.1880, -0.2561, -3.6963
  0.2301,  0.0399, -4.8221, -0.2751, -0.0762, -4.7590,  0.2873,  0.3620, -4.9853, -0.2507,  0.4926, -5.0600
  0.2880,  0.9024, -6.4165, -0.3372,  0.7696, -6.3520,  0.3567,  1.2842, -6.6047, -0.3144,  1.4348, -6.6850
  0.1790, -0.6124,  0.6345, -0.1901, -0.6354,  0.6359, -0.0499, -0.7002,  0.8694,  0.0629, -0.6832,  0.8728
  0.1638, -1.1260,  2.8702, -0.1538, -1.0971,  2.8500, -0.1892, -1.3825,  3.2548,  0.1826, -1.4246,  3.2832
  0.1351, -1.2351,  4.3218, -0.1102, -1.1722,  4.2905, -0.2752, -1.5815,  4.7542,  0.2551, -1.6618,  4.7937
  0.1005, -1.0149,  5.1029, -0.0650, -0.9279,  5.0629, -0.3247, -1.4108,  5.5350,  0.2959, -1.5188,  5.5824
  0.0617, -0.5016,  5.2403, -0.0199, -0.3994,  5.1920, -0.3350, -0.9134,  5.6375,  0.3020, -1.0398,  5.6921
  0.0195,  0.2554,  4.7609,  0.0234,  0.3620,  4.7039, -0.2976, -0.1388,  5.0955,  0.2659, -0.2722,  5.1578
 -0.0230,  1.1836,  3.6895,  0.0601,  1.2808,  3.6232, -0.2042,  0.8430,  3.9394,  0.1806,  0.7176,  4.0107
 -0.0583,  2.1765,  2.0362,  0.0820,  2.2483,  1.9604, -0.0531,  1.9280,  2.1844,  0.0445,  1.8291,  2.2656
 -0.0738,  3.1135, -0.1808,  0.0771,  3.1452, -0.2660,  0.1433,  2.9924, -0.1409, -0.1311,  2.9383, -0.0491
 -0.0742,  3.7951, -2.4168,  0.0566,  3.7842, -2.5065,  0.3203,  3.8035, -2.4735, -0.2881,  3.7995, -2.3763
 -0.0685,  4.1126, -4.1120,  0.0358,  4.0700, -4.1987,  0.4190,  4.2200, -4.2389, -0.3740,  4.2555, -4.1457
 -0.0542,  4.1045, -5.2412,  0.0139,  4.0451, -5.3196,  0.4403,  4.2782, -5.4091, -0.3904,  4.3377, -5.3271
 -0.0339,  3.8244, -5.7836, -0.0074,  3.7619, -5.8510,  0.4003,  4.0332, -5.9646, -0.3525,  4.1016, -5.8980
 -0.0112,  3.2888, -5.7204, -0.0256,  3.2339, -5.7753,  0.3161,  3.5037, -5.8860, -0.2757,  3.5684, -5.8372
  0.0116,  2.4922, -5.0295, -0.0397,  2.4527, -5.0712,  0.2007,  2.6844, -5.1478, -0.1716,  2.7362, -5.1183
  0.0315,  1.4224, -3.6930, -0.0478,  1.4039, -3.7207,  0.0619,  1.5619, -3.7283, -0.0473,  1.5940, -3.7190
  0.0389,  0.0837, -1.7274, -0.0404,  0.0906, -1.7393, -0.0965,  0.1353, -1.6432,  0.0937,  0.1421, -1.6558
  0.0031, -1.3755,  0.7545,  0.0134, -1.3389,  0.7613, -0.2632, -1.4573,  0.9771,  0.2394, -1.4821,  0.9397
 -0.1334, -2.2191,  3.2672,  0.1708, -2.1510,  3.2976, -0.3680, -2.4790,  3.5503,  0.3195, -2.5432,  3.4831
 -0.2487, -4.6422,  6.7700,  0.2935, -4.5850,  6.8278, -0.3289, -4.8245,  6.6111,  0.2896, -4.8785,  6.5587
 -0.2140, -3.7896,  5.0924,  0.2517, -3.7418,  5.1488, -0.2678, -3.8056,  4.6225,  0.2305, -3.8381,  4.5660
 -0.1706, -3.1812,  3.6592,  0.2004, -3.1472,  3.7149, -0.2034, -3.1163,  3.1173,  0.1726, -3.1285,  3.0580
 -0.1214, -2.7062,  2.3899,  0.1413, -2.6891,  2.4456, -0.1364, -2.5872,  1.8651,  0.1139, -2.5793,  1.8041
 -0.0680, -2.2980,  1.2212,  0.0763, -2.3003,  1.2770, -0.0670, -2.1320,  0.7467,  0.0541, -2.1044,  0.6845
 -0.0114, -1.9107,  0.1016,  0.0075, -1.9340,  0.1573,  0.0041, -1.6997, -0.3110, -0.0067, -1.6524, -0.3742
  0.0471, -1.5081, -1.0138, -0.0633, -1.5533, -0.9583,  0.0759, -1.2537, -1.3617, -0.0681, -1.1869, -1.4258
  0.1064, -1.0577, -2.1679, -0.1341, -1.1245, -2.1127,  0.1475, -0.7620, -2.4536, -0.1298, -0.6760, -2.5189
  0.1655, -0.5259, -3.4062, -0.2032, -0.6135, -3.3513,  0.2181, -0.1909, -3.6388, -0.1916, -0.0859, -3.7061
  0.2233,  0.1255, -4.7817, -0.2688,  0.0190, -4.7269,  0.2873,  0.5033, -4.9844, -0.2537,  0.6274, -5.0551
  0.2786,  0.9471, -6.3610, -0.3293,  0.8241, -6.3053,  0.3553,  1.3874, -6.5891, -0.3170,  1.5312, -6.6657
  0.1686, -0.5526,  0.6708, -0.1801, -0.5761,  0.6769, -0.0442, -0.6346,  0.9112,  0.0525, -0.6287,  0.9510
  0.1567, -1.0938,  2.8778, -0.1466, -1.0692,  2.8659, -0.1844, -1.3655,  3.2839,  0.1741, -1.4175,  3.3489
  0.1315, -1.2371,  4.3125, -0.1066, -1.1806,  4.2908, -0.2725, -1.6105,  4.7723,  0.2492, -1.6982,  4.8468
  0.0998, -1.0549,  5.0804, -0.0646, -0.9758,  5.0505, -0.3246, -1.4855,  5.5420,  0.2926, -1.5976,  5.6223
  0.0632, -0.5820,  5.2098, -0.0221, -0.4889,  5.1718, -0.3376, -1.0332,  5.6360,  0.3015, -1.1602,  5.7217
  0.0227,  0.1340,  4.7297,  0.0191,  0.2308,  4.6830, -0.3032, -0.3006,  5.0915,  0.2682, -0.4314,  5.1833
 -0.0191,  1.0182,  3.6599,  0.0550,  1.1056,  3.6038, -0.2132,  0.6410,  3.9337,  0.1856,  0.5206,  4.0333
 -0.0552,  1.9758,  2.0168,  0.0777,  2.0386,  1.9509, -0.0645,  1.7009,  2.1845,  0.0515,  1.6076,  2.2934
 -0.0734,  2.8876, -0.1867,  0.0758,  2.9123, -0.2623,  0.1307,  2.7578, -0.1331, -0.1235,  2.7072, -0.0135
 -0.0776,  3.5617, -2.4060,  0.0595,  3.5461, -2.4868,  0.3088,  3.5815, -2.4564, -0.2819,  3.5768, -2.3304
 -0.0758,  3.8888, -4.0859,  0.0430,  3.8439, -4.1646,  0.4105,  4.0246, -4.2162, -0.3706,  4.0545, -4.0917
 -0.0647,  3.9091, -5.2011,  0.0245,  3.8490, -5.2730,  0.4360,  4.1226, -5.3827, -0.3908,  4.1719, -5.2655
 -0.0470,  3.6628, -5.7360,  0.0059,  3.6007, -5.7984,  0.4000,  3.9176, -5.9410, -0.3562,  3.9720, -5.8347
 -0.0259,  3.1678, -5.6693, -0.0107,  3.1139, -5.7207,  0.3192,  3.4302, -5.8681, -0.2822,  3.4780, -5.7750
 -0.0043,  2.4144, -4.9793, -0.0238,  2.3760, -5.0189,  0.2067,  2.6520, -5.1390, -0.1802,  2.6853, -5.0602
  0.0149,  1.3873, -3.6484, -0.0314,  1.3698, -3.6751,  0.0701,  1.5677, -3.7314, -0.0573,  1.5809, -3.6686
  0.0222,  0.0946, -1.6895, -0.0242,  0.1021, -1.7015, -0.0863,  0.1808, -1.6578,  0.0825,  0.1695, -1.6134
 -0.0118, -1.3210,  0.7890,  0.0272, -1.2842,  0.7943, -0.2519, -1.3751,  0.9543,  0.2281, -1.4150,  0.9769
 -0.1397, -2.1458,  3.3182,  0.1749, -2.0778,  3.3452, -0.3611, -2.3839,  3.5351,  0.3133, -2.4581,  3.5329
 -0.2495, -4.5678,  6.7351,  0.2884, -4.5111,  6.7928, -0.3338, -4.7823,  6.6374,  0.2891, -4.8271,  6.5713
 -0.2137, -3.7227,  5.0647,  0.2480, -3.6747,  5.1198, -0.2709, -3.7577,  4.6408,  0.2311, -3.7883,  4.5785
 -0.1699, -3.1222,  3.6355,  0.1974, -3.0873,  3.6895, -0.2058, -3.0675,  3.1323,  0.1736, -3.0833,  3.0723
 -0.1205, -2.6554,  2.3689,  0.1389, -2.6369,  2.4225, -0.1382, -2.5397,  1.8784,  0.1152, -2.5403,  1.8202
 -0.0669, -2.2558,  1.2022,  0.0746, -2.2561,  1.2557, -0.0683, -2.0873,  0.7589,  0.0556, -2.0722,  0.7021
 -0.0102, -1.8772,  0.0842,  0.0066, -1.8981,  0.1376,  0.0033, -1.6586, -0.3001, -0.0051, -1.6275, -0.3554
  0.0485, -1.4832, -1.0297, -0.0633, -1.5255, -0.9766,  0.0756, -1.2165, -1.3527, -0.0664, -1.1692, -1.4066
  0.1079, -1.0407, -2.1820, -0.1331, -1.1042, -2.1293,  0.1479, -0.7283, -2.4477, -0.1282, -0.6646, -2.5003
  0.1669, -0.5157, -3.4177, -0.2010, -0.5995, -3.3655,  0.2195, -0.1587, -3.6384, -0.1902, -0.0786, -3.6899
  0.2243,  0.1314, -4.7883, -0.2652,  0.0289, -4.7364,  0.2899,  0.5392, -4.9943, -0.2528,  0.6358, -5.0450
  0.2779,  0.9529, -6.3575, -0.3252,  0.8342, -6.3047,  0.3588,  1.4384, -6.6196, -0.3179,  1.5517, -6.6696
  0.1672, -0.5474,  0.6576, -0.1753, -0.5734,  0.6705, -0.0413, -0.6488,  0.9641,  0.0511, -0.6260,  0.9507
  0.1556, -1.0883,  2.8633, -0.1444, -1.0678,  2.8587, -0.1829, -1.3986,  3.3500,  0.1731, -1.4202,  3.3512
  0.1309, -1.2309,  4.2981, -0.1058, -1.1793,  4.2836, -0.2717, -1.6514,  4.8407,  0.2488, -1.7035,  4.8501
  0.0994, -1.0480,  5.0667, -0.0645, -0.9741,  5.0437, -0.3244, -1.5299,  5.6092,  0.2927, -1.6043,  5.6263
  0.0628, -0.5745,  5.1974, -0.0222, -0.4867,  5.1659, -0.3379, -1.0782,  5.7006,  0.3017, -1.1674,  5.7262
  0.0218,  0.1422,  4.7188,  0.0195,  0.2337,  4.6781, -0.3037, -0.3436,  5.1529,  0.2684, -0.4382,  5.1881
 -0.0209,  1.0267,  3.6507,  0.0564,  1.1091,  3.6001, -0.2134,  0.6028,  3.9919,  0.1855,  0.5153,  4.0383
 -0.0582,  1.9840,  2.0092,  0.0808,  2.0426,  1.9484, -0.0641,  1.6707,  2.2395,  0.0508,  1.6048,  2.2984
 -0.0778,  2.8947, -0.1927,  0.0810,  2.9162, -0.2635,  0.1325,  2.7381, -0.0809, -0.1251,  2.7076, -0.0087
 -0.0833,  3.5668, -2.4107,  0.0665,  3.5493, -2.4870,  0.3121,  3.5723, -2.4071, -0.2843,  3.5802, -2.3260
 -0.0822,  3.8918, -4.0895,  0.0511,  3.8460, -4.1641,  0.4152,  4.0230, -4.1698, -0.3736,  4.0600, -4.0882
 -0.0713,  3.9100, -5.2038,  0.0327,  3.8498, -5.2721,  0.4414,  4.1253, -5.3391, -0.3940,  4.1784, -5.2630
 -0.0533,  3.6621, -5.7381,  0.0137,  3.6003, -5.7972,  0.4057,  3.9215, -5.8993, -0.3594,  3.9784, -5.8331
 -0.0317,  3.1660, -5.6710, -0.0036,  3.1126, -5.7195,  0.3248,  3.4330, -5.8278, -0.2851,  3.4839, -5.7742
 -0.0094,  2.4118, -4.9809, -0.0178,  2.3740, -5.0177,  0.2118,  2.6525, -5.0992, -0.1828,  2.6903, -5.0603
  0.0105,  1.3846, -3.6501, -0.0263,  1.3675, -3.6743,  0.0745,  1.5651, -3.6915, -0.0595,  1.5849, -3.6693
  0.0183,  0.0920, -1.6915, -0.0200,  0.0998, -1.7011, -0.0829,  0.1750, -1.6177,  0.0808,  0.1727, -1.6148
 -0.0151, -1.3233,  0.7871,  0.0306, -1.2864,  0.7948, -0.2497, -1.3833,  0.9941,  0.2269, -1.4124,  0.9747
 -0.1413, -2.1482,  3.3189,  0.1767, -2.0801,  3.3476, -0.3614, -2.3920,  3.5727,  0.3138, -2.4553,  3.5301
 -0.2480, -4.5553,  6.7207,  0.2890, -4.4996,  6.7797, -0.3341, -4.7784,  6.6369,  0.2913, -4.8228,  6.5724
 -0.2129, -3.7128,  5.0528,  0.2478, -3.6656,  5.1089, -0.2716, -3.7544,  4.6407,  0.2325, -3.7850,  4.5803
 -0.1692, -3.1149,  3.6250,  0.1970, -3.0804,  3.6797, -0.2062, -3.0650,  3.1325,  0.1748, -3.0811,  3.0744
 -0.1199, -2.6505,  2.3594,  0.1383, -2.6321,  2.4135, -0.1383, -2.5380,  1.8788,  0.1162, -2.5392,  1.8224
 -0.0662, -2.2531,  1.1933,  0.0739, -2.2534,  1.2471, -0.0681, -2.0866,  0.7594,  0.0563, -2.0724,  0.7045
 -0.0095, -1.8768,  0.0759,  0.0058, -1.8973,  0.1293,  0.0037, -1.6588, -0.2995, -0.0046, -1.6288, -0.3530
  0.0490, -1.4848, -1.0374, -0.0641, -1.5264, -0.9844,  0.0763, -1.2175, -1.3521, -0.0663, -1.1716, -1.4042
  0.1083, -1.0440, -2.1888, -0.1338, -1.1067, -2.1364,  0.1489, -0.7299, -2.4471, -0.1284, -0.6679, -2.4980
  0.1671, -0.5204, -3.4231, -0.2016, -0.6031, -3.3714,  0.2206, -0.1603, -3.6381, -0.1907, -0.0821, -3.6879
  0.2243,  0.1257, -4.7913, -0.2656,  0.0248, -4.7401,  0.2913,  0.5387, -4.9950, -0.2537,  0.6332, -5.0440
  0.2782,  0.9472, -6.3558, -0.3247,  0.8304, -6.3044,  0.3610,  1.4415, -6.6227, -0.3189,  1.5528, -6.6714
  0.1666, -0.5483,  0.6516, -0.1747, -0.5747,  0.6674, -0.0397, -0.6493,  0.9649,  0.0496, -0.6271,  0.9504
  0.1551, -1.0871,  2.8561, -0.1439, -1.0678,  2.8548, -0.1818, -1.4002,  3.3514,  0.1719, -1.4217,  3.3511
  0.1305, -1.2284,  4.2906, -0.1054, -1.1782,  4.2795, -0.2710, -1.6535,  4.8422,  0.2479, -1.7050,  4.8500
  0.0990, -1.0447,  5.0593, -0.0641, -0.9724,  5.0397, -0.3239, -1.5322,  5.6108,  0.2919, -1.6059,  5.6262
  0.0623, -0.5707,  5.1903, -0.0217, -0.4846,  5.1620, -0.3374, -1.0806,  5.7023,  0.3010, -1.1689,  5.7260
  0.0212,  0.1460,  4.7121,  0.0200,  0.2358,  4.6744, -0.3031, -0.3459,  5.1545,  0.2677, -0.4397,  5.1880
 -0.0216,  1.0300,  3.6445,  0.0572,  1.1110,  3.5968, -0.2126,  0.6008,  3.9934,  0.1846,  0.5137,  4.0381
 -0.0592,  1.9862,  2.0035,  0.0819,  2.0437,  1.9455, -0.0627,  1.6692,  2.2410,  0.0496,  1.6033,  2.2981
 -0.0791,  2.8951, -0.1978,  0.0823,  2.9159, -0.2661,  0.1344,  2.7373, -0.0795, -0.1266,  2.7062, -0.0091
 -0.0847,  3.5653, -2.4151,  0.0681,  3.5477, -2.4891,  0.3146,  3.5722, -2.4059, -0.2862,  3.5790, -2.3265
 -0.0838,  3.8888, -4.0933,  0.0527,  3.8432, -4.1658,  0.4179,  4.0234, -4.1688, -0.3757,  4.0589, -4.0887
 -0.0728,  3.9061, -5.2071,  0.0343,  3.8463, -5.2733,  0.4442,  4.1258, -5.3382, -0.3961,  4.1774, -5.2636
 -0.0547,  3.6578, -5.7408,  0.0151,  3.5964, -5.7980,  0.4083,  3.9221, -5.8986, -0.3614,  3.9776, -5.8339
 -0.0330,  3.1616, -5.6733, -0.0024,  3.1087, -5.7199,  0.3271,  3.4335, -5.8272, -0.2870,  3.4832, -5.7751
 -0.0106,  2.4077, -4.9829, -0.0167,  2.3703, -5.0179,  0.2138,  2.6528, -5.0987, -0.1846,  2.6897, -5.0613
  0.0094,  1.3809, -3.6521, -0.0253,  1.3641, -3.6744,  0.0763,  1.5652, -3.6911, -0.0611,  1.5844, -3.6704
  0.0173,  0.0889, -1.6934, -0.0192,  0.0969, -1.7011, -0.0814,  0.1749, -1.6174,  0.0793,  0.1722, -1.6159
 -0.0161, -1.3259,  0.7853,  0.0314, -1.2887,  0.7948, -0.2485, -1.3834,  0.9944,  0.2256, -1.4128,  0.9736
 -0.1421, -2.1502,  3.3177,  0.1773, -2.0819,  3.3483, -0.3608, -2.3922,  3.5729,  0.3130, -2.4553,  3.5288
 -0.2481, -4.5524,  6.7149,  0.2890, -4.4968,  6.7741, -0.3342, -4.7776,  6.6346,  0.2914, -4.8219,  6.5708
 -0.2131, -3.7113,  5.0476,  0.2475, -3.6643,  5.1040, -0.2718, -3.7549,  4.6397,  0.2325, -3.7855,  4.5800
 -0.1694, -3.1144,  3.6204,  0.1966, -3.0801,  3.6753, -0.2063, -3.0662,  3.1322,  0.1748, -3.0824,  3.0747
 -0.1200, -2.6508,  2.3552,  0.1378, -2.6326,  2.4094, -0.1384, -2.5397,  1.8790,  0.1162, -2.5410,  1.8231
 -0.0663, -2.2541,  1.1894,  0.0733, -2.2545,  1.2432, -0.0681, -2.0885,  0.7597,  0.0563, -2.0745,  0.7053
 -0.0096, -1.8782,  0.0723,  0.0051, -1.8989,  0.1257,  0.0037, -1.6609, -0.2990, -0.0046, -1.6312, -0.3521
  0.0490, -1.4866, -1.0407, -0.0648, -1.5284, -0.9877,  0.0764, -1.2198, -1.3514, -0.0663, -1.1741, -1.4032
  0.1083, -1.0462, -2.1918, -0.1346, -1.1089, -2.1394,  0.1489, -0.7322, -2.4464, -0.1284, -0.6704, -2.4970
  0.1671, -0.5227, -3.4255, -0.2023, -0.6055, -3.3739,  0.2207, -0.1624, -3.6375, -0.1909, -0.0845, -3.6871
  0.2243,  0.1235, -4.7929, -0.2662,  0.0225, -4.7417,  0.2914,  0.5372, -4.9947, -0.2540,  0.6315, -5.0436
  0.2784,  0.9453, -6.3557, -0.3250,  0.8287, -6.3045,  0.3614,  1.4418, -6.6235, -0.3192,  1.5529, -6.6722
  0.1665, -0.5486,  0.6494, -0.1749, -0.5751,  0.6666, -0.0395, -0.6495,  0.9649,  0.0492, -0.6279,  0.9511
  0.1549, -1.0869,  2.8536, -0.1440, -1.0676,  2.8537, -0.1817, -1.4006,  3.3514,  0.1715, -1.4227,  3.3518
  0.1303, -1.2279,  4.2880, -0.1055, -1.1777,  4.2783, -0.2710, -1.6540,  4.8422,  0.2475, -1.7061,  4.8508
  0.0987, -1.0439,  5.0568, -0.0642, -0.9716,  5.0384, -0.3239, -1.5327,  5.6108,  0.2916, -1.6069,  5.6270
  0.0620, -0.5699,  5.1879, -0.0218, -0.4836,  5.1607, -0.3374, -1.0811,  5.7023,  0.3007, -1.1700,  5.7267
  0.0209,  0.1468,  4.7098,  0.0200,  0.2369,  4.6733, -0.3031, -0.3465,  5.1545,  0.2673, -0.4407,  5.1885
 -0.0220,  1.0306,  3.6424,  0.0572,  1.1120,  3.5957, -0.2125,  0.6003,  3.9934,  0.1842,  0.5128,  4.0386
 -0.0595,  1.9865,  2.0016,  0.0819,  2.0444,  1.9446, -0.0626,  1.6688,  2.2409,  0.0492,  1.6024,  2.2985
 -0.0794,  2.8950, -0.1996,  0.0824,  2.9162, -0.2669,  0.1346,  2.7371, -0.0796, -0.1271,  2.7054, -0.0087
 -0.0850,  3.5648, -2.4168,  0.0682,  3.5474, -2.4898,  0.3149,  3.5722, -2.4060, -0.2868,  3.5783, -2.3262
 -0.0840,  3.8880, -4.0948,  0.0528,  3.8425, -4.1662,  0.4182,  4.0235, -4.1689, -0.3763,  4.0584, -4.0885
 -0.0731,  3.9051, -5.2085,  0.0344,  3.8453, -5.2736,  0.4445,  4.1260, -5.3384, -0.3967,  4.1769, -5.2635
 -0.0549,  3.6566, -5.7421,  0.0152,  3.5953, -5.7981,  0.4086,  3.9223, -5.8989, -0.3620,  3.9772, -5.8338
 -0.0332,  3.1605, -5.6745, -0.0023,  3.1075, -5.7199,  0.3275,  3.4337, -5.8276, -0.2876,  3.4828, -5.7751
 -0.0108,  2.4066, -4.9841, -0.0166,  2.3692, -5.0178,  0.2141,  2.6530, -5.0992, -0.1851,  2.6894, -5.0612
  0.0091,  1.3800, -3.6533, -0.0253,  1.3631, -3.6742,  0.0765,  1.5654, -3.6916, -0.0616,  1.5841, -3.6703
  0.0171,  0.0880, -1.6946, -0.0191,  0.0961, -1.7009, -0.0812,  0.1751, -1.6179,  0.0788,  0.1719, -1.6159
 -0.0164, -1.3267,  0.7841,  0.0315, -1.2894,  0.7951, -0.2484, -1.3833,  0.9939,  0.2251, -1.4130,  0.9736
 -0.1423, -2.1509,  3.3167,  0.1774, -2.0823,  3.3490, -0.3609, -2.3920,  3.5724,  0.3127, -2.4554,  3.5287
 -0.2483, -4.5521,  6.7131,  0.2889, -4.4960,  6.7721, -0.3344, -4.7777,  6.6342,  0.2912, -4.8221,  6.5705
 -0.2134, -3.7114,  5.0457,  0.2473, -3.6641,  5.1021, -0.2719, -3.7557,  4.6398,  0.2323, -3.7864,  4.5802
 -0.1697, -3.1147,  3.6185,  0.1963, -3.0804,  3.6734, -0.2064, -3.0673,  3.1326,  0.1747, -3.0836,  3.0751
 -0.1202, -2.6512,  2.3532,  0.1374, -2.6332,  2.4075, -0.1384, -2.5409,  1.8793,  0.1162, -2.5423,  1.8236
 -0.0665, -2.2546,  1.1875,  0.0729, -2.2554,  1.2415, -0.0681, -2.0898,  0.7601,  0.0564, -2.0759,  0.7058
 -0.0098, -1.8787,  0.0703,  0.0047, -1.9000,  0.1240,  0.0038, -1.6622, -0.2986, -0.0045, -1.6327, -0.3516
  0.0488, -1.4871, -1.0427, -0.0653, -1.5296, -0.9894,  0.0765, -1.2210, -1.3511, -0.0662, -1.1756, -1.4028
  0.1082, -1.0466, -2.1938, -0.1350, -1.1102, -2.1411,  0.1490, -0.7334, -2.4462, -0.1283, -0.6719, -2.4966
  0.1671, -0.5229, -3.4275, -0.2027, -0.6067, -3.3753,  0.2208, -0.1635, -3.6374, -0.1908, -0.0857, -3.6868
  0.2243,  0.1235, -4.7947, -0.2665,  0.0215, -4.7429,  0.2915,  0.5366, -4.9949, -0.2540,  0.6307, -5.0437
  0.2785,  0.9458, -6.3571, -0.3251,  0.8280, -6.3052,  0.3616,  1.4420, -6.6243, -0.3191,  1.5530, -6.6730
  0.1663, -0.5487,  0.6482, -0.1750, -0.5751,  0.6668, -0.0396, -0.6495,  0.9649,  0.0490, -0.6285,  0.9519
  0.1547, -1.0872,  2.8525, -0.1442, -1.0674,  2.8538, -0.1817, -1.4007,  3.3514,  0.1713, -1.4235,  3.3527
  0.1299, -1.2283,  4.2870, -0.1057, -1.1773,  4.2783, -0.2711, -1.6542,  4.8423,  0.2473, -1.7069,  4.8517
  0.0984, -1.0445,  5.0558, -0.0644, -0.9710,  5.0384, -0.3240, -1.5329,  5.6109,  0.2914, -1.6078,  5.6278
  0.0616, -0.5706,  5.1869, -0.0220, -0.4829,  5.1606, -0.3376, -1.0813,  5.7023,  0.3005, -1.1709,  5.7275
  0.0205,  0.1459,  4.7089,  0.0198,  0.2378,  4.6732, -0.3033, -0.3466,  5.1544,  0.2671, -0.4416,  5.1893
 -0.0223,  1.0297,  3.6415,  0.0570,  1.1129,  3.5956, -0.2127,  0.6002,  3.9933,  0.1840,  0.5119,  4.0393
 -0.0598,  1.9856,  2.0007,  0.0817,  2.0452,  1.9444, -0.0628,  1.6688,  2.2408,  0.0489,  1.6016,  2.2993
 -0.0796,  2.8942, -0.2006,  0.0823,  2.9168, -0.2670,  0.1345,  2.7371, -0.0798, -0.1274,  2.7047, -0.0080
 -0.0852,  3.5642, -2.4179,  0.0681,  3.5476, -2.4898,  0.3147,  3.5722, -2.4063, -0.2871,  3.5777, -2.3254
 -0.0841,  3.8877, -4.0960,  0.0528,  3.8424, -4.1662,  0.4181,  4.0236, -4.1693, -0.3766,  4.0578, -4.0878
 -0.0731,  3.9049, -5.2097,  0.0344,  3.8449, -5.2734,  0.4444,  4.1262, -5.3388, -0.3970,  4.1763, -5.2627
 -0.0549,  3.6567, -5.7435,  0.0152,  3.5948, -5.7978,  0.4085,  3.9225, -5.8994, -0.3623,  3.9765, -5.8330
 -0.0332,  3.1606, -5.6761, -0.0023,  3.1070, -5.7194,  0.3274,  3.4340, -5.8282, -0.2878,  3.4822, -5.7742
 -0.0108,  2.4068, -4.9858, -0.0166,  2.3687, -5.0173,  0.2141,  2.6533, -5.0997, -0.1853,  2.6887, -5.0603
  0.0091,  1.3800, -3.6550, -0.0253,  1.3627, -3.6735,  0.0765,  1.5656, -3.6922, -0.0618,  1.5833, -3.6695
  0.0169,  0.0880, -1.6964, -0.0192,  0.0958, -1.7001, -0.0813,  0.1754, -1.6185,  0.0786,  0.1712, -1.6151
 -0.0166, -1.3270,  0.7823,  0.0314, -1.2894,  0.7960, -0.2485, -1.3830,  0.9933,  0.2249, -1.4138,  0.9744
 -0.1425, -2.1516,  3.3148,  0.1772, -2.0821,  3.3502, -0.3611, -2.3916,  3.5718,  0.3125, -2.4560,  3.5295
 -0.2487, -4.5527,  6.7123,  0.2885, -4.4953,  6.7707, -0.3346, -4.7778,  6.6340,  0.2908, -4.8222,  6.5696
 -0.2138, -3.7119,  5.0440,  0.2468, -3.6638,  5.1002, -0.2721, -3.7563,  4.6398,  0.2321, -3.7872,  4.5797
 -0.1700, -3.1150,  3.6161,  0.1957, -3.0804,  3.6712, -0.2065, -3.0680,  3.1324,  0.1746, -3.0847,  3.0747
 -0.1205, -2.6512,  2.3504,  0.1369, -2.6336,  2.4052, -0.1383, -2.5417,  1.8790,  0.1162, -2.5436,  1.8231
 -0.0668, -2.2542,  1.1843,  0.0723, -2.2559,  1.2390, -0.0679, -2.0905,  0.7596,  0.0565, -2.0772,  0.7053
 -0.0100, -1.8780,  0.0668,  0.0041, -1.9006,  0.1213,  0.0040, -1.6629, -0.2994, -0.0043, -1.6339, -0.3523
  0.0488, -1.4860, -1.0466, -0.0657, -1.5303, -0.9922,  0.0768, -1.2216, -1.3521, -0.0660, -1.1767, -1.4037
  0.1082, -1.0449, -2.1981, -0.1354, -1.1108, -2.1441,  0.1494, -0.7338, -2.4475, -0.1281, -0.6728, -2.4978
  0.1672, -0.5208, -3.4322, -0.2029, -0.6072, -3.3786,  0.2212, -0.1636, -3.6392, -0.1905, -0.0863, -3.6884
  0.2246,  0.1263, -4.7999, -0.2666,  0.0214, -4.7464,  0.2919,  0.5370, -4.9975, -0.2537,  0.6308, -5.0459
  0.2790,  0.9495, -6.3629, -0.3249,  0.8285, -6.3089,  0.3620,  1.4435, -6.6281, -0.3189,  1.5543, -6.6764
  0.1658, -0.5489,  0.6460, -0.1753, -0.5755,  0.6681, -0.0394, -0.6493,  0.9664,  0.0489, -0.6296,  0.9524
  0.1540, -1.0888,  2.8512, -0.1446, -1.0678,  2.8552, -0.1815, -1.4007,  3.3531,  0.1711, -1.4253,  3.3536
  0.1292, -1.2306,  4.2859, -0.1062, -1.1776,  4.2797, -0.2708, -1.6542,  4.8440,  0.2471, -1.7090,  4.8527
  0.0976, -1.0474,  5.0548, -0.0650, -0.9711,  5.0396, -0.3238, -1.5327,  5.6124,  0.2911, -1.6100,  5.6289
  0.0609, -0.5740,  5.1860, -0.0227, -0.4828,  5.1617, -0.3373, -1.0810,  5.7037,  0.3002, -1.1732,  5.7286
  0.0197,  0.1422,  4.7079,  0.0191,  0.2380,  4.6741, -0.3030, -0.3461,  5.1556,  0.2667, -0.4439,  5.1905
 -0.0231,  1.0259,  3.6403,  0.0563,  1.1131,  3.5964, -0.2125,  0.6008,  3.9942,  0.1836,  0.5096,  4.0406
 -0.0604,  1.9820,  1.9993,  0.0811,  2.0454,  1.9451, -0.0626,  1.6695,  2.2414,  0.0485,  1.5994,  2.3006
 -0.0800,  2.8914, -0.2022,  0.0818,  2.9167, -0.2664,  0.1346,  2.7378, -0.0794, -0.1279,  2.7026, -0.0066
 -0.0854,  3.5625, -2.4198,  0.0677,  3.5473, -2.4893,  0.3147,  3.5728, -2.4061, -0.2876,  3.5759, -2.3239
 -0.0842,  3.8870, -4.0984,  0.0525,  3.8418, -4.1656,  0.4180,  4.0241, -4.1692, -0.3770,  4.0561, -4.0862
 -0.0731,  3.9051, -5.2127,  0.0342,  3.8442, -5.2727,  0.4443,  4.1266, -5.3389, -0.3974,  4.1748, -5.2611
 -0.0549,  3.6574, -5.7470,  0.0151,  3.5939, -5.7969,  0.4084,  3.9229, -5.8995, -0.3627,  3.9750, -5.8313
 -0.0333,  3.1617, -5.6801, -0.0025,  3.1060, -5.7185,  0.3273,  3.4343, -5.8282, -0.2882,  3.4805, -5.7725
 -0.0109,  2.4079, -4.9903, -0.0168,  2.3678, -5.0161,  0.2141,  2.6536, -5.0997, -0.1856,  2.6868, -5.0587
  0.0089,  1.3810, -3.6598, -0.0256,  1.3619, -3.6722,  0.0766,  1.5661, -3.6920, -0.0621,  1.5813, -3.6678
  0.0166,  0.0883, -1.7014, -0.0195,  0.0952, -1.6986, -0.0810,  0.1760, -1.6180,  0.0783,  0.1688, -1.6135
 -0.0169, -1.3275,  0.7772,  0.0310, -1.2898,  0.7978, -0.2481, -1.3821,  0.9940,  0.2247, -1.4164,  0.9757
 -0.1426, -2.1531,  3.3090,  0.1767, -2.0823,  3.3523, -0.3608, -2.3902,  3.5728,  0.3124, -2.4586,  3.5305
 -0.2488, -4.5543,  6.7101,  0.2880, -4.4939,  6.7669, -0.3342, -4.7767,  6.6319,  0.2906, -4.8225,  6.5655
 -0.2139, -3.7128,  5.0385,  0.2459, -3.6631,  5.0945, -0.2717, -3.7563,  4.6376,  0.2319, -3.7886,  4.5762
 -0.1700, -3.1149,  3.6086,  0.1948, -3.0801,  3.6644, -0.2058, -3.0684,  3.1298,  0.1746, -3.0864,  3.0711
 -0.1204, -2.6500,  2.3414,  0.1360, -2.6333,  2.3976, -0.1375, -2.5421,  1.8757,  0.1164, -2.5451,  1.8191
 -0.0665, -2.2517,  1.1740,  0.0715, -2.2556,  1.2307, -0.0669, -2.0909,  0.7557,  0.0570, -2.0784,  0.7007
 -0.0095, -1.8740,  0.0553,  0.0035, -1.9002,  0.1124,  0.0052, -1.6631, -0.3041, -0.0037, -1.6346, -0.3575
  0.0494, -1.4805, -1.0592, -0.0662, -1.5295, -1.0018,  0.0781, -1.2216, -1.3576, -0.0651, -1.1767, -1.4096
  0.1090, -1.0379, -2.2120, -0.1355, -1.1095, -2.1544,  0.1507, -0.7334, -2.4540, -0.1271, -0.6719, -2.5046
  0.1682, -0.5120, -3.4477, -0.2026, -0.6050, -3.3897,  0.2225, -0.1625, -3.6471, -0.1896, -0.0842, -3.6965
  0.2258,  0.1372, -4.8172, -0.2659,  0.0247, -4.7586,  0.2931,  0.5394, -5.0074, -0.2528,  0.6348, -5.0559
  0.2804,  0.9628, -6.3826, -0.3237,  0.8337, -6.3223,  0.3632,  1.4483, -6.6412, -0.3181,  1.5613, -6.6894
  0.1659, -0.5499,  0.6382, -0.1745, -0.5782,  0.6678, -0.0368, -0.6657,  1.0099,  0.0501, -0.6324,  0.9469
  0.1536, -1.0944,  2.8464, -0.1450, -1.0722,  2.8557, -0.1790, -1.4209,  3.4006,  0.1720, -1.4306,  3.3495
  0.1288, -1.2389,  4.2821, -0.1070, -1.1825,  4.2803, -0.2683, -1.6741,  4.8912,  0.2479, -1.7155,  4.8492
  0.0972, -1.0578,  5.0514, -0.0660, -0.9764,  5.0402, -0.3212, -1.5510,  5.6584,  0.2919, -1.6176,  5.6258
  0.0606, -0.5861,  5.1826, -0.0238, -0.4884,  5.1622, -0.3347, -1.0970,  5.7483,  0.3009, -1.1817,  5.7258
  0.0196,  0.1288,  4.7043,  0.0180,  0.2321,  4.6744, -0.3004, -0.3597,  5.1991,  0.2674, -0.4532,  5.1880
 -0.0229,  1.0120,  3.6363,  0.0553,  1.1071,  3.5965, -0.2099,  0.5893,  4.0370,  0.1842,  0.5000,  4.0384
 -0.0601,  1.9691,  1.9945,  0.0802,  2.0394,  1.9449, -0.0600,  1.6592,  2.2840,  0.0490,  1.5901,  2.2986
 -0.0795,  2.8811, -0.2079,  0.0810,  2.9113, -0.2669,  0.1371,  2.7270, -0.0364, -0.1275,  2.6946, -0.0083
 -0.0846,  3.5559, -2.4267,  0.0671,  3.5426, -2.4901,  0.3171,  3.5601, -2.3619, -0.2874,  3.5695, -2.3256
 -0.0833,  3.8841, -4.1069,  0.0520,  3.8379, -4.1668,  0.4202,  4.0085, -4.1230, -0.3770,  4.0513, -4.0881
 -0.0723,  3.9053, -5.2230,  0.0338,  3.8409, -5.2743,  0.4462,  4.1077, -5.2898, -0.3975,  4.1712, -5.2635
 -0.0542,  3.6598, -5.7593,  0.0147,  3.5912, -5.7990,  0.4101,  3.9009, -5.8469, -0.3628,  3.9721, -5.8344
 -0.0327,  3.1652, -5.6942, -0.0029,  3.1036, -5.7209,  0.3287,  3.4096, -5.7717, -0.2883,  3.4779, -5.7764
 -0.0104,  2.4115, -5.0060, -0.0173,  2.3653, -5.0188,  0.2151,  2.6269, -5.0395, -0.1858,  2.6839, -5.0634
  0.0094,  1.3837, -3.6767, -0.0260,  1.3592, -3.6750,  0.0773,  1.5384, -3.6287, -0.0623,  1.5774, -3.6734
  0.0173,  0.0891, -1.7189, -0.0200,  0.0919, -1.7014, -0.0807,  0.1486, -1.5527,  0.0782,  0.1635, -1.6199
 -0.0157, -1.3298,  0.7592,  0.0304, -1.2940,  0.7952, -0.2484, -1.4072,  1.0604,  0.2245, -1.4238,  0.9685
 -0.1399, -2.1594,  3.2886,  0.1760, -2.0873,  3.3494, -0.3619, -2.4093,  3.6411,  0.3124, -2.4681,  3.5214
 -0.2446, -4.5603,  6.7025,  0.2890, -4.4943,  6.7544, -0.3305, -4.7674,  6.6030,  0.2936, -4.8263,  6.5554
 -0.2109, -3.7188,  5.0212,  0.2452, -3.6664,  5.0756, -0.2700, -3.7623,  4.6246,  0.2334, -3.7992,  4.5723
 -0.1673, -3.1185,  3.5865,  0.1935, -3.0835,  3.6426, -0.2048, -3.0822,  3.1242,  0.1758, -3.0979,  3.0684
 -0.1182, -2.6499,  2.3165,  0.1343, -2.6356,  2.3743, -0.1369, -2.5604,  1.8743,  0.1173, -2.5553,  1.8159
 -0.0650, -2.2472,  1.1472,  0.0696, -2.2558,  1.2067, -0.0667, -2.1119,  0.7567,  0.0575, -2.0862,  0.6966
 -0.0088, -1.8647,  0.0272,  0.0015, -1.8977,  0.0880,  0.0052, -1.6858, -0.3010, -0.0035, -1.6395, -0.3627
  0.0492, -1.4661, -1.0886, -0.0681, -1.5240, -1.0265,  0.0777, -1.2453, -1.3528, -0.0653, -1.1784, -1.4160
  0.1079, -1.0185, -2.2426, -0.1373, -1.1008, -2.1794,  0.1500, -0.7575, -2.4472, -0.1278, -0.6702, -2.5124
  0.1662, -0.4877, -3.4798, -0.2042, -0.5930, -3.4152,  0.2213, -0.1866, -3.6379, -0.1908, -0.0789, -3.7059
  0.2229,  0.1662, -4.8516, -0.2672,  0.0401, -4.7849,  0.2915,  0.5155, -4.9950, -0.2547,  0.6440, -5.0674
  0.2780,  0.9963, -6.4202, -0.3235,  0.8526, -6.3504,  0.3619,  1.4245, -6.6241, -0.3196,  1.5750, -6.7041
  0.1624, -0.5552,  0.6363, -0.1756, -0.5883,  0.6716, -0.0310, -0.6478,  0.9636,  0.0431, -0.6276,  0.9475
  0.1516, -1.1128,  2.8521, -0.1459, -1.0916,  2.8656, -0.1715, -1.3923,  3.3438,  0.1648, -1.4307,  3.3515
  0.1275, -1.2642,  4.2903, -0.1083, -1.2060,  4.2919, -0.2599, -1.6414,  4.8336,  0.2404, -1.7183,  4.8520
  0.0965, -1.0879,  5.0600, -0.0677, -1.0026,  5.0522, -0.3119, -1.5166,  5.6028,  0.2838, -1.6219,  5.6288
  0.0603, -0.6200,  5.1905, -0.0258, -0.5167,  5.1739, -0.3245, -1.0623,  5.6957,  0.2921, -1.1868,  5.7286
  0.0198,  0.0925,  4.7108,  0.0156,  0.2024,  4.6856, -0.2894, -0.3260,  5.1499,  0.2579, -0.4583,  5.1903
 -0.0224,  0.9754,  3.6409,  0.0526,  1.0770,  3.6070, -0.1985,  0.6205,  3.9911,  0.1741,  0.4957,  4.0400
 -0.0593,  1.9354,  1.9969,  0.0773,  2.0105,  1.9547, -0.0490,  1.6857,  2.2412,  0.0387,  1.5875,  2.2994
 -0.0785,  2.8543, -0.2081,  0.0783,  2.8855, -0.2579,  0.1467,  2.7466, -0.0767, -0.1374,  2.6944, -0.0085
 -0.0837,  3.5383, -2.4301,  0.0647,  3.5211, -2.4821,  0.3246,  3.5721, -2.4000, -0.2964,  3.5719, -2.3270
 -0.0824,  3.8751, -4.1140,  0.0500,  3.8206, -4.1600,  0.4256,  4.0142, -4.1589, -0.3851,  4.0557, -4.0909
 -0.0715,  3.9032, -5.2341,  0.0321,  3.8268, -5.2689,  0.4501,  4.1091, -5.3238, -0.4048,  4.1767, -5.2678
 -0.0535,  3.6623, -5.7745,  0.0134,  3.5789, -5.7948,  0.4129,  3.8999, -5.8795, -0.3695,  3.9781, -5.8402
 -0.0320,  3.1699, -5.7132, -0.0039,  3.0919, -5.7177,  0.3313,  3.4079, -5.8034, -0.2948,  3.4837, -5.7834
 -0.0098,  2.4162, -5.0281, -0.0182,  2.3528, -5.0165,  0.2183,  2.6258, -5.0708, -0.1925,  2.6892, -5.0713
  0.0101,  1.3863, -3.7009, -0.0271,  1.3447, -3.6733,  0.0818,  1.5388, -3.6601, -0.0697,  1.5818, -3.6818
  0.0184,  0.0874, -1.7442, -0.0216,  0.0742, -1.7000, -0.0742,  0.1509, -1.5846,  0.0694,  0.1667, -1.6283
 -0.0136, -1.3380,  0.7329,  0.0278, -1.3160,  0.7957, -0.2393, -1.4028,  1.0285,  0.2139, -1.4218,  0.9603
 -0.1348, -2.1745,  3.2570,  0.1709, -2.1125,  3.3464, -0.3512, -2.4023,  3.6110,  0.3008, -2.4664,  3.5128
 -0.2428, -4.5712,  6.6948,  0.2838, -4.4986,  6.7326, -0.3244, -4.7641,  6.5938,  0.2863, -4.8272,  6.5536
 -0.2074, -3.7277,  4.9866,  0.2401, -3.6734,  5.0324, -0.2648, -3.7775,  4.6288,  0.2288, -3.8155,  4.5799
 -0.1634, -3.1207,  3.5375,  0.1885, -3.0877,  3.5889, -0.2010, -3.1035,  3.1323,  0.1729, -3.1182,  3.0777
 -0.1142, -2.6425,  2.2592,  0.1297, -2.6335,  2.3150, -0.1344, -2.5821,  1.8830,  0.1161, -2.5744,  1.8246
 -0.0612, -2.2283,  1.0847,  0.0658, -2.2452,  1.1443, -0.0654, -2.1314,  0.7651,  0.0580, -2.1015,  0.7038
 -0.0056, -1.8331, -0.0387, -0.0012, -1.8769,  0.0241,  0.0052, -1.7016, -0.2931, -0.0014, -1.6498, -0.3568
  0.0517, -1.4213, -1.1568, -0.0694, -1.4921, -1.0909,  0.0765, -1.2564, -1.3452, -0.0617, -1.1828, -1.4114
  0.1095, -0.9602, -2.3127, -0.1369, -1.0571, -2.2437,  0.1477, -0.7632, -2.4401, -0.1228, -0.6679, -2.5093
  0.1668, -0.4162, -3.5517, -0.2019, -0.5373, -3.4789,  0.2178, -0.1857, -3.6316, -0.1846, -0.0689, -3.7049
  0.2226,  0.2506, -4.9256, -0.2629,  0.1077, -4.8477,  0.2868,  0.5249, -4.9908, -0.2475,  0.6636, -5.0702
  0.2760,  1.0943, -6.4971, -0.3182,  0.9326, -6.4116,  0.3554,  1.4463, -6.6253, -0.3127,  1.6084, -6.7144
  0.1677, -0.5555,  0.6139, -0.1780, -0.5811,  0.5705, -0.0060, -0.6373,  0.9417,  0.0248, -0.6056,  0.9259
  0.1591, -1.1417,  2.8490, -0.1526, -1.1070,  2.7773, -0.1406, -1.3816,  3.3204,  0.1402, -1.4092,  3.3286
  0.1369, -1.3054,  4.2924, -0.1174, -1.2338,  4.2096, -0.2252, -1.6276,  4.8096,  0.2122, -1.6947,  4.8284
  0.1075, -1.1375,  5.0625, -0.0787, -1.0416,  4.9733, -0.2733, -1.5000,  5.5779,  0.2522, -1.5958,  5.6036
  0.0731, -0.6763,  5.1908, -0.0387, -0.5671,  5.0971, -0.2824, -1.0438,  5.6698,  0.2576, -1.1587,  5.7011
  0.0343,  0.0311,  4.7071,  0.0012,  0.1414,  4.6095, -0.2449, -0.3074,  5.1227,  0.2214, -0.4292,  5.1595
 -0.0063,  0.9118,  3.6319,  0.0371,  1.0085,  3.5303, -0.1537,  0.6368,  3.9624,  0.1375,  0.5239,  4.0052
 -0.0423,  1.8746,  1.9816,  0.0616,  1.9410,  1.8757, -0.0071,  1.6968,  2.2108,  0.0044,  1.6125,  2.2599
 -0.0619,  2.8034, -0.2305,  0.0636,  2.8247, -0.3409,  0.1819,  2.7501, -0.1089, -0.1664,  2.7144, -0.0533
 -0.0682,  3.5021, -2.4602,  0.0517,  3.4769, -2.5712,  0.3514,  3.5674, -2.4335, -0.3187,  3.5866, -2.3769
 -0.0685,  3.8542, -4.1526,  0.0389,  3.7951, -4.2578,  0.4452,  4.0035, -4.1928, -0.4017,  4.0668, -4.1448
 -0.0592,  3.8958, -5.2816,  0.0228,  3.8189, -5.3771,  0.4648,  4.0952, -5.3577, -0.4176,  4.1866, -5.3251
 -0.0426,  3.6653, -5.8307,  0.0053,  3.5854, -5.9148,  0.4257,  3.8855, -5.9132, -0.3810,  3.9891, -5.9004
 -0.0220,  3.1798, -5.7773, -0.0113,  3.1080, -5.8498,  0.3448,  3.3951, -5.8369, -0.3071,  3.4978, -5.8459
  0.0001,  2.4290, -5.0984, -0.0259,  2.3730, -5.1595,  0.2351,  2.6159, -5.1039, -0.2079,  2.7074, -5.1348
  0.0209,  1.3976, -3.7748, -0.0362,  1.3626, -3.8247,  0.1045,  1.5324, -3.6923, -0.0903,  1.6047, -3.7444
  0.0315,  0.0929, -1.8187, -0.0336,  0.0826, -1.8567, -0.0427,  0.1482, -1.6148,  0.0414,  0.1943, -1.6875
  0.0042, -1.3433,  0.6591,  0.0102, -1.3252,  0.6351, -0.1964, -1.4016,  1.0012,  0.1762, -1.3896,  0.9071
 -0.1089, -2.1928,  3.1744,  0.1436, -2.1433,  3.1686, -0.2986, -2.3951,  3.5869,  0.2557, -2.4292,  3.4655
 -0.2232, -4.5548,  6.6812,  0.2688, -4.5078,  6.7237, -0.2886, -4.7231,  6.5885,  0.2660, -4.7865,  6.5746
 -0.1894, -3.6797,  4.9102,  0.2233, -3.6432,  4.9532, -0.2371, -3.7435,  4.6365,  0.2121, -3.7796,  4.6071
 -0.1478, -3.0343,  3.4378,  0.1727, -3.0105,  3.4802, -0.1810, -3.0538,  3.1463,  0.1605, -3.0658,  3.1071
 -0.1023, -2.5143,  2.1580,  0.1170, -2.5051,  2.1999, -0.1225, -2.5079,  1.9061,  0.1081, -2.4975,  1.8603
 -0.0540, -2.0578,  0.9972,  0.0577, -2.0645,  1.0384, -0.0620, -2.0304,  0.8037,  0.0548, -1.9988,  0.7531
 -0.0041, -1.6230, -0.1005, -0.0034, -1.6463, -0.0602, -0.0004, -1.5758, -0.2307,  0.0006, -1.5236, -0.2853
  0.0467, -1.1778, -1.1815, -0.0649, -1.2175, -1.1420,  0.0615, -1.1110, -1.2489, -0.0542, -1.0391, -1.3076
  0.0975, -0.6934, -2.2886, -0.1254, -0.7490, -2.2499,  0.1230, -0.6075, -2.2974, -0.1092, -0.5162, -2.3606
  0.1475, -0.1409, -3.4666, -0.1838, -0.2111, -3.4284,  0.1834, -0.0344, -3.4258, -0.1646,  0.0760, -3.4950
  0.1962,  0.5142, -4.7663, -0.2388,  0.4308, -4.7281,  0.2425,  0.6484, -4.6969, -0.2203,  0.7784, -4.7747
  0.2444,  1.3176, -6.2497, -0.2880,  1.2234, -6.2113,  0.3022,  1.5024, -6.2020, -0.2758,  1.6537, -6.2935
  0.1876, -0.3795,  0.7981, -0.2000, -0.4164,  0.7921,  0.0285, -0.4783,  1.0483, -0.0258, -0.4849,  1.1720
  0.1920, -0.9495,  3.0357, -0.1839, -0.9534,  3.0193, -0.0807, -1.1550,  3.3842,  0.0709, -1.2242,  3.5399
  0.1742, -1.0766,  4.4658, -0.1531, -1.0572,  4.4429, -0.1499, -1.3399,  4.8479,  0.1303, -1.4445,  5.0120
  0.1475, -0.8647,  5.2121, -0.1176, -0.8293,  5.1839, -0.1851, -1.1549,  5.5903,  0.1590, -1.2809,  5.7560
  0.1151, -0.3602,  5.3091, -0.0801, -0.3163,  5.2763, -0.1837, -0.6496,  5.6544,  0.1544, -0.7854,  5.8191
  0.0779,  0.3810,  4.7889, -0.0425,  0.4250,  4.7514, -0.1399,  0.1196,  5.0779,  0.1117, -0.0134,  5.2412
  0.0382,  1.2762,  3.6739, -0.0083,  1.3101,  3.6318, -0.0494,  1.0687,  3.8878,  0.0272,  0.9534,  4.0502
  0.0025,  2.2240,  1.9827,  0.0154,  2.2369,  1.9362,  0.0859,  2.0943,  2.1081, -0.0971,  2.0136,  2.2705
 -0.0180,  3.1045, -0.2691,  0.0182,  3.0871, -0.3197,  0.2519,  3.0706, -0.2365, -0.2479,  3.0390, -0.0735
 -0.0262,  3.7372, -2.5291,  0.0083,  3.6892, -2.5803,  0.3930,  3.7914, -2.5748, -0.3746,  3.8096, -2.4143
 -0.0281,  4.0296, -4.2364, -0.0024,  3.9603, -4.2831,  0.4633,  4.1443, -4.3322, -0.4358,  4.1985, -4.1800
 -0.0202,  4.0306, -5.3679, -0.0165,  3.9510, -5.4071,  0.4684,  4.1808, -5.4856, -0.4374,  4.2539, -5.3445
 -0.0045,  3.7834, -5.9096, -0.0325,  3.7032, -5.9398,  0.4244,  3.9476, -6.0234, -0.3948,  4.0244, -5.8943
  0.0163,  3.3050, -5.8405, -0.0488,  3.2312, -5.8615,  0.3473,  3.4637, -5.9257, -0.3230,  3.5329, -5.8080
  0.0401,  2.5834, -5.1375, -0.0649,  2.5205, -5.1495,  0.2489,  2.7171, -5.1678, -0.2329,  2.7715, -5.0604
  0.0646,  1.6018, -3.7802, -0.0790,  1.5528, -3.7836,  0.1362,  1.6895, -3.7268, -0.1309,  1.7251, -3.6289
  0.0813,  0.3663, -1.7781, -0.0831,  0.3333, -1.7728,  0.0135,  0.3826, -1.6119, -0.0212,  0.3970, -1.5237
  0.0612, -0.9857,  0.7634, -0.0479, -1.0003,  0.7775, -0.1091, -1.0747,  1.0583,  0.0857, -1.0828,  1.1352
 -0.0555, -1.7628,  3.3717,  0.0853, -1.7560,  3.3954, -0.1811, -1.9887,  3.7366,  0.1392, -2.0210,  3.7989
 -0.2005, -4.0287,  7.0272,  0.2294, -3.9918,  7.0427, -0.2406, -4.2070,  6.9476,  0.1991, -4.2424,  6.9201
 -0.1823, -3.1836,  5.6488,  0.2131, -3.1485,  5.6623, -0.2136, -3.2773,  5.3870,  0.1775, -3.3079,  5.3621
 -0.1646, -2.5670,  4.5873,  0.1937, -2.5348,  4.5995, -0.1894, -2.6296,  4.2853,  0.1572, -2.6565,  4.2635
 -0.1473, -2.0963,  3.7572,  0.1739, -2.0673,  3.7680, -0.1670, -2.1467,  3.4665,  0.1388, -2.1705,  3.4475
 -0.1311, -1.7264,  3.1021,  0.1548, -1.7005,  3.1114, -0.1465, -1.7710,  2.8396,  0.1224, -1.7922,  2.8234
 -0.1164, -1.4304,  2.5836,  0.1371, -1.4076,  2.5916, -0.1283, -1.4715,  2.3532,  0.1080, -1.4906,  2.3394
 -0.1034, -1.1922,  2.1751,  0.1214, -1.1720,  2.1818, -0.1126, -1.2307,  1.9756,  0.0956, -1.2481,  1.9639
 -0.0925, -1.0012,  1.8574,  0.1081, -0.9832,  1.8629, -0.0997, -1.0382,  1.6865,  0.0852, -1.0542,  1.6766
 -0.0836, -0.8508,  1.6162,  0.0974, -0.8345,  1.6206, -0.0897, -0.8882,  1.4725,  0.0770, -0.9029,  1.4641
 -0.0767, -0.7375,  1.4402,  0.0895, -0.7223,  1.4437, -0.0829, -0.7782,  1.3255,  0.0709, -0.7920,  1.3182
