  0.0000,  0.0000,  0.0000,  0.0000,  0.0000,  0.2183,  0.0000,  0.0000,  0.0000,  0.0000,  0.0000,  0.0000
  0.0000,  0.0000,  0.0000,  0.0000,  0.0000,  0.2183,  0.0262,  0.0878, -0.0309,  0.0216, -0.0564,  0.0559
  0.0003,  0.0009, -0.0003,  0.0002, -0.0006,  0.2189,  0.0389,  0.1278, -0.0355,  0.0452, -0.1090,  0.1063
  0.0007,  0.0022, -0.0007,  0.0007, -0.0017,  0.2199,  0.0432,  0.1366, -0.0367,  0.0702, -0.1587,  0.1529
  0.0011,  0.0035, -0.0010,  0.0014, -0.0032,  0.2215,  0.0406,  0.1209, -0.0363,  0.0965, -0.2062,  0.1968
  0.0015,  0.0047, -0.0014,  0.0023, -0.0053,  0.2234,  0.0307,  0.0789, -0.0298,  0.1242, -0.2519,  0.2391
  0.0018,  0.0055, -0.0017,  0.0036, -0.0078,  0.2258,  0.0091,  0.0011,  0.0536,  0.1539, -0.2953,  0.2809
  0.0019,  0.0055, -0.0012,  0.0051, -0.0108,  0.2286,  0.0064, -0.0201, -0.0053,  0.1745, -0.2706,  0.2499
  0.0020,  0.0053, -0.0012,  0.0069, -0.0135,  0.2311,  0.0160, -0.0217, -0.0399,  0.1936, -0.2431,  0.2175
  0.0021,  0.0051, -0.0016,  0.0088, -0.0159,  0.2333,  0.0261, -0.0188, -0.0496,  0.2111, -0.2129,  0.1902
  0.0024,  0.0049, -0.0021,  0.0109, -0.0180,  0.2352,  0.0346, -0.0138, -0.0500,  0.2271, -0.1805,  0.1704
  0.0027,  0.0048, -0.0026,  0.0132, -0.0198,  0.2369,  0.0413, -0.0080, -0.0477,  0.2417, -0.1463,  0.1584
  0.0031,  0.0047, -0.0031,  0.0156, -0.0213,  0.2385,  0.0464, -0.0019, -0.0445,  0.2552, -0.1106,  0.1542
  0.0036,  0.0047, -0.0035,  0.0181, -0.0224,  0.2400,  0.0500,  0.0042, -0.0409,  0.2680, -0.0732,  0.1575
  0.0041,  0.0047, -0.0039,  0.0208, -0.0231,  0.2416,  0.0522,  0.0105, -0.0366,  0.2803, -0.0341,  0.1680
  0.0046,  0.0048, -0.0043,  0.0236, -0.0235,  0.2433,  0.0528,  0.0172, -0.0314,  0.2924,  0.0069,  0.1856
  0.0051,  0.0050, -0.0046,  0.0266, -0.0234,  0.2451,  0.0518,  0.0251, -0.0246,  0.3045,  0.0503,  0.2100
  0.0057,  0.0053, -0.0049,  0.0296, -0.0229,  0.2472,  0.0489,  0.0351, -0.0147,  0.3169,  0.0964,  0.2412
  0.0062,  0.0056, -0.0050,  0.0328, -0.0220,  0.2496,  0.0435,  0.0478,  0.0010,  0.3300,  0.1457,  0.2787
  0.0066,  0.0061, -0.0050,  0.0361, -0.0205,  0.2524,  0.0343,  0.0619,  0.0275,  0.3443,  0.1990,  0.3214
  0.0069,  0.0067, -0.0047,  0.0395, -0.0185,  0.2556,  0.0186,  0.0687,  0.0729,  0.3609,  0.2570,  0.3670
  0.0071,  0.0074, -0.0040,  0.0431, -0.0159,  0.2593, -0.0070,  0.0137, -0.0358,  0.3832,  0.3200,  0.4036
  0.0070,  0.0075, -0.0044,  0.0470, -0.0127,  0.2634,  0.0089,  0.0163,  0.0951,  0.3835,  0.3179,  0.3334
  0.0071,  0.0077, -0.0034,  0.0508, -0.0096,  0.2667,  0.0100,  0.0107,  0.1101,  0.3836,  0.3179,  0.2365
  0.0072,  0.0078, -0.0023,  0.0546, -0.0064,  0.2691,  0.0063, -0.0006,  0.1051,  0.3841,  0.3181,  0.1359
  0.0073,  0.0078, -0.0013,  0.0585, -0.0032,  0.2704,  0.0007, -0.0156,  0.0945,  0.3851,  0.3184,  0.0349
  0.0073,  0.0076, -0.0003,  0.0623, -0.0000,  0.2708, -0.0063, -0.0337,  0.0806,  0.3864,  0.3188, -0.0662
  0.0072,  0.0073,  0.0005,  0.0662,  0.0032,  0.2701, -0.0145, -0.0548,  0.0638,  0.3881,  0.3194, -0.1671
  0.0071,  0.0068,  0.0011,  0.0701,  0.0064,  0.2684, -0.0235, -0.0780,  0.0447,  0.3901,  0.3202, -0.2678
  0.0069,  0.0060,  0.0016,  0.0740,  0.0096,  0.2658, -0.0317, -0.1004,  0.0261,  0.3918,  0.3210, -0.3678
  0.0065,  0.0050,  0.0018,  0.0779,  0.0128,  0.2621, -0.0342, -0.1037,  0.0179,  0.3913,  0.3218, -0.4660
  0.0062,  0.0039,  0.0020,  0.0818,  0.0160,  0.2574, -0.0002,  0.0268,  0.0084,  0.3794,  0.3224, -0.5596
  0.0062,  0.0042,  0.0021,  0.0856,  0.0192,  0.2518, -0.0034,  0.0466,  0.0189,  0.3746,  0.2787, -0.4757
  0.0062,  0.0047,  0.0023,  0.0893,  0.0220,  0.2471, -0.0044,  0.0542,  0.0109,  0.3745,  0.2386, -0.3977
  0.0061,  0.0052,  0.0024,  0.0931,  0.0244,  0.2431, -0.0066,  0.0555,  0.0035,  0.3764,  0.2005, -0.3249
  0.0061,  0.0058,  0.0024,  0.0968,  0.0264,  0.2398, -0.0091,  0.0533, -0.0036,  0.3799,  0.1640, -0.2558
  0.0060,  0.0063,  0.0024,  0.1006,  0.0280,  0.2373, -0.0120,  0.0499, -0.0101,  0.3849,  0.1287, -0.1893
  0.0058,  0.0068,  0.0023,  0.1045,  0.0293,  0.2354, -0.0149,  0.0462, -0.0160,  0.3913,  0.0940, -0.1247
  0.0057,  0.0073,  0.0021,  0.1084,  0.0303,  0.2341, -0.0179,  0.0430, -0.0212,  0.3991,  0.0597, -0.0612
  0.0055,  0.0077,  0.0019,  0.1124,  0.0309,  0.2335, -0.0205,  0.0404, -0.0258,  0.4085,  0.0255,  0.0019
  0.0053,  0.0081,  0.0017,  0.1165,  0.0311,  0.2335, -0.0226,  0.0391, -0.0305,  0.4196, -0.0090,  0.0655
  0.0051,  0.0085,  0.0014,  0.1207,  0.0310,  0.2342, -0.0240,  0.0401, -0.0360,  0.4326, -0.0439,  0.1302
  0.0048,  0.0089,  0.0010,  0.1250,  0.0306,  0.2355, -0.0248,  0.0442, -0.0433,  0.4478, -0.0796,  0.1971
  0.0046,  0.0093,  0.0006,  0.1295,  0.0298,  0.2375, -0.0244,  0.0522, -0.0539,  0.4655, -0.1162,  0.2668
  0.0044,  0.0098,  0.0000,  0.1341,  0.0286,  0.2401, -0.0222,  0.0640, -0.0703,  0.4861, -0.1541,  0.3399
  0.0041,  0.0105, -0.0007,  0.1390,  0.0271,  0.2435, -0.0147,  0.0713, -0.0915,  0.5110, -0.1940,  0.4161
  0.0040,  0.0112, -0.0016,  0.1441,  0.0252,  0.2477,  0.0058,  0.0233,  0.0362,  0.5443, -0.2358,  0.4891
  0.0040,  0.0114, -0.0012,  0.1495,  0.0228,  0.2526,  0.0064,  0.0376, -0.1528,  0.5411, -0.2351,  0.4008
  0.0041,  0.0118, -0.0027,  0.1550,  0.0204,  0.2566,  0.0096,  0.0255, -0.1580,  0.5417, -0.2348,  0.3035
  0.0042,  0.0121, -0.0043,  0.1604,  0.0181,  0.2596,  0.0146,  0.0055, -0.1494,  0.5432, -0.2349,  0.2044
  0.0044,  0.0121, -0.0058,  0.1658,  0.0158,  0.2617,  0.0206, -0.0175, -0.1386,  0.5451, -0.2350,  0.1048
  0.0046,  0.0119, -0.0072,  0.1713,  0.0134,  0.2627,  0.0272, -0.0421, -0.1269,  0.5473, -0.2352,  0.0052
  0.0048,  0.0115, -0.0085,  0.1767,  0.0110,  0.2628,  0.0342, -0.0678, -0.1146,  0.5497, -0.2355, -0.0944
  0.0052,  0.0108, -0.0096,  0.1822,  0.0087,  0.2618,  0.0412, -0.0935, -0.1018,  0.5521, -0.2360, -0.1937
  0.0056,  0.0099, -0.0106,  0.1877,  0.0063,  0.2599,  0.0465, -0.1156, -0.0904,  0.5540, -0.2365, -0.2922
  0.0060,  0.0088, -0.0115,  0.1933,  0.0040,  0.2570,  0.0450, -0.1142, -0.0870,  0.5530, -0.2370, -0.3879
  0.0065,  0.0076, -0.0124,  0.1988,  0.0016,  0.2531, -0.0029,  0.0455,  0.0468,  0.5381, -0.2361, -0.4764
  0.0065,  0.0081, -0.0119,  0.2042, -0.0008,  0.2483, -0.0132,  0.0795, -0.0112,  0.5147, -0.2009, -0.4036
  0.0063,  0.0089, -0.0121,  0.2093, -0.0028,  0.2443, -0.0248,  0.0990, -0.0020,  0.4976, -0.1677, -0.3340
  0.0061,  0.0098, -0.0121,  0.2143, -0.0044,  0.2410, -0.0331,  0.1078,  0.0079,  0.4837, -0.1360, -0.2683
  0.0058,  0.0109, -0.0120,  0.2192, -0.0058,  0.2383, -0.0388,  0.1100,  0.0172,  0.4727, -0.1056, -0.2057
  0.0054,  0.0120, -0.0118,  0.2239, -0.0069,  0.2362, -0.0419,  0.1086,  0.0256,  0.4640, -0.0760, -0.1452
  0.0050,  0.0131, -0.0116,  0.2285, -0.0076,  0.2348, -0.0424,  0.1055,  0.0331,  0.4574, -0.0469, -0.0861
  0.0045,  0.0142, -0.0112,  0.2331, -0.0081,  0.2339, -0.0403,  0.1018,  0.0399,  0.4528, -0.0180, -0.0280
  0.0041,  0.0152, -0.0108,  0.2376, -0.0083,  0.2336, -0.0361,  0.0975,  0.0461,  0.4501,  0.0109,  0.0300
  0.0038,  0.0162, -0.0104,  0.2421, -0.0082,  0.2339, -0.0301,  0.0936,  0.0522,  0.4494,  0.0402,  0.0886
  0.0035,  0.0171, -0.0099,  0.2466, -0.0078,  0.2348, -0.0229,  0.0910,  0.0588,  0.4509,  0.0699,  0.1484
  0.0032,  0.0180, -0.0093,  0.2511, -0.0071,  0.2363, -0.0151,  0.0909,  0.0668,  0.4546,  0.1005,  0.2104
  0.0031,  0.0189, -0.0086,  0.2557, -0.0061,  0.2384, -0.0071,  0.0941,  0.0772,  0.4610,  0.1322,  0.2752
  0.0030,  0.0199, -0.0078,  0.2603, -0.0047,  0.2412, -0.0000,  0.0999,  0.0911,  0.4704,  0.1653,  0.3435
  0.0030,  0.0209, -0.0069,  0.2650, -0.0031,  0.2446,  0.0024,  0.0974,  0.1017,  0.4843,  0.2003,  0.4150
  0.0030,  0.0218, -0.0059,  0.2698, -0.0011,  0.2487, -0.0115,  0.0137, -0.0269,  0.5086,  0.2377,  0.4847
  0.0029,  0.0220, -0.0062,  0.2749,  0.0013,  0.2536, -0.0060,  0.0760,  0.1420,  0.5018,  0.2367,  0.3978
  0.0029,  0.0227, -0.0047,  0.2799,  0.0037,  0.2576, -0.0072,  0.0680,  0.1456,  0.5018,  0.2364,  0.3014
  0.0028,  0.0234, -0.0033,  0.2850,  0.0060,  0.2606, -0.0111,  0.0462,  0.1359,  0.5033,  0.2363,  0.2026
  0.0027,  0.0239, -0.0019,  0.2900,  0.0084,  0.2626, -0.0162,  0.0208,  0.1239,  0.5055,  0.2365,  0.1031
  0.0025,  0.0241, -0.0007,  0.2950,  0.0108,  0.2636, -0.0221, -0.0058,  0.1114,  0.5079,  0.2367,  0.0035
  0.0023,  0.0240,  0.0004,  0.3001,  0.0131,  0.2637, -0.0285, -0.0332,  0.0983,  0.5105,  0.2370, -0.0961
  0.0020,  0.0237,  0.0014,  0.3052,  0.0155,  0.2627, -0.0350, -0.0603,  0.0851,  0.5132,  0.2374, -0.1954
  0.0017,  0.0231,  0.0023,  0.3104,  0.0179,  0.2608, -0.0403, -0.0843,  0.0736,  0.5154,  0.2380, -0.2941
  0.0013,  0.0222,  0.0030,  0.3155,  0.0202,  0.2578, -0.0403, -0.0890,  0.0716,  0.5152,  0.2384, -0.3902
  0.0009,  0.0214,  0.0037,  0.3207,  0.0226,  0.2539, -0.0026,  0.0375, -0.0260,  0.5031,  0.2379, -0.4766
  0.0008,  0.0217,  0.0034,  0.3257,  0.0250,  0.2491,  0.0038,  0.0624,  0.0333,  0.4829,  0.2027, -0.4041
  0.0009,  0.0223,  0.0038,  0.3305,  0.0270,  0.2451,  0.0098,  0.0760,  0.0245,  0.4679,  0.1695, -0.3349
  0.0010,  0.0231,  0.0040,  0.3352,  0.0287,  0.2418,  0.0133,  0.0806,  0.0149,  0.4560,  0.1379, -0.2698
  0.0011,  0.0239,  0.0042,  0.3398,  0.0301,  0.2391,  0.0149,  0.0795,  0.0060,  0.4467,  0.1074, -0.2078
  0.0012,  0.0247,  0.0042,  0.3442,  0.0312,  0.2370,  0.0150,  0.0755, -0.0021,  0.4398,  0.0778, -0.1480
  0.0014,  0.0255,  0.0042,  0.3486,  0.0320,  0.2355,  0.0135,  0.0701, -0.0093,  0.4349,  0.0488, -0.0896
  0.0015,  0.0262,  0.0041,  0.3530,  0.0325,  0.2346,  0.0107,  0.0643, -0.0157,  0.4321,  0.0200, -0.0320
  0.0016,  0.0268,  0.0040,  0.3573,  0.0327,  0.2343,  0.0069,  0.0584, -0.0217,  0.4312, -0.0088,  0.0256
  0.0017,  0.0274,  0.0037,  0.3616,  0.0326,  0.2345,  0.0026,  0.0533, -0.0278,  0.4325, -0.0378,  0.0839
  0.0017,  0.0279,  0.0035,  0.3659,  0.0322,  0.2354, -0.0020,  0.0499, -0.0345,  0.4358, -0.0673,  0.1437
  0.0017,  0.0284,  0.0031,  0.3703,  0.0315,  0.2368, -0.0065,  0.0495, -0.0423,  0.4414, -0.0975,  0.2058
  0.0016,  0.0289,  0.0027,  0.3747,  0.0305,  0.2389, -0.0105,  0.0532, -0.0524,  0.4495, -0.1288,  0.2709
  0.0015,  0.0295,  0.0022,  0.3792,  0.0292,  0.2416, -0.0132,  0.0612, -0.0653,  0.4604, -0.1613,  0.3398
  0.0014,  0.0301,  0.0015,  0.3838,  0.0276,  0.2450, -0.0115,  0.0655, -0.0759,  0.4755, -0.1957,  0.4125
  0.0013,  0.0307,  0.0008,  0.3886,  0.0257,  0.2491,  0.0054,  0.0107,  0.0275,  0.4994, -0.2325,  0.4850
  0.0014,  0.0308,  0.0010,  0.3936,  0.0234,  0.2540,  0.0025,  0.0489, -0.1175,  0.4946, -0.2315,  0.3962
  0.0014,  0.0313, -0.0001,  0.3985,  0.0210,  0.2579,  0.0043,  0.0394, -0.1206,  0.4948, -0.2312,  0.2995
  0.0014,  0.0317, -0.0013,  0.4035,  0.0187,  0.2609,  0.0080,  0.0199, -0.1136,  0.4962, -0.2311,  0.2010
  0.0015,  0.0319, -0.0025,  0.4084,  0.0164,  0.2629,  0.0125, -0.0024, -0.1046,  0.4981, -0.2312,  0.1019
  0.0016,  0.0319, -0.0035,  0.4134,  0.0141,  0.2639,  0.0177, -0.0259, -0.0948,  0.5001, -0.2314,  0.0027
  0.0018,  0.0316, -0.0045,  0.4184,  0.0118,  0.2640,  0.0233, -0.0498, -0.0844,  0.5024, -0.2316, -0.0964
  0.0020,  0.0311, -0.0053,  0.4234,  0.0095,  0.2630,  0.0289, -0.0736, -0.0735,  0.5046, -0.2320, -0.1954
  0.0023,  0.0304, -0.0060,  0.4285,  0.0072,  0.2610,  0.0334, -0.0943, -0.0642,  0.5065, -0.2325, -0.2937
  0.0027,  0.0294, -0.0067,  0.4335,  0.0048,  0.2581,  0.0329, -0.0956, -0.0637,  0.5059, -0.2329, -0.3896
  0.0030,  0.0285, -0.0073,  0.4386,  0.0025,  0.2542, -0.0033,  0.0311,  0.0260,  0.4940, -0.2326, -0.4765
  0.0030,  0.0288, -0.0071,  0.4435,  0.0002,  0.2495, -0.0107,  0.0478, -0.0229,  0.4748, -0.1978, -0.4042
  0.0028,  0.0293, -0.0073,  0.4483, -0.0018,  0.2454, -0.0180,  0.0573, -0.0132,  0.4607, -0.1650, -0.3352
  0.0027,  0.0299, -0.0074,  0.4529, -0.0035,  0.2421, -0.0226,  0.0594, -0.0035,  0.4496, -0.1338, -0.2703
  0.0024,  0.0304, -0.0075,  0.4574, -0.0048,  0.2394, -0.0251,  0.0569,  0.0055,  0.4409, -0.1037, -0.2085
  0.0022,  0.0310, -0.0074,  0.4618, -0.0058,  0.2373, -0.0257,  0.0518,  0.0136,  0.4346, -0.0744, -0.1488
  0.0019,  0.0315, -0.0073,  0.4661, -0.0066,  0.2358, -0.0246,  0.0458,  0.0209,  0.4302, -0.0456, -0.0906
  0.0017,  0.0320, -0.0071,  0.4704, -0.0070,  0.2349, -0.0218,  0.0396,  0.0273,  0.4278, -0.0171, -0.0332
  0.0015,  0.0324, -0.0068,  0.4747, -0.0072,  0.2345, -0.0179,  0.0335,  0.0334,  0.4274,  0.0114,  0.0242
  0.0013,  0.0327, -0.0065,  0.4790, -0.0071,  0.2348, -0.0131,  0.0284,  0.0395,  0.4290,  0.0402,  0.0824
  0.0012,  0.0330, -0.0061,  0.4833, -0.0067,  0.2356, -0.0078,  0.0254,  0.0463,  0.4327,  0.0695,  0.1421
  0.0011,  0.0333, -0.0056,  0.4876, -0.0060,  0.2370, -0.0023,  0.0258,  0.0542,  0.4387,  0.0995,  0.2041
  0.0011,  0.0335, -0.0051,  0.4920, -0.0050,  0.2391,  0.0030,  0.0312,  0.0642,  0.4470,  0.1306,  0.2693
  0.0011,  0.0338, -0.0044,  0.4965, -0.0037,  0.2418,  0.0072,  0.0422,  0.0769,  0.4582,  0.1630,  0.3382
  0.0012,  0.0343, -0.0036,  0.5010, -0.0021,  0.2451,  0.0072,  0.0521,  0.0864,  0.4734,  0.1973,  0.4112
  0.0012,  0.0348, -0.0028,  0.5058, -0.0001,  0.2493, -0.0078,  0.0080, -0.0267,  0.4973,  0.2338,  0.4842
  0.0012,  0.0349, -0.0030,  0.5108,  0.0023,  0.2541, -0.0044,  0.0446,  0.1233,  0.4925,  0.2329,  0.3952
  0.0011,  0.0353, -0.0018,  0.5157,  0.0046,  0.2581, -0.0060,  0.0347,  0.1266,  0.4928,  0.2326,  0.2986
  0.0010,  0.0356, -0.0006,  0.5206,  0.0069,  0.2610, -0.0096,  0.0149,  0.1196,  0.4942,  0.2325,  0.2000
  0.0010,  0.0358,  0.0006,  0.5256,  0.0092,  0.2630, -0.0141, -0.0075,  0.1107,  0.4961,  0.2326,  0.1009
  0.0008,  0.0357,  0.0018,  0.5305,  0.0116,  0.2640, -0.0192, -0.0311,  0.1010,  0.4981,  0.2327,  0.0017
  0.0006,  0.0354,  0.0028,  0.5355,  0.0139,  0.2641, -0.0247, -0.0553,  0.0907,  0.5004,  0.2330, -0.0975
  0.0004,  0.0349,  0.0037,  0.5405,  0.0162,  0.2631, -0.0303, -0.0793,  0.0799,  0.5026,  0.2334, -0.1965
  0.0001,  0.0341,  0.0045,  0.5455,  0.0186,  0.2611, -0.0348, -0.1001,  0.0706,  0.5045,  0.2339, -0.2948
 -0.0003,  0.0331,  0.0052,  0.5506,  0.0209,  0.2582, -0.0343, -0.1012,  0.0700,  0.5040,  0.2343, -0.3907
 -0.0006,  0.0321,  0.0059,  0.5556,  0.0232,  0.2543,  0.0014,  0.0285, -0.0242,  0.4921,  0.2339, -0.4771
 -0.0006,  0.0323,  0.0056,  0.5605,  0.0256,  0.2495,  0.0069,  0.0409,  0.0281,  0.4732,  0.1990, -0.4050
 -0.0005,  0.0327,  0.0059,  0.5653,  0.0276,  0.2454,  0.0127,  0.0482,  0.0184,  0.4594,  0.1662, -0.3360
 -0.0004,  0.0332,  0.0061,  0.5699,  0.0292,  0.2421,  0.0160,  0.0489,  0.0087,  0.4485,  0.1349, -0.2711
 -0.0003,  0.0337,  0.0062,  0.5743,  0.0306,  0.2394,  0.0174,  0.0453, -0.0003,  0.4401,  0.1047, -0.2093
 -0.0001,  0.0342,  0.0062,  0.5787,  0.0316,  0.2373,  0.0172,  0.0395, -0.0084,  0.4338,  0.0754, -0.1496
  0.0001,  0.0346,  0.0061,  0.5831,  0.0324,  0.2358,  0.0154,  0.0329, -0.0157,  0.4296,  0.0466, -0.0913
  0.0002,  0.0349,  0.0059,  0.5874,  0.0328,  0.2349,  0.0123,  0.0263, -0.0221,  0.4274,  0.0181, -0.0338
  0.0004,  0.0352,  0.0057,  0.5917,  0.0330,  0.2345,  0.0082,  0.0200, -0.0282,  0.4271, -0.0105,  0.0236
  0.0005,  0.0354,  0.0054,  0.5959,  0.0329,  0.2348,  0.0035,  0.0148, -0.0344,  0.4287, -0.0393,  0.0818
  0.0005,  0.0355,  0.0051,  0.6002,  0.0325,  0.2356, -0.0014,  0.0119, -0.0411,  0.4325, -0.0686,  0.1416
  0.0005,  0.0356,  0.0047,  0.6045,  0.0318,  0.2370, -0.0063,  0.0128, -0.0490,  0.4385, -0.0987,  0.2037
  0.0004,  0.0358,  0.0042,  0.6089,  0.0309,  0.2390, -0.0107,  0.0190, -0.0591,  0.4469, -0.1297,  0.2688
  0.0003,  0.0359,  0.0036,  0.6134,  0.0296,  0.2417, -0.0136,  0.0317, -0.0718,  0.4581, -0.1622,  0.3378
  0.0002,  0.0363,  0.0029,  0.6180,  0.0279,  0.2451, -0.0119,  0.0446, -0.0817,  0.4733, -0.1964,  0.4108
  0.0000,  0.0367,  0.0021,  0.6227,  0.0260,  0.2492,  0.0056,  0.0065,  0.0271,  0.4972, -0.2330,  0.4840
  0.0001,  0.0368,  0.0023,  0.6277,  0.0236,  0.2541,  0.0018,  0.0426, -0.1205,  0.4924, -0.2321,  0.3949
  0.0001,  0.0372,  0.0011,  0.6326,  0.0213,  0.2580,  0.0035,  0.0325, -0.1238,  0.4927, -0.2317,  0.2983
  0.0002,  0.0375, -0.0001,  0.6375,  0.0190,  0.2610,  0.0072,  0.0125, -0.1168,  0.4941, -0.2317,  0.1997
  0.0002,  0.0376, -0.0013,  0.6425,  0.0167,  0.2630,  0.0118, -0.0100, -0.1079,  0.4959, -0.2317,  0.1006
  0.0003,  0.0375, -0.0024,  0.6474,  0.0144,  0.2640,  0.0169, -0.0338, -0.0982,  0.4980, -0.2319,  0.0014
  0.0005,  0.0372, -0.0033,  0.6524,  0.0120,  0.2640,  0.0225, -0.0580, -0.0879,  0.5003, -0.2322, -0.0978
  0.0007,  0.0366, -0.0042,  0.6574,  0.0097,  0.2630,  0.0281, -0.0820, -0.0772,  0.5026, -0.2326, -0.1968
  0.0010,  0.0358, -0.0050,  0.6624,  0.0074,  0.2611,  0.0327, -0.1028, -0.0680,  0.5044, -0.2331, -0.2951
  0.0013,  0.0348, -0.0057,  0.6675,  0.0051,  0.2581,  0.0323, -0.1038, -0.0674,  0.5039, -0.2335, -0.3909
  0.0017,  0.0337, -0.0063,  0.6725,  0.0027,  0.2542, -0.0033,  0.0258,  0.0258,  0.4920, -0.2331, -0.4775
  0.0016,  0.0340, -0.0061,  0.6774,  0.0004,  0.2494, -0.0096,  0.0364, -0.0258,  0.4731, -0.1983, -0.4053
  0.0015,  0.0344, -0.0063,  0.6822, -0.0016,  0.2454, -0.0161,  0.0431, -0.0162,  0.4593, -0.1655, -0.3362
  0.0014,  0.0348, -0.0065,  0.6868, -0.0032,  0.2420, -0.0200,  0.0436, -0.0065,  0.4484, -0.1342, -0.2712
  0.0012,  0.0352, -0.0066,  0.6912, -0.0046,  0.2393, -0.0220,  0.0398,  0.0026,  0.4400, -0.1041, -0.2092
  0.0010,  0.0356, -0.0065,  0.6956, -0.0056,  0.2372, -0.0221,  0.0339,  0.0107,  0.4337, -0.0748, -0.1494
  0.0007,  0.0360, -0.0064,  0.7000, -0.0064,  0.2357, -0.0206,  0.0274,  0.0180,  0.4295, -0.0460, -0.0911
  0.0005,  0.0362, -0.0063,  0.7043, -0.0068,  0.2348, -0.0176,  0.0208,  0.0244,  0.4273, -0.0174, -0.0336
  0.0004,  0.0365, -0.0060,  0.7086, -0.0070,  0.2345, -0.0135,  0.0146,  0.0305,  0.4270,  0.0111,  0.0239
  0.0002,  0.0366, -0.0057,  0.7128, -0.0069,  0.2347, -0.0087,  0.0095,  0.0366,  0.4287,  0.0399,  0.0822
  0.0001,  0.0367, -0.0053,  0.7171, -0.0065,  0.2355, -0.0035,  0.0068,  0.0434,  0.4324,  0.0692,  0.1419
  0.0001,  0.0368, -0.0049,  0.7214, -0.0058,  0.2369,  0.0018,  0.0079,  0.0513,  0.4384,  0.0993,  0.2040
  0.0001,  0.0368, -0.0044,  0.7258, -0.0048,  0.2390,  0.0068,  0.0146,  0.0614,  0.4468,  0.1303,  0.2692
  0.0002,  0.0370, -0.0038,  0.7303, -0.0035,  0.2417,  0.0105,  0.0280,  0.0741,  0.4580,  0.1627,  0.3382
  0.0003,  0.0373, -0.0030,  0.7349, -0.0019,  0.2451,  0.0097,  0.0421,  0.0838,  0.4732,  0.1970,  0.4112
  0.0004,  0.0377, -0.0022,  0.7396,  0.0001,  0.2492, -0.0069,  0.0059, -0.0269,  0.4971,  0.2336,  0.4843
  0.0003,  0.0377, -0.0025,  0.7446,  0.0024,  0.2540, -0.0029,  0.0418,  0.1220,  0.4923,  0.2326,  0.3954
  0.0003,  0.0382, -0.0012,  0.7495,  0.0048,  0.2580, -0.0045,  0.0316,  0.1253,  0.4926,  0.2323,  0.2987
  0.0002,  0.0385,  0.0000,  0.7544,  0.0071,  0.2610, -0.0082,  0.0117,  0.1183,  0.4940,  0.2323,  0.2002
  0.0002,  0.0386,  0.0012,  0.7594,  0.0094,  0.2630, -0.0127, -0.0109,  0.1094,  0.4958,  0.2323,  0.1011
  0.0000,  0.0385,  0.0023,  0.7643,  0.0117,  0.2640, -0.0178, -0.0347,  0.0997,  0.4979,  0.2325,  0.0019
 -0.0001,  0.0381,  0.0033,  0.7693,  0.0141,  0.2640, -0.0233, -0.0590,  0.0893,  0.5002,  0.2328, -0.0973
 -0.0004,  0.0376,  0.0042,  0.7743,  0.0164,  0.2630, -0.0289, -0.0831,  0.0786,  0.5025,  0.2332, -0.1964
 -0.0007,  0.0367,  0.0050,  0.7793,  0.0187,  0.2611, -0.0334, -0.1039,  0.0694,  0.5043,  0.2337, -0.2947
 -0.0010,  0.0357,  0.0057,  0.7844,  0.0210,  0.2581, -0.0329, -0.1049,  0.0687,  0.5038,  0.2341, -0.3905
 -0.0013,  0.0346,  0.0063,  0.7894,  0.0234,  0.2542,  0.0025,  0.0255, -0.0252,  0.4919,  0.2337, -0.4770
 -0.0013,  0.0349,  0.0061,  0.7943,  0.0257,  0.2494,  0.0080,  0.0352,  0.0267,  0.4731,  0.1988, -0.4049
 -0.0012,  0.0352,  0.0064,  0.7991,  0.0277,  0.2454,  0.0140,  0.0412,  0.0171,  0.4594,  0.1660, -0.3360
 -0.0011,  0.0356,  0.0065,  0.8036,  0.0294,  0.2420,  0.0173,  0.0411,  0.0075,  0.4485,  0.1347, -0.2711
 -0.0009,  0.0361,  0.0066,  0.8081,  0.0307,  0.2393,  0.0188,  0.0370, -0.0016,  0.4401,  0.1046, -0.2092
 -0.0007,  0.0364,  0.0066,  0.8125,  0.0318,  0.2372,  0.0186,  0.0308, -0.0097,  0.4339,  0.0752, -0.1495
 -0.0005,  0.0367,  0.0065,  0.8169,  0.0325,  0.2357,  0.0168,  0.0240, -0.0169,  0.4297,  0.0464, -0.0912
 -0.0004,  0.0370,  0.0063,  0.8212,  0.0330,  0.2348,  0.0136,  0.0172, -0.0234,  0.4274,  0.0179, -0.0337
 -0.0002,  0.0372,  0.0061,  0.8254,  0.0332,  0.2345,  0.0094,  0.0108, -0.0295,  0.4271, -0.0106,  0.0237
 -0.0001,  0.0373,  0.0058,  0.8297,  0.0331,  0.2347,  0.0046,  0.0056, -0.0357,  0.4288, -0.0395,  0.0819
 -0.0001,  0.0373,  0.0054,  0.8340,  0.0327,  0.2355, -0.0004,  0.0029, -0.0424,  0.4325, -0.0688,  0.1416
 -0.0001,  0.0373,  0.0050,  0.8383,  0.0320,  0.2369, -0.0055,  0.0040, -0.0504,  0.4385, -0.0988,  0.2037
 -0.0002,  0.0374,  0.0045,  0.8427,  0.0310,  0.2390, -0.0100,  0.0109, -0.0604,  0.4469, -0.1298,  0.2689
 -0.0003,  0.0375,  0.0039,  0.8472,  0.0297,  0.2417, -0.0132,  0.0247, -0.0731,  0.4580, -0.1622,  0.3378
 -0.0004,  0.0377,  0.0032,  0.8518,  0.0281,  0.2451, -0.0117,  0.0397, -0.0828,  0.4732, -0.1965,  0.4108
 -0.0005,  0.0381,  0.0023,  0.8565,  0.0261,  0.2492,  0.0059,  0.0055,  0.0270,  0.4970, -0.2331,  0.4840
 -0.0004,  0.0382,  0.0026,  0.8615,  0.0238,  0.2540,  0.0019,  0.0412, -0.1212,  0.4922, -0.2321,  0.3950
 -0.0004,  0.0386,  0.0014,  0.8664,  0.0214,  0.2579,  0.0035,  0.0309, -0.1245,  0.4925, -0.2318,  0.2983
 -0.0004,  0.0389,  0.0002,  0.8713,  0.0191,  0.2609,  0.0072,  0.0109, -0.1176,  0.4939, -0.2317,  0.1997
 -0.0003,  0.0390, -0.0010,  0.8762,  0.0168,  0.2629,  0.0118, -0.0117, -0.1087,  0.4958, -0.2318,  0.1007
 -0.0002,  0.0389, -0.0021,  0.8812,  0.0145,  0.2639,  0.0169, -0.0355, -0.0990,  0.4979, -0.2320,  0.0014
 -0.0000,  0.0386, -0.0031,  0.8862,  0.0122,  0.2640,  0.0225, -0.0598, -0.0887,  0.5001, -0.2323, -0.0978
  0.0002,  0.0380, -0.0040,  0.8912,  0.0099,  0.2630,  0.0282, -0.0838, -0.0780,  0.5024, -0.2327, -0.1968
  0.0005,  0.0371, -0.0048,  0.8962,  0.0075,  0.2610,  0.0327, -0.1047, -0.0688,  0.5042, -0.2331, -0.2951
  0.0008,  0.0361, -0.0055,  0.9013,  0.0052,  0.2581,  0.0323, -0.1056, -0.0682,  0.5037, -0.2336, -0.3909
  0.0011,  0.0350, -0.0061,  0.9063,  0.0029,  0.2541, -0.0032,  0.0246,  0.0260,  0.4918, -0.2332, -0.4774
  0.0011,  0.0353, -0.0059,  0.9112,  0.0005,  0.2494, -0.0090,  0.0337, -0.0263,  0.4730, -0.1983, -0.4052
  0.0010,  0.0356, -0.0061,  0.9159, -0.0015,  0.2453, -0.0153,  0.0396, -0.0167,  0.4593, -0.1655, -0.3362
  0.0009,  0.0360, -0.0063,  0.9205, -0.0031,  0.2420, -0.0190,  0.0396, -0.0070,  0.4484, -0.1343, -0.2712
  0.0007,  0.0364, -0.0064,  0.9250, -0.0045,  0.2392, -0.0207,  0.0355,  0.0020,  0.4400, -0.1041, -0.2092
  0.0005,  0.0367, -0.0064,  0.9294, -0.0055,  0.2372, -0.0207,  0.0294,  0.0101,  0.4338, -0.0748, -0.1494
  0.0003,  0.0370, -0.0063,  0.9338, -0.0062,  0.2357, -0.0191,  0.0226,  0.0174,  0.4297, -0.0460, -0.0911
  0.0001,  0.0373, -0.0061,  0.9380, -0.0067,  0.2347, -0.0160,  0.0160,  0.0238,  0.4274, -0.0175, -0.0335
 -0.0001,  0.0374, -0.0058,  0.9423, -0.0069,  0.2344, -0.0118,  0.0097,  0.0299,  0.4271,  0.0111,  0.0240
 -0.0002,  0.0375, -0.0055,  0.9466, -0.0068,  0.2347, -0.0070,  0.0046,  0.0360,  0.4289,  0.0399,  0.0823
 -0.0003,  0.0376, -0.0052,  0.9509, -0.0064,  0.2355, -0.0018,  0.0020,  0.0428,  0.4327,  0.0692,  0.1420
 -0.0003,  0.0376, -0.0048,  0.9552, -0.0057,  0.2369,  0.0033,  0.0033,  0.0507,  0.4387,  0.0992,  0.2041
 -0.0003,  0.0376, -0.0042,  0.9596, -0.0047,  0.2389,  0.0081,  0.0103,  0.0608,  0.4471,  0.1303,  0.2693
 -0.0002,  0.0377, -0.0036,  0.9641, -0.0034,  0.2416,  0.0116,  0.0243,  0.0735,  0.4583,  0.1627,  0.3383
 -0.0001,  0.0380, -0.0029,  0.9687, -0.0018,  0.2450,  0.0106,  0.0395,  0.0832,  0.4735,  0.1970,  0.4113
  0.0000,  0.0384, -0.0021,  0.9734,  0.0002,  0.2491, -0.0065,  0.0054, -0.0269,  0.4974,  0.2336,  0.4844
 -0.0000,  0.0384, -0.0023,  0.9784,  0.0025,  0.2540, -0.0024,  0.0411,  0.1217,  0.4926,  0.2326,  0.3955
 -0.0001,  0.0388, -0.0011,  0.9833,  0.0049,  0.2579, -0.0040,  0.0309,  0.1250,  0.4928,  0.2323,  0.2989
 -0.0001,  0.0391,  0.0001,  0.9882,  0.0072,  0.2609, -0.0077,  0.0110,  0.1180,  0.4943,  0.2322,  0.2003
 -0.0002,  0.0392,  0.0013,  0.9932,  0.0095,  0.2629, -0.0122, -0.0117,  0.1091,  0.4961,  0.2323,  0.1012
 -0.0003,  0.0391,  0.0024,  0.9981,  0.0118,  0.2639, -0.0173, -0.0354,  0.0994,  0.4982,  0.2325,  0.0020
 -0.0005,  0.0388,  0.0034,  1.0031,  0.0142,  0.2640, -0.0229, -0.0597,  0.0890,  0.5004,  0.2328, -0.0972
 -0.0007,  0.0382,  0.0043,  1.0081,  0.0165,  0.2630, -0.0285, -0.0838,  0.0783,  0.5027,  0.2331, -0.1962
 -0.0010,  0.0373,  0.0051,  1.0131,  0.0188,  0.2610, -0.0329, -0.1047,  0.0691,  0.5046,  0.2336, -0.2945
 -0.0013,  0.0363,  0.0058,  1.0182,  0.0212,  0.2581, -0.0325, -0.1057,  0.0685,  0.5041,  0.2340, -0.3904
 -0.0016,  0.0352,  0.0064,  1.0232,  0.0235,  0.2542,  0.0028,  0.0248, -0.0254,  0.4922,  0.2337, -0.4769
 -0.0016,  0.0355,  0.0062,  1.0281,  0.0258,  0.2494,  0.0085,  0.0338,  0.0264,  0.4734,  0.1988, -0.4048
 -0.0015,  0.0358,  0.0064,  1.0329,  0.0278,  0.2453,  0.0145,  0.0395,  0.0169,  0.4597,  0.1660, -0.3359
 -0.0014,  0.0362,  0.0066,  1.0375,  0.0295,  0.2420,  0.0179,  0.0392,  0.0072,  0.4488,  0.1347, -0.2710
 -0.0012,  0.0366,  0.0067,  1.0420,  0.0308,  0.2393,  0.0195,  0.0349, -0.0018,  0.4403,  0.1046, -0.2091
 -0.0010,  0.0370,  0.0067,  1.0464,  0.0319,  0.2372,  0.0193,  0.0286, -0.0099,  0.4341,  0.0752, -0.1494
 -0.0008,  0.0372,  0.0066,  1.0507,  0.0326,  0.2357,  0.0175,  0.0217, -0.0172,  0.4299,  0.0464, -0.0912
 -0.0006,  0.0375,  0.0064,  1.0550,  0.0331,  0.2348,  0.0143,  0.0149, -0.0237,  0.4277,  0.0179, -0.0337
 -0.0005,  0.0376,  0.0062,  1.0593,  0.0333,  0.2344,  0.0101,  0.0085, -0.0297,  0.4273, -0.0106,  0.0238
 -0.0004,  0.0377,  0.0059,  1.0635,  0.0332,  0.2347,  0.0053,  0.0033, -0.0359,  0.4290, -0.0395,  0.0819
 -0.0003,  0.0377,  0.0055,  1.0678,  0.0328,  0.2355,  0.0002,  0.0005, -0.0426,  0.4328, -0.0688,  0.1417
 -0.0003,  0.0377,  0.0051,  1.0722,  0.0321,  0.2369, -0.0049,  0.0018, -0.0506,  0.4387, -0.0988,  0.2037
 -0.0004,  0.0377,  0.0046,  1.0766,  0.0311,  0.2390, -0.0095,  0.0088, -0.0607,  0.4471, -0.1299,  0.2689
 -0.0005,  0.0378,  0.0040,  1.0810,  0.0298,  0.2416, -0.0128,  0.0229, -0.0734,  0.4582, -0.1623,  0.3379
 -0.0006,  0.0381,  0.0032,  1.0856,  0.0282,  0.2450, -0.0114,  0.0384, -0.0831,  0.4733, -0.1965,  0.4109
 -0.0007,  0.0384,  0.0024,  1.0903,  0.0262,  0.2491,  0.0061,  0.0052,  0.0270,  0.4971, -0.2331,  0.4841
 -0.0007,  0.0385,  0.0027,  1.0953,  0.0239,  0.2540,  0.0020,  0.0409, -0.1214,  0.4923, -0.2322,  0.3950
 -0.0006,  0.0389,  0.0015,  1.1002,  0.0216,  0.2579,  0.0036,  0.0306, -0.1247,  0.4926, -0.2318,  0.2984
 -0.0006,  0.0392,  0.0002,  1.1052,  0.0192,  0.2609,  0.0073,  0.0106, -0.1177,  0.4940, -0.2318,  0.1998
 -0.0005,  0.0393, -0.0010,  1.1101,  0.0169,  0.2629,  0.0119, -0.0120, -0.1088,  0.4959, -0.2318,  0.1007
 -0.0004,  0.0392, -0.0021,  1.1151,  0.0146,  0.2639,  0.0170, -0.0358, -0.0992,  0.4980, -0.2320,  0.0015
 -0.0002,  0.0388, -0.0030,  1.1200,  0.0123,  0.2639,  0.0226, -0.0601, -0.0889,  0.5002, -0.2323, -0.0977
 -0.0000,  0.0382, -0.0039,  1.1250,  0.0100,  0.2630,  0.0283, -0.0841, -0.0782,  0.5025, -0.2327, -0.1967
  0.0003,  0.0374, -0.0047,  1.1301,  0.0076,  0.2610,  0.0328, -0.1050, -0.0690,  0.5044, -0.2332, -0.2950
  0.0006,  0.0363, -0.0054,  1.1351,  0.0053,  0.2580,  0.0324, -0.1059, -0.0685,  0.5038, -0.2336, -0.3909
  0.0009,  0.0353, -0.0061,  1.1401,  0.0030,  0.2541, -0.0030,  0.0244,  0.0261,  0.4919, -0.2332, -0.4773
  0.0009,  0.0355, -0.0058,  1.1451,  0.0006,  0.2494, -0.0087,  0.0331, -0.0264,  0.4732, -0.1984, -0.4052
  0.0008,  0.0359, -0.0061,  1.1498, -0.0013,  0.2453, -0.0149,  0.0388, -0.0168,  0.4595, -0.1656, -0.3362
  0.0007,  0.0363, -0.0063,  1.1544, -0.0030,  0.2419, -0.0184,  0.0386, -0.0072,  0.4486, -0.1343, -0.2712
  0.0005,  0.0366, -0.0063,  1.1589, -0.0043,  0.2392, -0.0201,  0.0344,  0.0019,  0.4402, -0.1041, -0.2092
  0.0003,  0.0370, -0.0063,  1.1633, -0.0054,  0.2371, -0.0200,  0.0282,  0.0100,  0.4340, -0.0748, -0.1494
  0.0001,  0.0373, -0.0062,  1.1676, -0.0061,  0.2356, -0.0183,  0.0214,  0.0172,  0.4298, -0.0460, -0.0911
 -0.0001,  0.0375, -0.0060,  1.1719, -0.0066,  0.2347, -0.0152,  0.0148,  0.0237,  0.4276, -0.0175, -0.0335
 -0.0003,  0.0376, -0.0058,  1.1762, -0.0068,  0.2344, -0.0111,  0.0085,  0.0298,  0.4273,  0.0110,  0.0240
 -0.0004,  0.0377, -0.0055,  1.1805, -0.0067,  0.2346, -0.0063,  0.0034,  0.0359,  0.4290,  0.0399,  0.0823
 -0.0004,  0.0377, -0.0051,  1.1848, -0.0063,  0.2355, -0.0012,  0.0008,  0.0426,  0.4328,  0.0692,  0.1420
 -0.0005,  0.0378, -0.0047,  1.1891, -0.0056,  0.2369,  0.0040,  0.0021,  0.0506,  0.4388,  0.0992,  0.2041
 -0.0004,  0.0378, -0.0042,  1.1935, -0.0046,  0.2389,  0.0087,  0.0092,  0.0607,  0.4472,  0.1303,  0.2693
 -0.0003,  0.0379, -0.0036,  1.1979, -0.0033,  0.2416,  0.0121,  0.0234,  0.0733,  0.4583,  0.1627,  0.3383
 -0.0002,  0.0381, -0.0029,  1.2025, -0.0016,  0.2450,  0.0109,  0.0388,  0.0831,  0.4735,  0.1970,  0.4113
 -0.0001,  0.0385, -0.0020,  1.2073,  0.0003,  0.2491, -0.0064,  0.0053, -0.0269,  0.4973,  0.2336,  0.4844
 -0.0002,  0.0385, -0.0023,  1.2122,  0.0027,  0.2540, -0.0023,  0.0409,  0.1216,  0.4925,  0.2326,  0.3955
 -0.0002,  0.0390, -0.0011,  1.2172,  0.0050,  0.2579, -0.0039,  0.0307,  0.1249,  0.4928,  0.2323,  0.2989
 -0.0002,  0.0393,  0.0002,  1.2221,  0.0073,  0.2609, -0.0075,  0.0107,  0.1179,  0.4942,  0.2322,  0.2003
 -0.0003,  0.0394,  0.0013,  1.2270,  0.0096,  0.2629, -0.0120, -0.0119,  0.1090,  0.4961,  0.2323,  0.1013
 -0.0004,  0.0392,  0.0024,  1.2320,  0.0120,  0.2639, -0.0171, -0.0357,  0.0993,  0.4982,  0.2325,  0.0020
 -0.0006,  0.0389,  0.0034,  1.2370,  0.0143,  0.2639, -0.0227, -0.0600,  0.0889,  0.5004,  0.2327, -0.0972
 -0.0008,  0.0383,  0.0043,  1.2420,  0.0166,  0.2630, -0.0283, -0.0841,  0.0782,  0.5027,  0.2331, -0.1962
 -0.0011,  0.0374,  0.0051,  1.2470,  0.0189,  0.2610, -0.0327, -0.1049,  0.0690,  0.5046,  0.2336, -0.2945
 -0.0014,  0.0364,  0.0058,  1.2520,  0.0213,  0.2581, -0.0323, -0.1059,  0.0684,  0.5040,  0.2340, -0.3903
 -0.0018,  0.0353,  0.0065,  1.2571,  0.0236,  0.2542,  0.0030,  0.0246, -0.0255,  0.4921,  0.2337, -0.4768
 -0.0017,  0.0356,  0.0062,  1.2620,  0.0259,  0.2494,  0.0087,  0.0335,  0.0264,  0.4734,  0.1988, -0.4048
 -0.0016,  0.0359,  0.0065,  1.2667,  0.0279,  0.2453,  0.0148,  0.0391,  0.0168,  0.4597,  0.1660, -0.3359
 -0.0015,  0.0363,  0.0066,  1.2713,  0.0296,  0.2420,  0.0182,  0.0388,  0.0072,  0.4488,  0.1347, -0.2710
 -0.0013,  0.0367,  0.0067,  1.2758,  0.0309,  0.2393,  0.0198,  0.0344, -0.0018,  0.4403,  0.1046, -0.2091
 -0.0011,  0.0370,  0.0067,  1.2802,  0.0320,  0.2372,  0.0196,  0.0281, -0.0100,  0.4341,  0.0752, -0.1494
 -0.0009,  0.0373,  0.0066,  1.2846,  0.0327,  0.2357,  0.0178,  0.0212, -0.0172,  0.4299,  0.0464, -0.0912
 -0.0007,  0.0375,  0.0064,  1.2889,  0.0332,  0.2348,  0.0146,  0.0144, -0.0237,  0.4277,  0.0179, -0.0337
 -0.0006,  0.0377,  0.0062,  1.2931,  0.0334,  0.2344,  0.0104,  0.0079, -0.0298,  0.4273, -0.0106,  0.0238
 -0.0005,  0.0378,  0.0059,  1.2974,  0.0333,  0.2347,  0.0056,  0.0027, -0.0359,  0.4290, -0.0395,  0.0819
 -0.0004,  0.0378,  0.0055,  1.3017,  0.0329,  0.2355,  0.0005, -0.0000, -0.0427,  0.4327, -0.0688,  0.1417
 -0.0004,  0.0378,  0.0051,  1.3060,  0.0322,  0.2369, -0.0046,  0.0012, -0.0507,  0.4387, -0.0988,  0.2037
 -0.0005,  0.0378,  0.0046,  1.3104,  0.0312,  0.2389, -0.0093,  0.0083, -0.0607,  0.4471, -0.1299,  0.2689
 -0.0006,  0.0379,  0.0040,  1.3149,  0.0299,  0.2416, -0.0126,  0.0225, -0.0734,  0.4582, -0.1623,  0.3379
 -0.0007,  0.0381,  0.0032,  1.3195,  0.0283,  0.2450, -0.0113,  0.0381, -0.0831,  0.4733, -0.1965,  0.4109
 -0.0008,  0.0385,  0.0024,  1.3242,  0.0263,  0.2491,  0.0061,  0.0051,  0.0270,  0.4971, -0.2331,  0.4841
 -0.0007,  0.0385,  0.0027,  1.3292,  0.0240,  0.2540,  0.0020,  0.0407, -0.1214,  0.4923, -0.2322,  0.3950
 -0.0007,  0.0389,  0.0015,  1.3341,  0.0217,  0.2579,  0.0037,  0.0305, -0.1247,  0.4926, -0.2318,  0.2984
 -0.0007,  0.0393,  0.0002,  1.3390,  0.0194,  0.2609,  0.0074,  0.0105, -0.1178,  0.4940, -0.2318,  0.1998
 -0.0006,  0.0394, -0.0010,  1.3440,  0.0170,  0.2629,  0.0119, -0.0122, -0.1089,  0.4959, -0.2318,  0.1007
 -0.0005,  0.0392, -0.0020,  1.3489,  0.0147,  0.2639,  0.0171, -0.0359, -0.0992,  0.4980, -0.2320,  0.0015
 -0.0003,  0.0389, -0.0030,  1.3539,  0.0124,  0.2639,  0.0227, -0.0602, -0.0889,  0.5002, -0.2323, -0.0977
 -0.0001,  0.0383, -0.0039,  1.3589,  0.0101,  0.2629,  0.0283, -0.0843, -0.0782,  0.5025, -0.2327, -0.1967
  0.0002,  0.0374, -0.0047,  1.3639,  0.0077,  0.2610,  0.0328, -0.1051, -0.0691,  0.5044, -0.2332, -0.2950
  0.0005,  0.0364, -0.0054,  1.3690,  0.0054,  0.2580,  0.0324, -0.1060, -0.0685,  0.5038, -0.2336, -0.3909
  0.0008,  0.0353, -0.0061,  1.3740,  0.0031,  0.2541, -0.0030,  0.0244,  0.0262,  0.4919, -0.2332, -0.4773
  0.0008,  0.0356, -0.0058,  1.3789,  0.0007,  0.2493, -0.0086,  0.0330, -0.0265,  0.4732, -0.1984, -0.4052
  0.0007,  0.0359, -0.0061,  1.3837, -0.0012,  0.2453, -0.0147,  0.0386, -0.0169,  0.4595, -0.1656, -0.3362
  0.0006,  0.0363, -0.0062,  1.3883, -0.0029,  0.2419, -0.0182,  0.0383, -0.0072,  0.4486, -0.1343, -0.2712
  0.0004,  0.0367, -0.0063,  1.3928, -0.0042,  0.2392, -0.0199,  0.0341,  0.0018,  0.4402, -0.1041, -0.2092
  0.0002,  0.0370, -0.0063,  1.3972, -0.0053,  0.2371, -0.0198,  0.0279,  0.0099,  0.4340, -0.0748, -0.1494
  0.0000,  0.0373, -0.0062,  1.4015, -0.0060,  0.2356, -0.0181,  0.0211,  0.0172,  0.4298, -0.0460, -0.0911
 -0.0002,  0.0375, -0.0060,  1.4058, -0.0065,  0.2347, -0.0149,  0.0144,  0.0237,  0.4276, -0.0175, -0.0335
 -0.0003,  0.0376, -0.0058,  1.4101, -0.0067,  0.2344, -0.0108,  0.0081,  0.0297,  0.4273,  0.0110,  0.0240
 -0.0004,  0.0377, -0.0055,  1.4143, -0.0066,  0.2346, -0.0060,  0.0030,  0.0359,  0.4290,  0.0399,  0.0822
 -0.0005,  0.0377, -0.0051,  1.4186, -0.0062,  0.2354, -0.0009,  0.0004,  0.0426,  0.4328,  0.0692,  0.1420
 -0.0005,  0.0378, -0.0047,  1.4230, -0.0055,  0.2369,  0.0042,  0.0018,  0.0506,  0.4388,  0.0992,  0.2041
 -0.0005,  0.0378, -0.0042,  1.4273, -0.0045,  0.2389,  0.0089,  0.0089,  0.0606,  0.4472,  0.1303,  0.2693
 -0.0004,  0.0379, -0.0036,  1.4318, -0.0032,  0.2416,  0.0123,  0.0231,  0.0733,  0.4583,  0.1627,  0.3383
 -0.0002,  0.0381, -0.0029,  1.4364, -0.0015,  0.2450,  0.0110,  0.0386,  0.0831,  0.4735,  0.1969,  0.4113
 -0.0001,  0.0385, -0.0020,  1.4411,  0.0004,  0.2491, -0.0063,  0.0052, -0.0269,  0.4973,  0.2336,  0.4844
 -0.0002,  0.0385, -0.0023,  1.4461,  0.0028,  0.2539, -0.0022,  0.0408,  0.1216,  0.4925,  0.2326,  0.3955
 -0.0002,  0.0389, -0.0011,  1.4510,  0.0051,  0.2579, -0.0038,  0.0306,  0.1249,  0.4928,  0.2323,  0.2989
 -0.0003,  0.0392,  0.0002,  1.4560,  0.0074,  0.2609, -0.0074,  0.0106,  0.1179,  0.4942,  0.2322,  0.2003
 -0.0003,  0.0393,  0.0013,  1.4609,  0.0097,  0.2629, -0.0119, -0.0120,  0.1089,  0.4961,  0.2323,  0.1013
 -0.0005,  0.0392,  0.0024,  1.4659,  0.0121,  0.2639, -0.0170, -0.0358,  0.0992,  0.4982,  0.2325,  0.0020
 -0.0006,  0.0389,  0.0034,  1.4708,  0.0144,  0.2639, -0.0226, -0.0601,  0.0889,  0.5004,  0.2327, -0.0972
 -0.0009,  0.0383,  0.0043,  1.4758,  0.0167,  0.2629, -0.0282, -0.0841,  0.0782,  0.5027,  0.2331, -0.1962
 -0.0011,  0.0374,  0.0051,  1.4809,  0.0190,  0.2610, -0.0327, -0.1050,  0.0690,  0.5046,  0.2336, -0.2945
 -0.0015,  0.0364,  0.0058,  1.4859,  0.0214,  0.2580, -0.0322, -0.1059,  0.0683,  0.5040,  0.2340, -0.3903
 -0.0018,  0.0353,  0.0065,  1.4910,  0.0237,  0.2541,  0.0031,  0.0245, -0.0255,  0.4921,  0.2337, -0.4769
 -0.0018,  0.0356,  0.0062,  1.4959,  0.0261,  0.2494,  0.0088,  0.0334,  0.0263,  0.4734,  0.1988, -0.4048
 -0.0017,  0.0359,  0.0065,  1.5006,  0.0280,  0.2453,  0.0149,  0.0390,  0.0168,  0.4597,  0.1660, -0.3359
 -0.0015,  0.0363,  0.0066,  1.5052,  0.0297,  0.2420,  0.0183,  0.0386,  0.0072,  0.4488,  0.1347, -0.2710
 -0.0013,  0.0367,  0.0067,  1.5097,  0.0311,  0.2392,  0.0199,  0.0343, -0.0018,  0.4404,  0.1046, -0.2091
 -0.0011,  0.0370,  0.0067,  1.5141,  0.0321,  0.2372,  0.0197,  0.0279, -0.0100,  0.4341,  0.0752, -0.1494
 -0.0009,  0.0373,  0.0066,  1.5184,  0.0328,  0.2357,  0.0180,  0.0210, -0.0172,  0.4300,  0.0464, -0.0912
 -0.0008,  0.0375,  0.0064,  1.5227,  0.0333,  0.2347,  0.0148,  0.0142, -0.0237,  0.4277,  0.0179, -0.0337
 -0.0006,  0.0376,  0.0062,  1.5270,  0.0335,  0.2344,  0.0106,  0.0077, -0.0298,  0.4274, -0.0106,  0.0237
 -0.0005,  0.0377,  0.0059,  1.5313,  0.0334,  0.2346,  0.0057,  0.0025, -0.0359,  0.4291, -0.0395,  0.0819
 -0.0004,  0.0377,  0.0055,  1.5356,  0.0330,  0.2355,  0.0006, -0.0002, -0.0427,  0.4328, -0.0688,  0.1417
 -0.0004,  0.0377,  0.0051,  1.5399,  0.0323,  0.2369, -0.0045,  0.0010, -0.0507,  0.4388, -0.0988,  0.2037
 -0.0005,  0.0378,  0.0046,  1.5443,  0.0313,  0.2389, -0.0092,  0.0081, -0.0608,  0.4472, -0.1298,  0.2689
 -0.0006,  0.0378,  0.0040,  1.5488,  0.0300,  0.2416, -0.0126,  0.0223, -0.0734,  0.4583, -0.1623,  0.3379
 -0.0007,  0.0381,  0.0033,  1.5534,  0.0284,  0.2450, -0.0112,  0.0379, -0.0831,  0.4735, -0.1965,  0.4109
 -0.0008,  0.0384,  0.0024,  1.5581,  0.0264,  0.2491,  0.0061,  0.0051,  0.0270,  0.4973, -0.2331,  0.4841
 -0.0008,  0.0385,  0.0027,  1.5631,  0.0241,  0.2539,  0.0020,  0.0407, -0.1214,  0.4925, -0.2322,  0.3951
 -0.0007,  0.0389,  0.0015,  1.5680,  0.0218,  0.2579,  0.0037,  0.0305, -0.1248,  0.4927, -0.2318,  0.2984
 -0.0007,  0.0392,  0.0002,  1.5729,  0.0195,  0.2609,  0.0073,  0.0105, -0.1178,  0.4942, -0.2318,  0.1999
 -0.0006,  0.0393, -0.0009,  1.5779,  0.0171,  0.2629,  0.0119, -0.0122, -0.1089,  0.4960, -0.2318,  0.1008
 -0.0005,  0.0392, -0.0020,  1.5828,  0.0148,  0.2639,  0.0170, -0.0359, -0.0992,  0.4981, -0.2320,  0.0016
 -0.0003,  0.0388, -0.0030,  1.5878,  0.0125,  0.2639,  0.0226, -0.0602, -0.0889,  0.5003, -0.2323, -0.0976
 -0.0001,  0.0382, -0.0039,  1.5928,  0.0102,  0.2629,  0.0283, -0.0843, -0.0783,  0.5026, -0.2327, -0.1966
  0.0002,  0.0374, -0.0047,  1.5978,  0.0079,  0.2610,  0.0328, -0.1052, -0.0691,  0.5045, -0.2332, -0.2950
  0.0005,  0.0363, -0.0054,  1.6029,  0.0055,  0.2580,  0.0324, -0.1061, -0.0686,  0.5040, -0.2336, -0.3908
  0.0008,  0.0353, -0.0061,  1.6079,  0.0032,  0.2541, -0.0030,  0.0244,  0.0262,  0.4921, -0.2332, -0.4773
  0.0008,  0.0355, -0.0058,  1.6128,  0.0009,  0.2493, -0.0086,  0.0329, -0.0265,  0.4733, -0.1984, -0.4052
  0.0007,  0.0358, -0.0061,  1.6176, -0.0011,  0.2453, -0.0147,  0.0385, -0.0169,  0.4596, -0.1656, -0.3361
  0.0006,  0.0362, -0.0063,  1.6222, -0.0028,  0.2419, -0.0182,  0.0382, -0.0072,  0.4488, -0.1343, -0.2712
  0.0004,  0.0366, -0.0063,  1.6267, -0.0041,  0.2392, -0.0198,  0.0339,  0.0018,  0.4404, -0.1042, -0.2092
  0.0002,  0.0369, -0.0063,  1.6311, -0.0052,  0.2371, -0.0196,  0.0277,  0.0099,  0.4342, -0.0748, -0.1494
 -0.0000,  0.0372, -0.0062,  1.6354, -0.0059,  0.2356, -0.0179,  0.0208,  0.0172,  0.4300, -0.0461, -0.0911
 -0.0002,  0.0374, -0.0060,  1.6397, -0.0064,  0.2347, -0.0148,  0.0141,  0.0236,  0.4278, -0.0175, -0.0335
 -0.0003,  0.0376, -0.0058,  1.6440, -0.0066,  0.2344, -0.0106,  0.0077,  0.0297,  0.4275,  0.0110,  0.0240
 -0.0004,  0.0376, -0.0055,  1.6483, -0.0064,  0.2346, -0.0058,  0.0027,  0.0359,  0.4292,  0.0398,  0.0822
 -0.0005,  0.0377, -0.0051,  1.6525, -0.0060,  0.2354, -0.0007,  0.0000,  0.0426,  0.4330,  0.0692,  0.1420
 -0.0005,  0.0377, -0.0047,  1.6569, -0.0054,  0.2369,  0.0044,  0.0014,  0.0505,  0.4390,  0.0992,  0.2041
 -0.0005,  0.0377, -0.0042,  1.6613, -0.0044,  0.2389,  0.0091,  0.0085,  0.0606,  0.4474,  0.1303,  0.2693
 -0.0004,  0.0378, -0.0036,  1.6657, -0.0031,  0.2416,  0.0125,  0.0228,  0.0733,  0.4585,  0.1627,  0.3383
 -0.0002,  0.0380, -0.0029,  1.6703, -0.0014,  0.2450,  0.0112,  0.0384,  0.0831,  0.4736,  0.1969,  0.4113
 -0.0001,  0.0384, -0.0020,  1.6751,  0.0005,  0.2491, -0.0062,  0.0052, -0.0269,  0.4975,  0.2336,  0.4845
 -0.0002,  0.0384, -0.0023,  1.6800,  0.0029,  0.2539, -0.0020,  0.0408,  0.1216,  0.4927,  0.2326,  0.3956
 -0.0002,  0.0388, -0.0011,  1.6850,  0.0052,  0.2579, -0.0036,  0.0306,  0.1249,  0.4929,  0.2323,  0.2989
 -0.0003,  0.0391,  0.0002,  1.6899,  0.0075,  0.2609, -0.0073,  0.0106,  0.1179,  0.4944,  0.2322,  0.2004
 -0.0003,  0.0393,  0.0013,  1.6948,  0.0098,  0.2629, -0.0118, -0.0120,  0.1089,  0.4962,  0.2323,  0.1013
 -0.0004,  0.0391,  0.0024,  1.6998,  0.0122,  0.2639, -0.0169, -0.0358,  0.0992,  0.4983,  0.2325,  0.0021
 -0.0006,  0.0388,  0.0034,  1.7048,  0.0145,  0.2639, -0.0225, -0.0601,  0.0889,  0.5005,  0.2327, -0.0971
 -0.0008,  0.0382,  0.0043,  1.7098,  0.0168,  0.2629, -0.0280, -0.0842,  0.0782,  0.5028,  0.2331, -0.1961
 -0.0011,  0.0373,  0.0051,  1.7148,  0.0191,  0.2610, -0.0325, -0.1051,  0.0690,  0.5047,  0.2336, -0.2944
 -0.0014,  0.0363,  0.0058,  1.7199,  0.0215,  0.2580, -0.0321, -0.1060,  0.0684,  0.5042,  0.2340, -0.3903
 -0.0018,  0.0352,  0.0065,  1.7249,  0.0238,  0.2541,  0.0032,  0.0245, -0.0256,  0.4923,  0.2337, -0.4768
 -0.0017,  0.0355,  0.0062,  1.7298,  0.0262,  0.2494,  0.0090,  0.0333,  0.0263,  0.4736,  0.1988, -0.4048
 -0.0016,  0.0358,  0.0065,  1.7346,  0.0281,  0.2453,  0.0150,  0.0388,  0.0168,  0.4598,  0.1660, -0.3358
 -0.0015,  0.0362,  0.0066,  1.7392,  0.0298,  0.2420,  0.0185,  0.0384,  0.0072,  0.4489,  0.1347, -0.2710
 -0.0013,  0.0366,  0.0067,  1.7436,  0.0312,  0.2392,  0.0201,  0.0340, -0.0018,  0.4405,  0.1046, -0.2091
 -0.0011,  0.0369,  0.0067,  1.7481,  0.0322,  0.2372,  0.0199,  0.0276, -0.0099,  0.4343,  0.0752, -0.1494
 -0.0009,  0.0372,  0.0066,  1.7524,  0.0330,  0.2357,  0.0181,  0.0206, -0.0172,  0.4301,  0.0465, -0.0912
 -0.0007,  0.0374,  0.0064,  1.7567,  0.0334,  0.2347,  0.0149,  0.0138, -0.0237,  0.4279,  0.0179, -0.0337
 -0.0006,  0.0375,  0.0062,  1.7610,  0.0336,  0.2344,  0.0107,  0.0073, -0.0298,  0.4275, -0.0106,  0.0237
 -0.0005,  0.0376,  0.0059,  1.7653,  0.0335,  0.2347,  0.0059,  0.0021, -0.0360,  0.4292, -0.0394,  0.0819
 -0.0004,  0.0376,  0.0055,  1.7695,  0.0331,  0.2355,  0.0007, -0.0006, -0.0427,  0.4330, -0.0688,  0.1417
 -0.0004,  0.0376,  0.0051,  1.7739,  0.0324,  0.2369, -0.0044,  0.0006, -0.0507,  0.4389, -0.0988,  0.2037
 -0.0004,  0.0376,  0.0046,  1.7783,  0.0314,  0.2389, -0.0091,  0.0077, -0.0608,  0.4473, -0.1298,  0.2689
 -0.0005,  0.0377,  0.0040,  1.7827,  0.0301,  0.2416, -0.0125,  0.0219, -0.0734,  0.4584, -0.1622,  0.3379
 -0.0007,  0.0379,  0.0032,  1.7873,  0.0285,  0.2450, -0.0112,  0.0377, -0.0831,  0.4735, -0.1965,  0.4109
 -0.0008,  0.0383,  0.0024,  1.7921,  0.0265,  0.2491,  0.0061,  0.0050,  0.0270,  0.4973, -0.2331,  0.4842
 -0.0007,  0.0383,  0.0027,  1.7970,  0.0242,  0.2539,  0.0020,  0.0406, -0.1215,  0.4925, -0.2321,  0.3951
 -0.0007,  0.0388,  0.0015,  1.8020,  0.0219,  0.2579,  0.0037,  0.0303, -0.1248,  0.4927, -0.2318,  0.2985
 -0.0007,  0.0391,  0.0002,  1.8069,  0.0196,  0.2609,  0.0074,  0.0103, -0.1178,  0.4942, -0.2318,  0.1999
 -0.0006,  0.0392, -0.0010,  1.8118,  0.0172,  0.2629,  0.0119, -0.0123, -0.1089,  0.4960, -0.2318,  0.1008
 -0.0005,  0.0390, -0.0020,  1.8168,  0.0149,  0.2639,  0.0171, -0.0361, -0.0992,  0.4981, -0.2320,  0.0016
 -0.0003,  0.0387, -0.0030,  1.8218,  0.0126,  0.2639,  0.0227, -0.0604, -0.0890,  0.5003, -0.2323, -0.0976
 -0.0001,  0.0381, -0.0039,  1.8268,  0.0103,  0.2629,  0.0283, -0.0845, -0.0783,  0.5026, -0.2327, -0.1966
  0.0002,  0.0372, -0.0047,  1.8318,  0.0080,  0.2610,  0.0328, -0.1053, -0.0691,  0.5045, -0.2332, -0.2949
  0.0005,  0.0362, -0.0054,  1.8368,  0.0056,  0.2580,  0.0324, -0.1062, -0.0686,  0.5040, -0.2336, -0.3908
  0.0009,  0.0351, -0.0061,  1.8419,  0.0033,  0.2541, -0.0030,  0.0243,  0.0262,  0.4920, -0.2332, -0.4773
  0.0008,  0.0354, -0.0058,  1.8468,  0.0010,  0.2493, -0.0085,  0.0325, -0.0265,  0.4733, -0.1984, -0.4051
  0.0008,  0.0357, -0.0061,  1.8515, -0.0010,  0.2453, -0.0145,  0.0379, -0.0169,  0.4596, -0.1656, -0.3361
  0.0006,  0.0361, -0.0063,  1.8561, -0.0027,  0.2419, -0.0180,  0.0376, -0.0073,  0.4487, -0.1343, -0.2711
  0.0004,  0.0364, -0.0063,  1.8606, -0.0040,  0.2392, -0.0195,  0.0333,  0.0018,  0.4403, -0.1041, -0.2091
  0.0002,  0.0368, -0.0063,  1.8650, -0.0051,  0.2371, -0.0194,  0.0270,  0.0099,  0.4341, -0.0748, -0.1494
  0.0000,  0.0370, -0.0062,  1.8694, -0.0058,  0.2356, -0.0176,  0.0202,  0.0171,  0.4299, -0.0460, -0.0910
 -0.0001,  0.0372, -0.0060,  1.8737, -0.0063,  0.2347, -0.0145,  0.0135,  0.0236,  0.4277, -0.0175, -0.0335
 -0.0003,  0.0374, -0.0058,  1.8779, -0.0064,  0.2344, -0.0103,  0.0071,  0.0297,  0.4274,  0.0110,  0.0240
 -0.0004,  0.0374, -0.0055,  1.8822, -0.0063,  0.2346, -0.0056,  0.0021,  0.0358,  0.4291,  0.0399,  0.0823
 -0.0004,  0.0375, -0.0051,  1.8865, -0.0059,  0.2354, -0.0005, -0.0005,  0.0426,  0.4329,  0.0692,  0.1420
 -0.0004,  0.0375, -0.0047,  1.8908, -0.0052,  0.2369,  0.0046,  0.0008,  0.0505,  0.4388,  0.0992,  0.2041
 -0.0004,  0.0375, -0.0042,  1.8952, -0.0043,  0.2389,  0.0093,  0.0080,  0.0606,  0.4472,  0.1303,  0.2693
 -0.0003,  0.0376, -0.0036,  1.8997, -0.0030,  0.2416,  0.0126,  0.0223,  0.0733,  0.4583,  0.1627,  0.3383
 -0.0002,  0.0378, -0.0029,  1.9043, -0.0013,  0.2450,  0.0113,  0.0380,  0.0831,  0.4734,  0.1969,  0.4114
 -0.0001,  0.0382, -0.0021,  1.9090,  0.0006,  0.2491, -0.0061,  0.0050, -0.0269,  0.4972,  0.2336,  0.4845
 -0.0001,  0.0382, -0.0023,  1.9140,  0.0030,  0.2539, -0.0020,  0.0404,  0.1216,  0.4924,  0.2326,  0.3956
 -0.0002,  0.0386, -0.0011,  1.9189,  0.0053,  0.2579, -0.0036,  0.0302,  0.1248,  0.4927,  0.2323,  0.2990
 -0.0002,  0.0389,  0.0001,  1.9238,  0.0076,  0.2609, -0.0073,  0.0102,  0.1178,  0.4941,  0.2322,  0.2004
 -0.0003,  0.0390,  0.0013,  1.9288,  0.0099,  0.2629, -0.0118, -0.0125,  0.1089,  0.4960,  0.2323,  0.1014
 -0.0004,  0.0389,  0.0024,  1.9337,  0.0123,  0.2639, -0.0169, -0.0362,  0.0992,  0.4981,  0.2324,  0.0021
 -0.0005,  0.0385,  0.0034,  1.9387,  0.0146,  0.2639, -0.0224, -0.0605,  0.0888,  0.5003,  0.2327, -0.0971
 -0.0008,  0.0379,  0.0043,  1.9437,  0.0169,  0.2629, -0.0280, -0.0846,  0.0781,  0.5026,  0.2331, -0.1961
 -0.0011,  0.0371,  0.0051,  1.9487,  0.0193,  0.2610, -0.0325, -0.1055,  0.0689,  0.5044,  0.2336, -0.2944
 -0.0014,  0.0360,  0.0058,  1.9538,  0.0216,  0.2580, -0.0320, -0.1064,  0.0683,  0.5039,  0.2340, -0.3902
 -0.0017,  0.0350,  0.0064,  1.9588,  0.0239,  0.2541,  0.0032,  0.0243, -0.0255,  0.4920,  0.2337, -0.4768
 -0.0017,  0.0352,  0.0062,  1.9637,  0.0263,  0.2494,  0.0090,  0.0324,  0.0263,  0.4733,  0.1988, -0.4047
 -0.0016,  0.0355,  0.0065,  1.9685,  0.0283,  0.2453,  0.0151,  0.0376,  0.0168,  0.4596,  0.1660, -0.3358
 -0.0014,  0.0359,  0.0066,  1.9731,  0.0299,  0.2420,  0.0186,  0.0370,  0.0071,  0.4487,  0.1347, -0.2709
 -0.0012,  0.0363,  0.0067,  1.9776,  0.0313,  0.2393,  0.0202,  0.0325, -0.0019,  0.4403,  0.1046, -0.2090
 -0.0010,  0.0366,  0.0067,  1.9820,  0.0323,  0.2372,  0.0200,  0.0261, -0.0100,  0.4341,  0.0752, -0.1493
 -0.0008,  0.0369,  0.0066,  1.9863,  0.0331,  0.2357,  0.0183,  0.0191, -0.0173,  0.4299,  0.0464, -0.0911
 -0.0007,  0.0370,  0.0064,  1.9906,  0.0335,  0.2348,  0.0151,  0.0123, -0.0238,  0.4276,  0.0179, -0.0336
 -0.0005,  0.0372,  0.0062,  1.9949,  0.0337,  0.2344,  0.0109,  0.0058, -0.0299,  0.4273, -0.0106,  0.0239
 -0.0004,  0.0372,  0.0059,  1.9992,  0.0336,  0.2347,  0.0060,  0.0006, -0.0360,  0.4290, -0.0394,  0.0821
 -0.0003,  0.0372,  0.0055,  2.0034,  0.0332,  0.2355,  0.0008, -0.0021, -0.0428,  0.4328, -0.0688,  0.1418
 -0.0003,  0.0372,  0.0051,  2.0078,  0.0325,  0.2369, -0.0043, -0.0008, -0.0508,  0.4387, -0.0988,  0.2038
 -0.0004,  0.0372,  0.0046,  2.0122,  0.0315,  0.2389, -0.0090,  0.0063, -0.0609,  0.4471, -0.1298,  0.2690
 -0.0005,  0.0373,  0.0040,  2.0166,  0.0302,  0.2416, -0.0124,  0.0207, -0.0736,  0.4582, -0.1622,  0.3380
 -0.0006,  0.0375,  0.0032,  2.0212,  0.0286,  0.2450, -0.0111,  0.0367, -0.0832,  0.4733, -0.1965,  0.4110
 -0.0007,  0.0378,  0.0024,  2.0259,  0.0266,  0.2491,  0.0062,  0.0046,  0.0270,  0.4971, -0.2331,  0.4843
 -0.0006,  0.0379,  0.0027,  2.0309,  0.0243,  0.2540,  0.0021,  0.0399, -0.1215,  0.4923, -0.2321,  0.3952
 -0.0006,  0.0383,  0.0014,  2.0358,  0.0220,  0.2579,  0.0038,  0.0297, -0.1248,  0.4926, -0.2318,  0.2986
 -0.0006,  0.0386,  0.0002,  2.0408,  0.0197,  0.2609,  0.0075,  0.0096, -0.1178,  0.4940, -0.2317,  0.2000
 -0.0005,  0.0387, -0.0010,  2.0457,  0.0174,  0.2629,  0.0120, -0.0130, -0.1089,  0.4958, -0.2318,  0.1009
 -0.0004,  0.0385, -0.0021,  2.0507,  0.0150,  0.2639,  0.0172, -0.0368, -0.0993,  0.4979, -0.2320,  0.0017
 -0.0002,  0.0382, -0.0031,  2.0556,  0.0127,  0.2639,  0.0228, -0.0611, -0.0890,  0.5001, -0.2323, -0.0975
  0.0000,  0.0376, -0.0040,  2.0606,  0.0104,  0.2630,  0.0284, -0.0852, -0.0783,  0.5024, -0.2327, -0.1965
  0.0003,  0.0367, -0.0047,  2.0657,  0.0081,  0.2610,  0.0329, -0.1060, -0.0691,  0.5043, -0.2331, -0.2948
  0.0006,  0.0357, -0.0054,  2.0707,  0.0057,  0.2580,  0.0325, -0.1069, -0.0685,  0.5038, -0.2335, -0.3907
  0.0010,  0.0346, -0.0061,  2.0757,  0.0034,  0.2541, -0.0029,  0.0238,  0.0260,  0.4918, -0.2332, -0.4771
  0.0009,  0.0348, -0.0059,  2.0807,  0.0011,  0.2494, -0.0082,  0.0307, -0.0267,  0.4731, -0.1983, -0.4050
  0.0008,  0.0351, -0.0061,  2.0854, -0.0009,  0.2453, -0.0141,  0.0354, -0.0171,  0.4595, -0.1655, -0.3359
  0.0007,  0.0355, -0.0063,  2.0900, -0.0026,  0.2420, -0.0175,  0.0346, -0.0074,  0.4486, -0.1343, -0.2709
  0.0005,  0.0358, -0.0064,  2.0945, -0.0039,  0.2393, -0.0190,  0.0301,  0.0016,  0.4402, -0.1041, -0.2089
  0.0003,  0.0361, -0.0063,  2.0989, -0.0050,  0.2372, -0.0189,  0.0237,  0.0097,  0.4340, -0.0748, -0.1491
  0.0002,  0.0364, -0.0062,  2.1032, -0.0057,  0.2357, -0.0171,  0.0168,  0.0170,  0.4298, -0.0460, -0.0908
 -0.0000,  0.0365, -0.0061,  2.1075, -0.0062,  0.2348, -0.0140,  0.0101,  0.0235,  0.4276, -0.0175, -0.0332
 -0.0002,  0.0366, -0.0058,  2.1118, -0.0063,  0.2344, -0.0098,  0.0037,  0.0296,  0.4273,  0.0110,  0.0243
 -0.0003,  0.0367, -0.0055,  2.1161, -0.0062,  0.2347, -0.0051, -0.0013,  0.0357,  0.4290,  0.0398,  0.0825
 -0.0003,  0.0367, -0.0052,  2.1204, -0.0058,  0.2355, -0.0000, -0.0038,  0.0424,  0.4327,  0.0691,  0.1423
 -0.0003,  0.0366, -0.0048,  2.1247, -0.0051,  0.2369,  0.0050, -0.0023,  0.0504,  0.4387,  0.0992,  0.2044
 -0.0003,  0.0366, -0.0043,  2.1291, -0.0041,  0.2390,  0.0096,  0.0051,  0.0605,  0.4471,  0.1302,  0.2696
 -0.0002,  0.0367, -0.0037,  2.1335, -0.0028,  0.2417,  0.0129,  0.0197,  0.0732,  0.4582,  0.1626,  0.3386
 -0.0000,  0.0369, -0.0029,  2.1381, -0.0012,  0.2451,  0.0114,  0.0360,  0.0830,  0.4733,  0.1969,  0.4117
  0.0001,  0.0372, -0.0021,  2.1429,  0.0008,  0.2492, -0.0061,  0.0041, -0.0269,  0.4971,  0.2335,  0.4849
  0.0000,  0.0373, -0.0024,  2.1478,  0.0031,  0.2540, -0.0020,  0.0391,  0.1213,  0.4924,  0.2326,  0.3959
  0.0000,  0.0376, -0.0012,  2.1527,  0.0054,  0.2580, -0.0036,  0.0288,  0.1246,  0.4926,  0.2323,  0.2993
 -0.0000,  0.0379,  0.0001,  2.1577,  0.0077,  0.2610, -0.0072,  0.0089,  0.1176,  0.4940,  0.2322,  0.2008
 -0.0001,  0.0380,  0.0013,  2.1626,  0.0101,  0.2630, -0.0117, -0.0137,  0.1087,  0.4959,  0.2322,  0.1017
 -0.0002,  0.0379,  0.0024,  2.1676,  0.0124,  0.2640, -0.0168, -0.0375,  0.0989,  0.4980,  0.2324,  0.0025
 -0.0004,  0.0375,  0.0033,  2.1726,  0.0147,  0.2640, -0.0224, -0.0618,  0.0886,  0.5002,  0.2327, -0.0967
 -0.0006,  0.0369,  0.0042,  2.1776,  0.0170,  0.2631, -0.0280, -0.0858,  0.0779,  0.5025,  0.2331, -0.1958
 -0.0009,  0.0360,  0.0050,  2.1826,  0.0194,  0.2611, -0.0324, -0.1067,  0.0687,  0.5044,  0.2336, -0.2941
 -0.0012,  0.0350,  0.0057,  2.1876,  0.0217,  0.2582, -0.0320, -0.1075,  0.0680,  0.5038,  0.2340, -0.3899
 -0.0015,  0.0339,  0.0064,  2.1927,  0.0240,  0.2543,  0.0033,  0.0233, -0.0254,  0.4919,  0.2336, -0.4764
 -0.0015,  0.0341,  0.0061,  2.1976,  0.0264,  0.2495,  0.0089,  0.0286,  0.0260,  0.4732,  0.1988, -0.4043
 -0.0014,  0.0344,  0.0064,  2.2023,  0.0284,  0.2454,  0.0150,  0.0323,  0.0164,  0.4595,  0.1659, -0.3353
 -0.0013,  0.0347,  0.0065,  2.2069,  0.0300,  0.2421,  0.0185,  0.0309,  0.0067,  0.4486,  0.1346, -0.2704
 -0.0011,  0.0350,  0.0066,  2.2114,  0.0314,  0.2394,  0.0202,  0.0259, -0.0023,  0.4402,  0.1045, -0.2085
 -0.0009,  0.0353,  0.0066,  2.2158,  0.0324,  0.2373,  0.0201,  0.0193, -0.0104,  0.4340,  0.0752, -0.1487
 -0.0007,  0.0355,  0.0065,  2.2201,  0.0332,  0.2358,  0.0184,  0.0121, -0.0177,  0.4298,  0.0464, -0.0905
 -0.0005,  0.0356,  0.0063,  2.2244,  0.0336,  0.2349,  0.0153,  0.0052, -0.0242,  0.4275,  0.0178, -0.0330
 -0.0003,  0.0357,  0.0061,  2.2287,  0.0338,  0.2346,  0.0111, -0.0012, -0.0303,  0.4271, -0.0107,  0.0245
 -0.0002,  0.0357,  0.0058,  2.2330,  0.0337,  0.2348,  0.0063, -0.0063, -0.0365,  0.4288, -0.0395,  0.0827
 -0.0002,  0.0356,  0.0054,  2.2373,  0.0333,  0.2357,  0.0012, -0.0088, -0.0433,  0.4325, -0.0688,  0.1424
 -0.0002,  0.0355,  0.0050,  2.2416,  0.0326,  0.2371, -0.0039, -0.0073, -0.0513,  0.4385, -0.0989,  0.2045
 -0.0002,  0.0354,  0.0045,  2.2460,  0.0316,  0.2391, -0.0086,  0.0003, -0.0614,  0.4468, -0.1299,  0.2697
 -0.0003,  0.0354,  0.0038,  2.2504,  0.0303,  0.2418, -0.0120,  0.0153, -0.0741,  0.4579, -0.1623,  0.3387
 -0.0004,  0.0356,  0.0031,  2.2550,  0.0287,  0.2452, -0.0107,  0.0324, -0.0838,  0.4729, -0.1966,  0.4118
 -0.0005,  0.0359,  0.0023,  2.2598,  0.0267,  0.2493,  0.0068,  0.0026,  0.0269,  0.4966, -0.2332,  0.4852
 -0.0004,  0.0359,  0.0025,  2.2647,  0.0244,  0.2542,  0.0026,  0.0371, -0.1218,  0.4919, -0.2323,  0.3961
 -0.0004,  0.0363,  0.0013,  2.2696,  0.0221,  0.2581,  0.0042,  0.0268, -0.1251,  0.4921, -0.2320,  0.2994
 -0.0004,  0.0366,  0.0001,  2.2746,  0.0198,  0.2611,  0.0079,  0.0068, -0.1182,  0.4936, -0.2319,  0.2009
 -0.0003,  0.0366, -0.0011,  2.2795,  0.0174,  0.2631,  0.0125, -0.0157, -0.1093,  0.4954, -0.2319,  0.1018
 -0.0002,  0.0365, -0.0022,  2.2844,  0.0151,  0.2642,  0.0176, -0.0394, -0.0996,  0.4975, -0.2321,  0.0026
  0.0000,  0.0361, -0.0032,  2.2894,  0.0128,  0.2642,  0.0232, -0.0637, -0.0893,  0.4997, -0.2324, -0.0966
  0.0002,  0.0355, -0.0041,  2.2944,  0.0105,  0.2632,  0.0289, -0.0877, -0.0786,  0.5020, -0.2328, -0.1956
  0.0005,  0.0346, -0.0049,  2.2994,  0.0082,  0.2613,  0.0334, -0.1084, -0.0694,  0.5038, -0.2333, -0.2940
  0.0009,  0.0335, -0.0056,  2.3045,  0.0058,  0.2583,  0.0330, -0.1091, -0.0688,  0.5033, -0.2337, -0.3898
  0.0012,  0.0324, -0.0063,  2.3095,  0.0035,  0.2544, -0.0025,  0.0220,  0.0254,  0.4914, -0.2333, -0.4762
  0.0012,  0.0326, -0.0060,  2.3144,  0.0011,  0.2497, -0.0070,  0.0227, -0.0275,  0.4727, -0.1985, -0.4040
  0.0011,  0.0329, -0.0063,  2.3192, -0.0008,  0.2456, -0.0125,  0.0243, -0.0178,  0.4590, -0.1656, -0.3347
  0.0010,  0.0331, -0.0065,  2.3237, -0.0025,  0.2423, -0.0157,  0.0217, -0.0081,  0.4480, -0.1343, -0.2696
  0.0008,  0.0333, -0.0065,  2.3282, -0.0038,  0.2396, -0.0171,  0.0161,  0.0010,  0.4396, -0.1042, -0.2075
  0.0006,  0.0335, -0.0065,  2.3326, -0.0049,  0.2375, -0.0168,  0.0092,  0.0091,  0.4333, -0.0749, -0.1476
  0.0005,  0.0336, -0.0064,  2.3370, -0.0056,  0.2360, -0.0151,  0.0020,  0.0164,  0.4290, -0.0461, -0.0892
  0.0003,  0.0336, -0.0063,  2.3412, -0.0061,  0.2351, -0.0121, -0.0047,  0.0228,  0.4266, -0.0176, -0.0316
  0.0002,  0.0335, -0.0061,  2.3455, -0.0063,  0.2348, -0.0081, -0.0109,  0.0289,  0.4262,  0.0110,  0.0260
  0.0001,  0.0334, -0.0058,  2.3498, -0.0062,  0.2351, -0.0035, -0.0157,  0.0351,  0.4277,  0.0397,  0.0843
  0.0001,  0.0333, -0.0054,  2.3540, -0.0058,  0.2359,  0.0013, -0.0178,  0.0418,  0.4313,  0.0690,  0.1441
  0.0001,  0.0331, -0.0050,  2.3584, -0.0051,  0.2374,  0.0061, -0.0156,  0.0498,  0.4372,  0.0990,  0.2062
  0.0002,  0.0329, -0.0045,  2.3627, -0.0041,  0.2394,  0.0105, -0.0074,  0.0599,  0.4454,  0.1301,  0.2715
  0.0003,  0.0329, -0.0039,  2.3672, -0.0028,  0.2421,  0.0134,  0.0087,  0.0726,  0.4563,  0.1625,  0.3406
  0.0004,  0.0330, -0.0032,  2.3717, -0.0011,  0.2456,  0.0116,  0.0273,  0.0822,  0.4712,  0.1967,  0.4139
  0.0005,  0.0332, -0.0024,  2.3765,  0.0008,  0.2497, -0.0067,  0.0002, -0.0272,  0.4947,  0.2334,  0.4875
  0.0005,  0.0332, -0.0026,  2.3814,  0.0032,  0.2546, -0.0025,  0.0327,  0.1204,  0.4900,  0.2324,  0.3980
  0.0004,  0.0336, -0.0014,  2.3863,  0.0055,  0.2585, -0.0039,  0.0223,  0.1238,  0.4902,  0.2321,  0.3013
  0.0004,  0.0338, -0.0002,  2.3912,  0.0078,  0.2616, -0.0075,  0.0024,  0.1168,  0.4916,  0.2320,  0.2027
  0.0003,  0.0338,  0.0010,  2.3961,  0.0101,  0.2636, -0.0120, -0.0200,  0.1079,  0.4935,  0.2321,  0.1037
  0.0002,  0.0336,  0.0021,  2.4011,  0.0124,  0.2646, -0.0171, -0.0436,  0.0982,  0.4956,  0.2322,  0.0044
  0.0000,  0.0332,  0.0030,  2.4060,  0.0148,  0.2647, -0.0227, -0.0677,  0.0879,  0.4978,  0.2325, -0.0948
 -0.0002,  0.0325,  0.0039,  2.4110,  0.0171,  0.2637, -0.0283, -0.0916,  0.0771,  0.5001,  0.2329, -0.1938
 -0.0005,  0.0316,  0.0047,  2.4160,  0.0194,  0.2618, -0.0329, -0.1123,  0.0679,  0.5019,  0.2334, -0.2921
 -0.0008,  0.0304,  0.0054,  2.4210,  0.0217,  0.2589, -0.0325, -0.1127,  0.0673,  0.5014,  0.2338, -0.3880
 -0.0011,  0.0293,  0.0060,  2.4260,  0.0241,  0.2550,  0.0033,  0.0193, -0.0248,  0.4895,  0.2334, -0.4741
 -0.0011,  0.0295,  0.0058,  2.4309,  0.0264,  0.2502,  0.0077,  0.0123,  0.0246,  0.4705,  0.1982, -0.4018
 -0.0010,  0.0296,  0.0060,  2.4356,  0.0284,  0.2462,  0.0136,  0.0098,  0.0139,  0.4563,  0.1650, -0.3324
 -0.0009,  0.0297,  0.0062,  2.4402,  0.0301,  0.2429,  0.0171,  0.0050,  0.0039,  0.4448,  0.1334, -0.2670
 -0.0007,  0.0298,  0.0062,  2.4446,  0.0314,  0.2402,  0.0189, -0.0017, -0.0053,  0.4358,  0.1029, -0.2048
 -0.0005,  0.0298,  0.0062,  2.4490,  0.0324,  0.2382,  0.0190, -0.0093, -0.0135,  0.4289,  0.0733, -0.1447
 -0.0003,  0.0297,  0.0060,  2.4533,  0.0331,  0.2367,  0.0175, -0.0167, -0.0208,  0.4240,  0.0442, -0.0863
 -0.0002,  0.0295,  0.0058,  2.4575,  0.0336,  0.2359,  0.0147, -0.0234, -0.0273,  0.4210,  0.0154, -0.0286
 -0.0000,  0.0293,  0.0056,  2.4617,  0.0337,  0.2356,  0.0109, -0.0295, -0.0334,  0.4199, -0.0135,  0.0289
  0.0001,  0.0290,  0.0052,  2.4659,  0.0336,  0.2359,  0.0065, -0.0338, -0.0396,  0.4207, -0.0426,  0.0872
  0.0002,  0.0286,  0.0048,  2.4701,  0.0332,  0.2367,  0.0017, -0.0354, -0.0464,  0.4235, -0.0722,  0.1469
  0.0002,  0.0283,  0.0044,  2.4744,  0.0325,  0.2382, -0.0031, -0.0325, -0.0544,  0.4285, -0.1026,  0.2089
  0.0001,  0.0280,  0.0038,  2.4787,  0.0314,  0.2403, -0.0075, -0.0230, -0.0645,  0.4358, -0.1340,  0.2740
  0.0001,  0.0277,  0.0032,  2.4830,  0.0301,  0.2430, -0.0105, -0.0053, -0.0771,  0.4457, -0.1668,  0.3430
 -0.0000,  0.0277,  0.0024,  2.4875,  0.0284,  0.2465, -0.0088,  0.0161, -0.0863,  0.4595, -0.2014,  0.4161
 -0.0001,  0.0278,  0.0015,  2.4921,  0.0264,  0.2506,  0.0100, -0.0057,  0.0281,  0.4818, -0.2385,  0.4896
 -0.0000,  0.0278,  0.0018,  2.4969,  0.0240,  0.2555,  0.0057,  0.0245, -0.1270,  0.4770, -0.2376,  0.3993
  0.0000,  0.0280,  0.0005,  2.5017,  0.0217,  0.2595,  0.0070,  0.0139, -0.1309,  0.4773, -0.2373,  0.3024
  0.0001,  0.0282, -0.0008,  2.5064,  0.0193,  0.2625,  0.0106, -0.0057, -0.1241,  0.4786, -0.2372,  0.2038
  0.0002,  0.0281, -0.0020,  2.5112,  0.0169,  0.2646,  0.0152, -0.0278, -0.1153,  0.4805, -0.2373,  0.1047
  0.0004,  0.0278, -0.0032,  2.5160,  0.0145,  0.2656,  0.0205, -0.0510, -0.1058,  0.4825, -0.2374,  0.0054
  0.0006,  0.0273, -0.0042,  2.5208,  0.0122,  0.2657,  0.0263, -0.0748, -0.0956,  0.4847, -0.2377, -0.0938
  0.0008,  0.0266, -0.0052,  2.5257,  0.0098,  0.2647,  0.0322, -0.0984, -0.0850,  0.4870, -0.2381, -0.1929
  0.0011,  0.0256, -0.0060,  2.5306,  0.0074,  0.2628,  0.0370, -0.1188, -0.0760,  0.4888, -0.2385, -0.2913
  0.0015,  0.0244, -0.0068,  2.5354,  0.0050,  0.2599,  0.0368, -0.1188, -0.0758,  0.4882, -0.2389, -0.3872
  0.0019,  0.0232, -0.0075,  2.5403,  0.0026,  0.2560, -0.0001,  0.0138,  0.0194,  0.4766, -0.2386, -0.4721
  0.0019,  0.0234, -0.0073,  2.5451,  0.0002,  0.2513,  0.0006, -0.0064, -0.0390,  0.4554, -0.2028, -0.4011
  0.0019,  0.0233, -0.0077,  2.5497, -0.0018,  0.2473, -0.0034, -0.0152, -0.0255,  0.4390, -0.1690, -0.3323
  0.0019,  0.0231, -0.0080,  2.5540, -0.0035,  0.2440, -0.0058, -0.0229, -0.0146,  0.4251, -0.1369, -0.2677
  0.0018,  0.0229, -0.0081,  2.5583, -0.0048,  0.2413, -0.0068, -0.0306, -0.0054,  0.4135, -0.1061, -0.2065
  0.0017,  0.0226, -0.0082,  2.5624, -0.0059,  0.2392, -0.0064, -0.0379,  0.0026,  0.4040, -0.0762, -0.1478
  0.0017,  0.0222, -0.0082,  2.5665, -0.0067,  0.2378, -0.0046, -0.0444,  0.0095,  0.3962, -0.0470, -0.0911
  0.0016,  0.0218, -0.0081,  2.5704, -0.0071,  0.2368, -0.0018, -0.0497,  0.0155,  0.3902, -0.0181, -0.0356
  0.0016,  0.0213, -0.0079,  2.5743, -0.0073,  0.2365,  0.0018, -0.0540,  0.0209,  0.3858,  0.0108,  0.0194
  0.0016,  0.0207, -0.0077,  2.5782, -0.0072,  0.2367,  0.0057, -0.0564,  0.0263,  0.3832,  0.0398,  0.0745
  0.0017,  0.0202, -0.0074,  2.5820, -0.0068,  0.2374,  0.0097, -0.0559,  0.0321,  0.3823,  0.0693,  0.1307
  0.0018,  0.0196, -0.0071,  2.5858, -0.0061,  0.2387,  0.0136, -0.0508,  0.0390,  0.3833,  0.0995,  0.1886
  0.0019,  0.0191, -0.0067,  2.5897, -0.0051,  0.2406,  0.0168, -0.0393,  0.0478,  0.3862,  0.1306,  0.2489
  0.0021,  0.0187, -0.0063,  2.5935, -0.0038,  0.2431,  0.0186, -0.0197,  0.0591,  0.3913,  0.1629,  0.3122
  0.0023,  0.0185, -0.0057,  2.5975, -0.0022,  0.2462,  0.0147,  0.0030,  0.0677,  0.3998,  0.1970,  0.3787
  0.0024,  0.0185, -0.0050,  2.6015, -0.0002,  0.2500, -0.0109, -0.0195, -0.0277,  0.4170,  0.2338,  0.4445
  0.0023,  0.0184, -0.0053,  2.6056,  0.0021,  0.2545,  0.0008,  0.0241,  0.1022,  0.4101,  0.2325,  0.3509
  0.0023,  0.0186, -0.0042,  2.6097,  0.0044,  0.2580,  0.0007,  0.0170,  0.1016,  0.4098,  0.2320,  0.2538
  0.0023,  0.0188, -0.0032,  2.6138,  0.0068,  0.2605, -0.0029,  0.0008,  0.0918,  0.4109,  0.2319,  0.1554
  0.0023,  0.0188, -0.0023,  2.6179,  0.0091,  0.2621, -0.0081, -0.0172,  0.0798,  0.4124,  0.2320,  0.0567
  0.0022,  0.0186, -0.0015,  2.6221,  0.0114,  0.2626, -0.0142, -0.0354,  0.0668,  0.4141,  0.2321, -0.0422
  0.0021,  0.0182, -0.0008,  2.6262,  0.0137,  0.2622, -0.0210, -0.0531,  0.0528,  0.4160,  0.2325, -0.1410
  0.0019,  0.0177, -0.0003,  2.6304,  0.0160,  0.2608, -0.0283, -0.0699,  0.0383,  0.4179,  0.2329, -0.2396
  0.0016,  0.0170,  0.0001,  2.6345,  0.0184,  0.2584, -0.0347, -0.0836,  0.0259,  0.4194,  0.2334, -0.3376
  0.0012,  0.0162,  0.0003,  2.6387,  0.0207,  0.2550, -0.0353, -0.0827,  0.0269,  0.4191,  0.2338, -0.4335
  0.0009,  0.0154,  0.0006,  2.6429,  0.0230,  0.2507,  0.0066,  0.0101, -0.0171,  0.4105,  0.2335, -0.5174
  0.0009,  0.0155,  0.0004,  2.6470,  0.0254,  0.2455,  0.0040,  0.0335, -0.0072,  0.3769,  0.1973, -0.4786
  0.0010,  0.0158,  0.0004,  2.6508,  0.0274,  0.2407,  0.0116,  0.0308, -0.0239,  0.3504,  0.1633, -0.4442
  0.0011,  0.0161,  0.0001,  2.6543,  0.0290,  0.2363,  0.0174,  0.0257, -0.0311,  0.3267,  0.1311, -0.4163
  0.0013,  0.0164, -0.0002,  2.6576,  0.0303,  0.2321,  0.0208,  0.0211, -0.0352,  0.3051,  0.1005, -0.3942
  0.0015,  0.0166, -0.0005,  2.6606,  0.0313,  0.2282,  0.0221,  0.0167, -0.0374,  0.2854,  0.0708, -0.3774
  0.0017,  0.0167, -0.0009,  2.6635,  0.0320,  0.2244,  0.0220,  0.0125, -0.0381,  0.2674,  0.0420, -0.3654
  0.0019,  0.0169, -0.0013,  2.6661,  0.0324,  0.2208,  0.0210,  0.0092, -0.0380,  0.2509,  0.0137, -0.3578
  0.0021,  0.0169, -0.0017,  2.6687,  0.0326,  0.2172,  0.0196,  0.0075, -0.0374,  0.2357, -0.0142, -0.3542
  0.0023,  0.0170, -0.0021,  2.6710,  0.0324,  0.2136,  0.0177,  0.0081, -0.0366,  0.2218, -0.0419, -0.3543
  0.0025,  0.0171, -0.0024,  2.6732,  0.0320,  0.2101,  0.0154,  0.0117, -0.0358,  0.2090, -0.0693, -0.3577
  0.0027,  0.0172, -0.0028,  2.6753,  0.0313,  0.2065,  0.0125,  0.0189, -0.0353,  0.1972, -0.0966, -0.3644
  0.0028,  0.0174, -0.0031,  2.6773,  0.0303,  0.2029,  0.0089,  0.0308, -0.0351,  0.1863, -0.1239, -0.3744
  0.0029,  0.0177, -0.0035,  2.6792,  0.0291,  0.1991,  0.0052,  0.0476, -0.0347,  0.1764, -0.1513, -0.3875
  0.0029,  0.0182, -0.0038,  2.6809,  0.0276,  0.1953,  0.0047,  0.0648, -0.0288,  0.1682, -0.1788, -0.4042
