  0.2018,  0.1150,  0.0000,  0.2018, -0.1150,  0.0000, -0.1782,  0.1150,  0.0000, -0.1782, -0.1150,  0.0000
  0.2018,  0.1150,  0.0000,  0.2018, -0.1150,  0.0000, -0.1782,  0.1150,  0.0000, -0.1782, -0.1150,  0.0000
  0.2018,  0.1150,  0.0000,  0.2019, -0.1150, -0.0000, -0.1782,  0.1150,  0.0000, -0.1781, -0.1150, -0.0000
  0.2020,  0.1150,  0.0000,  0.2023, -0.1150, -0.0001, -0.1780,  0.1150,  0.0000, -0.1777, -0.1150, -0.0001
  0.2027,  0.1150,  0.0000,  0.2032, -0.1150, -0.0001, -0.1773,  0.1151,  0.0000, -0.1768, -0.1149, -0.0001
  0.2040,  0.1151,  0.0000,  0.2047, -0.1149, -0.0002, -0.1760,  0.1151,  0.0001, -0.1753, -0.1149, -0.0002
  0.2061,  0.1151,  0.0001,  0.2069, -0.1149, -0.0002, -0.1739,  0.1152,  0.0001, -0.1731, -0.1148, -0.0002
  0.2091,  0.1152,  0.0002,  0.2099, -0.1148, -0.0002, -0.1709,  0.1152,  0.0002, -0.1701, -0.1148, -0.0002
  0.2103,  0.1129,  0.0042,  0.2135, -0.1148, -0.0002, -0.1692,  0.1127,  0.0045, -0.1665, -0.1147, -0.0002
  0.2109,  0.1100,  0.0092,  0.2175, -0.1147, -0.0003, -0.1680,  0.1096,  0.0099, -0.1625, -0.1147, -0.0003
  0.2109,  0.1071,  0.0150,  0.2219, -0.1147, -0.0003, -0.1673,  0.1065,  0.0159, -0.1581, -0.1147, -0.0003
  0.2105,  0.1042,  0.0212,  0.2265, -0.1147, -0.0003, -0.1671,  0.1035,  0.0225, -0.1535, -0.1146, -0.0003
  0.2098,  0.1015,  0.0277,  0.2315, -0.1146, -0.0003, -0.1673,  0.1006,  0.0293, -0.1485, -0.1146, -0.0003
  0.2088,  0.0988,  0.0341,  0.2367, -0.1146, -0.0003, -0.1676,  0.0979,  0.0360, -0.1433, -0.1146, -0.0004
  0.2078,  0.0963,  0.0401,  0.2421, -0.1146, -0.0004, -0.1681,  0.0953,  0.0424, -0.1379, -0.1145, -0.0004
  0.2067,  0.0939,  0.0454,  0.2478, -0.1145, -0.0004, -0.1686,  0.0929,  0.0481, -0.1322, -0.1145, -0.0004
  0.2058,  0.0916,  0.0498,  0.2536, -0.1145, -0.0004, -0.1690,  0.0906,  0.0528, -0.1264, -0.1144, -0.0004
  0.2050,  0.0894,  0.0528,  0.2597, -0.1144, -0.0004, -0.1692,  0.0885,  0.0562, -0.1203, -0.1144, -0.0004
  0.2046,  0.0874,  0.0543,  0.2660, -0.1144, -0.0004, -0.1691,  0.0866,  0.0580, -0.1140, -0.1143, -0.0004
  0.2047,  0.0856,  0.0539,  0.2725, -0.1143, -0.0004, -0.1685,  0.0850,  0.0580, -0.1075, -0.1143, -0.0004
  0.2054,  0.0842,  0.0520,  0.2792, -0.1143, -0.0004, -0.1672,  0.0838,  0.0565, -0.1009, -0.1143, -0.0004
  0.2076,  0.0838,  0.0489,  0.2861, -0.1143, -0.0004, -0.1646,  0.0836,  0.0539, -0.0939, -0.1143, -0.0004
  0.2116,  0.0860,  0.0521,  0.2938, -0.1144, -0.0002, -0.1605,  0.0863,  0.0572, -0.0863, -0.1144, -0.0003
  0.2174,  0.0859,  0.0459,  0.2981, -0.1106,  0.0041, -0.1551,  0.0865,  0.0510, -0.0810, -0.1108,  0.0045
  0.2233,  0.0855,  0.0392,  0.3015, -0.1064,  0.0090, -0.1496,  0.0863,  0.0441, -0.0766, -0.1067,  0.0098
  0.2298,  0.0851,  0.0321,  0.3038, -0.1023,  0.0143, -0.1437,  0.0860,  0.0368, -0.0733, -0.1028,  0.0155
  0.2370,  0.0846,  0.0250,  0.3051, -0.0984,  0.0197, -0.1371,  0.0855,  0.0294, -0.0709, -0.0989,  0.0214
  0.2449,  0.0840,  0.0182,  0.3056, -0.0947,  0.0253, -0.1298,  0.0849,  0.0223, -0.0695, -0.0952,  0.0273
  0.2537,  0.0833,  0.0119,  0.3054, -0.0912,  0.0310, -0.1217,  0.0841,  0.0157, -0.0688, -0.0917,  0.0332
  0.2634,  0.0824,  0.0064,  0.3046, -0.0880,  0.0367, -0.1128,  0.0832,  0.0098, -0.0689, -0.0883,  0.0391
  0.2738,  0.0813,  0.0019,  0.3033, -0.0851,  0.0422, -0.1031,  0.0820,  0.0049, -0.0695, -0.0850,  0.0448
  0.2837,  0.0801, -0.0019,  0.3013, -0.0823,  0.0475, -0.0938,  0.0809,  0.0006, -0.0709, -0.0820,  0.0501
  0.2911,  0.0803, -0.0020,  0.3043, -0.0798,  0.0427, -0.0863,  0.0811,  0.0006, -0.0677, -0.0797,  0.0454
  0.2984,  0.0804, -0.0020,  0.3014, -0.0773,  0.0455, -0.0790,  0.0812,  0.0005, -0.0704, -0.0773,  0.0483
  0.3056,  0.0804, -0.0021,  0.2982, -0.0749,  0.0481, -0.0718,  0.0812,  0.0004, -0.0733, -0.0751,  0.0510
  0.3129,  0.0804, -0.0022,  0.2949, -0.0726,  0.0503, -0.0645,  0.0812,  0.0003, -0.0762, -0.0731,  0.0535
  0.3203,  0.0804, -0.0023,  0.2916, -0.0704,  0.0521, -0.0571,  0.0812,  0.0002, -0.0792, -0.0711,  0.0555
  0.3278,  0.0804, -0.0024,  0.2884, -0.0683,  0.0533, -0.0496,  0.0812,  0.0001, -0.0821, -0.0693,  0.0569
  0.3355,  0.0804, -0.0025,  0.2854, -0.0664,  0.0538, -0.0419,  0.0812, -0.0000, -0.0848, -0.0676,  0.0575
  0.3434,  0.0804, -0.0026,  0.2827, -0.0645,  0.0534, -0.0340,  0.0812, -0.0001, -0.0872, -0.0661,  0.0573
  0.3514,  0.0804, -0.0027,  0.2803, -0.0628,  0.0522, -0.0260,  0.0812, -0.0002, -0.0893, -0.0646,  0.0564
  0.3597,  0.0804, -0.0028,  0.2784, -0.0611,  0.0503, -0.0177,  0.0812, -0.0003, -0.0910, -0.0632,  0.0547
  0.3683,  0.0804, -0.0028,  0.2769, -0.0596,  0.0478, -0.0091,  0.0812, -0.0003, -0.0922, -0.0619,  0.0523
  0.3771,  0.0804, -0.0029,  0.2761, -0.0582,  0.0447, -0.0003,  0.0812, -0.0004, -0.0927, -0.0608,  0.0495
  0.3862,  0.0805, -0.0029,  0.2762, -0.0570,  0.0412,  0.0088,  0.0813, -0.0004, -0.0925, -0.0598,  0.0463
  0.3957,  0.0806, -0.0030,  0.2772, -0.0561,  0.0375,  0.0183,  0.0814, -0.0005, -0.0912, -0.0592,  0.0428
  0.4056,  0.0807, -0.0030,  0.2801, -0.0557,  0.0336,  0.0282,  0.0815, -0.0005, -0.0881, -0.0591,  0.0392
  0.4163,  0.0809, -0.0030,  0.2856, -0.0569,  0.0376,  0.0389,  0.0817, -0.0005, -0.0825, -0.0610,  0.0434
  0.4228,  0.0806,  0.0013,  0.2916, -0.0567,  0.0327,  0.0461,  0.0814,  0.0040, -0.0768, -0.0612,  0.0386
  0.4281,  0.0800,  0.0060,  0.2979, -0.0564,  0.0277,  0.0523,  0.0808,  0.0090, -0.0708, -0.0610,  0.0336
  0.4325,  0.0795,  0.0111,  0.3051, -0.0560,  0.0227,  0.0575,  0.0801,  0.0144, -0.0642, -0.0606,  0.0285
  0.4361,  0.0790,  0.0164,  0.3133, -0.0555,  0.0178,  0.0618,  0.0794,  0.0199, -0.0566, -0.0601,  0.0235
  0.4388,  0.0786,  0.0218,  0.3225, -0.0549,  0.0130,  0.0653,  0.0786,  0.0255, -0.0481, -0.0593,  0.0186
  0.4409,  0.0782,  0.0272,  0.3328, -0.0542,  0.0086,  0.0680,  0.0779,  0.0310, -0.0384, -0.0584,  0.0140
  0.4423,  0.0780,  0.0326,  0.3444, -0.0533,  0.0045,  0.0700,  0.0771,  0.0364, -0.0276, -0.0573,  0.0096
  0.4431,  0.0779,  0.0378,  0.3568, -0.0521,  0.0008,  0.0714,  0.0763,  0.0416, -0.0159, -0.0559,  0.0057
  0.4432,  0.0776,  0.0425,  0.3687, -0.0507, -0.0029,  0.0720,  0.0756,  0.0463, -0.0043, -0.0545,  0.0017
  0.4478,  0.0759,  0.0383,  0.3792, -0.0507, -0.0029,  0.0768,  0.0741,  0.0423,  0.0061, -0.0545,  0.0017
  0.4461,  0.0751,  0.0407,  0.3891, -0.0506, -0.0030,  0.0753,  0.0733,  0.0448,  0.0160, -0.0545,  0.0016
  0.4439,  0.0743,  0.0430,  0.3985, -0.0506, -0.0031,  0.0734,  0.0726,  0.0473,  0.0255, -0.0544,  0.0015
  0.4412,  0.0736,  0.0451,  0.4077, -0.0505, -0.0032,  0.0710,  0.0720,  0.0496,  0.0346, -0.0544,  0.0014
  0.4383,  0.0730,  0.0467,  0.4166, -0.0504, -0.0033,  0.0683,  0.0716,  0.0515,  0.0435, -0.0543,  0.0013
  0.4352,  0.0725,  0.0479,  0.4253, -0.0504, -0.0034,  0.0655,  0.0714,  0.0528,  0.0523, -0.0542,  0.0012
  0.4321,  0.0720,  0.0483,  0.4340, -0.0503, -0.0035,  0.0626,  0.0712,  0.0535,  0.0610, -0.0542,  0.0010
  0.4290,  0.0717,  0.0481,  0.4426, -0.0502, -0.0037,  0.0597,  0.0712,  0.0535,  0.0696, -0.0541,  0.0009
  0.4259,  0.0714,  0.0470,  0.4512, -0.0502, -0.0039,  0.0569,  0.0712,  0.0527,  0.0782, -0.0541,  0.0007
  0.4231,  0.0713,  0.0454,  0.4597, -0.0502, -0.0040,  0.0543,  0.0714,  0.0513,  0.0868, -0.0541,  0.0005
  0.4205,  0.0712,  0.0432,  0.4683, -0.0502, -0.0042,  0.0519,  0.0717,  0.0494,  0.0954, -0.0541,  0.0004
  0.4184,  0.0713,  0.0404,  0.4770, -0.0502, -0.0043,  0.0499,  0.0721,  0.0469,  0.1040, -0.0541,  0.0002
  0.4168,  0.0716,  0.0374,  0.4858, -0.0502, -0.0045,  0.0485,  0.0727,  0.0441,  0.1128, -0.0542,  0.0001
  0.4160,  0.0722,  0.0340,  0.4947, -0.0503, -0.0046,  0.0480,  0.0735,  0.0411,  0.1217, -0.0542, -0.0001
  0.4172,  0.0730,  0.0306,  0.5039, -0.0504, -0.0047,  0.0492,  0.0747,  0.0381,  0.1309, -0.0543, -0.0002
  0.4222,  0.0749,  0.0348,  0.5139, -0.0505, -0.0048,  0.0543,  0.0771,  0.0424,  0.1409, -0.0544, -0.0003
  0.4264,  0.0754,  0.0305,  0.5187, -0.0506, -0.0007,  0.0582,  0.0780,  0.0381,  0.1463, -0.0545,  0.0043
  0.4307,  0.0757,  0.0260,  0.5226, -0.0506,  0.0037,  0.0620,  0.0787,  0.0335,  0.1508, -0.0544,  0.0093
  0.4358,  0.0760,  0.0214,  0.5257, -0.0505,  0.0085,  0.0664,  0.0792,  0.0287,  0.1546, -0.0542,  0.0146
  0.4418,  0.0761,  0.0169,  0.5282, -0.0504,  0.0136,  0.0719,  0.0796,  0.0239,  0.1578, -0.0540,  0.0201
  0.4490,  0.0761,  0.0124,  0.5301, -0.0505,  0.0188,  0.0784,  0.0797,  0.0192,  0.1603, -0.0537,  0.0258
  0.4574,  0.0760,  0.0083,  0.5317, -0.0506,  0.0241,  0.0861,  0.0796,  0.0147,  0.1624, -0.0534,  0.0314
  0.4670,  0.0757,  0.0044,  0.5328, -0.0509,  0.0293,  0.0949,  0.0794,  0.0105,  0.1640, -0.0532,  0.0369
  0.4776,  0.0753,  0.0009,  0.5335, -0.0512,  0.0344,  0.1049,  0.0789,  0.0066,  0.1651, -0.0529,  0.0423
  0.4880,  0.0745, -0.0025,  0.5339, -0.0514,  0.0393,  0.1148,  0.0783,  0.0027,  0.1657, -0.0526,  0.0472
  0.4980,  0.0745, -0.0027,  0.5382, -0.0496,  0.0351,  0.1248,  0.0784,  0.0025,  0.1702, -0.0510,  0.0432
  0.5075,  0.0746, -0.0029,  0.5377, -0.0490,  0.0380,  0.1343,  0.0784,  0.0023,  0.1698, -0.0502,  0.0461
  0.5166,  0.0746, -0.0031,  0.5367, -0.0483,  0.0408,  0.1434,  0.0784,  0.0021,  0.1690, -0.0495,  0.0489
  0.5254,  0.0746, -0.0033,  0.5355, -0.0477,  0.0433,  0.1522,  0.0784,  0.0018,  0.1678, -0.0490,  0.0515
  0.5340,  0.0746, -0.0035,  0.5340, -0.0472,  0.0454,  0.1608,  0.0784,  0.0016,  0.1665, -0.0487,  0.0536
  0.5425,  0.0746, -0.0037,  0.5324, -0.0468,  0.0468,  0.1694,  0.0784,  0.0014,  0.1650, -0.0484,  0.0551
  0.5510,  0.0745, -0.0040,  0.5307, -0.0465,  0.0475,  0.1778,  0.0784,  0.0011,  0.1634, -0.0482,  0.0559
  0.5594,  0.0745, -0.0042,  0.5291, -0.0463,  0.0474,  0.1862,  0.0784,  0.0009,  0.1619, -0.0482,  0.0559
  0.5677,  0.0745, -0.0044,  0.5276, -0.0461,  0.0464,  0.1946,  0.0784,  0.0007,  0.1604, -0.0482,  0.0551
  0.5762,  0.0745, -0.0046,  0.5263, -0.0461,  0.0448,  0.2030,  0.0784,  0.0004,  0.1592, -0.0482,  0.0536
  0.5846,  0.0746, -0.0049,  0.5253, -0.0461,  0.0426,  0.2115,  0.0784,  0.0002,  0.1582, -0.0484,  0.0515
  0.5932,  0.0746, -0.0051,  0.5246, -0.0463,  0.0399,  0.2200,  0.0785, -0.0000,  0.1576, -0.0488,  0.0489
  0.6019,  0.0747, -0.0053,  0.5245, -0.0466,  0.0368,  0.2287,  0.0785, -0.0002,  0.1575, -0.0493,  0.0460
  0.6107,  0.0747, -0.0055,  0.5251, -0.0471,  0.0334,  0.2375,  0.0786, -0.0004,  0.1582, -0.0500,  0.0427
  0.6198,  0.0749, -0.0057,  0.5273, -0.0479,  0.0299,  0.2466,  0.0787, -0.0006,  0.1605, -0.0510,  0.0395
  0.6296,  0.0750, -0.0058,  0.5325, -0.0497,  0.0340,  0.2563,  0.0789, -0.0007,  0.1656, -0.0532,  0.0437
  0.6343,  0.0753, -0.0018,  0.5376, -0.0500,  0.0297,  0.2617,  0.0790,  0.0039,  0.1704, -0.0539,  0.0392
  0.6382,  0.0754,  0.0027,  0.5430, -0.0503,  0.0252,  0.2663,  0.0789,  0.0090,  0.1752, -0.0544,  0.0344
  0.6413,  0.0754,  0.0075,  0.5491, -0.0504,  0.0207,  0.2702,  0.0788,  0.0144,  0.1806, -0.0548,  0.0296
  0.6438,  0.0754,  0.0126,  0.5561, -0.0504,  0.0162,  0.2734,  0.0785,  0.0201,  0.1869, -0.0549,  0.0247
  0.6458,  0.0755,  0.0178,  0.5639, -0.0504,  0.0119,  0.2760,  0.0783,  0.0258,  0.1940, -0.0549,  0.0200
  0.6473,  0.0756,  0.0231,  0.5728, -0.0502,  0.0079,  0.2781,  0.0780,  0.0316,  0.2021, -0.0547,  0.0154
  0.6484,  0.0758,  0.0284,  0.5827, -0.0498,  0.0042,  0.2797,  0.0777,  0.0372,  0.2111, -0.0544,  0.0112
  0.6491,  0.0761,  0.0335,  0.5933, -0.0493,  0.0009,  0.2809,  0.0774,  0.0427,  0.2211, -0.0538,  0.0072
  0.6494,  0.0762,  0.0383,  0.6036, -0.0485, -0.0024,  0.2815,  0.0770,  0.0478,  0.2308, -0.0531,  0.0034
  0.6537,  0.0745,  0.0342,  0.6135, -0.0485, -0.0026,  0.2860,  0.0754,  0.0438,  0.2407, -0.0532,  0.0031
  0.6532,  0.0739,  0.0372,  0.6229, -0.0485, -0.0029,  0.2855,  0.0747,  0.0467,  0.2501, -0.0532,  0.0029
  0.6523,  0.0732,  0.0401,  0.6320, -0.0485, -0.0031,  0.2847,  0.0741,  0.0496,  0.2592, -0.0532,  0.0026
  0.6510,  0.0727,  0.0427,  0.6408, -0.0485, -0.0034,  0.2836,  0.0736,  0.0522,  0.2680, -0.0531,  0.0023
  0.6496,  0.0722,  0.0448,  0.6494, -0.0484, -0.0037,  0.2823,  0.0733,  0.0543,  0.2766, -0.0531,  0.0020
  0.6480,  0.0719,  0.0463,  0.6579, -0.0484, -0.0040,  0.2808,  0.0730,  0.0559,  0.2852, -0.0530,  0.0017
  0.6464,  0.0716,  0.0471,  0.6664, -0.0483, -0.0042,  0.2793,  0.0729,  0.0567,  0.2936, -0.0530,  0.0014
  0.6448,  0.0714,  0.0470,  0.6748, -0.0483, -0.0045,  0.2778,  0.0728,  0.0567,  0.3020, -0.0530,  0.0012
  0.6433,  0.0713,  0.0462,  0.6832, -0.0483, -0.0048,  0.2763,  0.0729,  0.0559,  0.3104, -0.0530,  0.0009
  0.6420,  0.0712,  0.0446,  0.6917, -0.0483, -0.0050,  0.2751,  0.0730,  0.0545,  0.3189, -0.0530,  0.0006
  0.6409,  0.0713,  0.0425,  0.7002, -0.0483, -0.0053,  0.2741,  0.0733,  0.0524,  0.3274, -0.0530,  0.0004
  0.6403,  0.0715,  0.0398,  0.7088, -0.0483, -0.0055,  0.2735,  0.0736,  0.0498,  0.3360, -0.0530,  0.0002
  0.6402,  0.0719,  0.0367,  0.7175, -0.0483, -0.0057,  0.2734,  0.0742,  0.0469,  0.3447, -0.0530, -0.0001
  0.6408,  0.0724,  0.0333,  0.7263, -0.0484, -0.0060,  0.2741,  0.0750,  0.0436,  0.3535, -0.0531, -0.0003
  0.6430,  0.0732,  0.0298,  0.7354, -0.0485, -0.0062,  0.2764,  0.0761,  0.0404,  0.3626, -0.0532, -0.0005
  0.6481,  0.0751,  0.0340,  0.7451, -0.0487, -0.0063,  0.2815,  0.0783,  0.0446,  0.3723, -0.0534, -0.0007
  0.6532,  0.0754,  0.0297,  0.7499, -0.0490, -0.0023,  0.2862,  0.0791,  0.0401,  0.3777, -0.0535,  0.0040
  0.6585,  0.0757,  0.0253,  0.7538, -0.0490,  0.0021,  0.2909,  0.0797,  0.0352,  0.3823, -0.0534,  0.0091
  0.6645,  0.0758,  0.0208,  0.7570, -0.0491,  0.0070,  0.2963,  0.0801,  0.0303,  0.3862, -0.0533,  0.0146
  0.6714,  0.0759,  0.0163,  0.7595, -0.0491,  0.0120,  0.3024,  0.0804,  0.0254,  0.3894, -0.0531,  0.0203
  0.6792,  0.0758,  0.0120,  0.7616, -0.0492,  0.0173,  0.3095,  0.0805,  0.0206,  0.3921, -0.0528,  0.0261
  0.6880,  0.0757,  0.0080,  0.7631, -0.0494,  0.0226,  0.3176,  0.0804,  0.0160,  0.3943, -0.0526,  0.0319
  0.6978,  0.0753,  0.0043,  0.7643, -0.0496,  0.0279,  0.3266,  0.0801,  0.0116,  0.3960, -0.0523,  0.0376
  0.7085,  0.0748,  0.0010,  0.7651, -0.0499,  0.0330,  0.3365,  0.0797,  0.0076,  0.3972, -0.0520,  0.0431
  0.7187,  0.0740, -0.0022,  0.7655, -0.0501,  0.0379,  0.3463,  0.0791,  0.0037,  0.3979, -0.0517,  0.0482
  0.7287,  0.0741, -0.0025,  0.7697, -0.0484,  0.0338,  0.3562,  0.0792,  0.0034,  0.4023, -0.0501,  0.0442
  0.7381,  0.0741, -0.0028,  0.7693, -0.0477,  0.0368,  0.3657,  0.0792,  0.0031,  0.4019, -0.0493,  0.0471
  0.7472,  0.0741, -0.0031,  0.7684, -0.0471,  0.0398,  0.3748,  0.0792,  0.0028,  0.4011, -0.0487,  0.0500
  0.7561,  0.0741, -0.0034,  0.7672, -0.0466,  0.0424,  0.3837,  0.0792,  0.0025,  0.4001, -0.0482,  0.0526
  0.7648,  0.0741, -0.0037,  0.7658, -0.0462,  0.0446,  0.3924,  0.0792,  0.0021,  0.3988, -0.0478,  0.0548
  0.7734,  0.0740, -0.0040,  0.7643, -0.0458,  0.0461,  0.4009,  0.0791,  0.0018,  0.3973, -0.0475,  0.0564
  0.7819,  0.0740, -0.0043,  0.7627, -0.0456,  0.0469,  0.4094,  0.0791,  0.0015,  0.3958, -0.0474,  0.0572
  0.7904,  0.0740, -0.0046,  0.7611, -0.0454,  0.0469,  0.4179,  0.0791,  0.0012,  0.3943, -0.0473,  0.0572
  0.7988,  0.0740, -0.0049,  0.7596, -0.0453,  0.0461,  0.4264,  0.0791,  0.0010,  0.3929, -0.0473,  0.0564
  0.8073,  0.0740, -0.0051,  0.7583, -0.0453,  0.0446,  0.4349,  0.0791,  0.0007,  0.3916, -0.0474,  0.0550
  0.8159,  0.0740, -0.0054,  0.7573, -0.0454,  0.0424,  0.4435,  0.0791,  0.0004,  0.3906, -0.0476,  0.0529
  0.8246,  0.0740, -0.0056,  0.7567, -0.0456,  0.0397,  0.4521,  0.0791,  0.0002,  0.3900, -0.0479,  0.0503
  0.8333,  0.0741, -0.0059,  0.7566, -0.0460,  0.0367,  0.4609,  0.0792, -0.0001,  0.3899, -0.0485,  0.0473
  0.8422,  0.0742, -0.0061,  0.7572, -0.0466,  0.0333,  0.4698,  0.0793, -0.0003,  0.3906, -0.0492,  0.0441
  0.8513,  0.0743, -0.0063,  0.7594, -0.0474,  0.0298,  0.4788,  0.0794, -0.0005,  0.3928, -0.0503,  0.0408
  0.8610,  0.0744, -0.0065,  0.7645, -0.0492,  0.0340,  0.4885,  0.0795, -0.0007,  0.3979, -0.0525,  0.0451
  0.8658,  0.0747, -0.0025,  0.7695, -0.0496,  0.0297,  0.4939,  0.0796,  0.0039,  0.4026, -0.0532,  0.0405
  0.8697,  0.0748,  0.0019,  0.7748, -0.0498,  0.0253,  0.4985,  0.0796,  0.0091,  0.4073, -0.0538,  0.0357
  0.8729,  0.0749,  0.0067,  0.7808, -0.0499,  0.0208,  0.5024,  0.0794,  0.0146,  0.4126, -0.0542,  0.0307
  0.8755,  0.0749,  0.0118,  0.7876, -0.0500,  0.0164,  0.5057,  0.0792,  0.0203,  0.4187, -0.0544,  0.0258
  0.8775,  0.0750,  0.0170,  0.7954, -0.0499,  0.0121,  0.5084,  0.0790,  0.0261,  0.4258, -0.0545,  0.0210
  0.8792,  0.0752,  0.0224,  0.8042, -0.0498,  0.0081,  0.5106,  0.0787,  0.0319,  0.4338, -0.0543,  0.0163
  0.8804,  0.0755,  0.0276,  0.8141, -0.0494,  0.0044,  0.5123,  0.0784,  0.0377,  0.4429, -0.0540,  0.0120
  0.8812,  0.0758,  0.0328,  0.8247, -0.0489,  0.0011,  0.5136,  0.0781,  0.0432,  0.4528, -0.0535,  0.0079
  0.8816,  0.0759,  0.0377,  0.8350, -0.0481, -0.0021,  0.5143,  0.0777,  0.0483,  0.4626, -0.0529,  0.0039
  0.8859,  0.0743,  0.0335,  0.8449, -0.0482, -0.0024,  0.5187,  0.0761,  0.0443,  0.4725, -0.0530,  0.0036
  0.8855,  0.0736,  0.0366,  0.8544, -0.0482, -0.0028,  0.5184,  0.0754,  0.0473,  0.4819, -0.0530,  0.0033
  0.8846,  0.0730,  0.0396,  0.8635, -0.0482, -0.0031,  0.5176,  0.0747,  0.0502,  0.4911, -0.0530,  0.0030
  0.8835,  0.0725,  0.0422,  0.8724, -0.0482, -0.0034,  0.5166,  0.0742,  0.0528,  0.5000, -0.0530,  0.0027
  0.8821,  0.0720,  0.0444,  0.8811, -0.0481, -0.0037,  0.5153,  0.0739,  0.0549,  0.5087, -0.0529,  0.0023
  0.8806,  0.0717,  0.0460,  0.8897, -0.0481, -0.0040,  0.5139,  0.0736,  0.0565,  0.5173, -0.0529,  0.0020
  0.8791,  0.0715,  0.0468,  0.8983, -0.0481, -0.0043,  0.5124,  0.0735,  0.0574,  0.5258, -0.0529,  0.0017
  0.8775,  0.0713,  0.0468,  0.9068, -0.0480, -0.0046,  0.5109,  0.0734,  0.0574,  0.5343, -0.0528,  0.0014
  0.8761,  0.0712,  0.0460,  0.9153, -0.0480, -0.0049,  0.5095,  0.0734,  0.0566,  0.5428, -0.0528,  0.0011
  0.8748,  0.0712,  0.0445,  0.9238, -0.0480, -0.0052,  0.5082,  0.0735,  0.0551,  0.5513, -0.0528,  0.0008
  0.8738,  0.0713,  0.0423,  0.9324, -0.0480, -0.0055,  0.5072,  0.0738,  0.0530,  0.5599, -0.0528,  0.0006
  0.8732,  0.0715,  0.0397,  0.9410, -0.0481, -0.0057,  0.5066,  0.0741,  0.0505,  0.5686, -0.0529,  0.0003
  0.8730,  0.0719,  0.0366,  0.9498, -0.0481, -0.0060,  0.5065,  0.0747,  0.0475,  0.5774, -0.0529,  0.0001
  0.8737,  0.0725,  0.0333,  0.9587, -0.0482, -0.0062,  0.5072,  0.0754,  0.0443,  0.5862, -0.0530, -0.0002
  0.8758,  0.0733,  0.0298,  0.9678, -0.0483, -0.0064,  0.5094,  0.0765,  0.0410,  0.5953, -0.0531, -0.0004
  0.8809,  0.0751,  0.0339,  0.9775, -0.0485, -0.0066,  0.5145,  0.0787,  0.0452,  0.6050, -0.0533, -0.0006
  0.8860,  0.0755,  0.0297,  0.9823, -0.0488, -0.0026,  0.5192,  0.0795,  0.0407,  0.6104, -0.0534,  0.0040
  0.8912,  0.0757,  0.0253,  0.9862, -0.0488,  0.0018,  0.5238,  0.0801,  0.0358,  0.6150, -0.0533,  0.0092
  0.8972,  0.0759,  0.0208,  0.9894, -0.0488,  0.0066,  0.5291,  0.0805,  0.0309,  0.6189, -0.0532,  0.0147
  0.9040,  0.0759,  0.0164,  0.9920, -0.0489,  0.0117,  0.5352,  0.0808,  0.0259,  0.6222, -0.0530,  0.0204
  0.9118,  0.0758,  0.0121,  0.9941, -0.0490,  0.0169,  0.5423,  0.0809,  0.0211,  0.6250, -0.0527,  0.0262
  0.9206,  0.0757,  0.0081,  0.9957, -0.0492,  0.0222,  0.5503,  0.0808,  0.0164,  0.6272, -0.0524,  0.0320
  0.9305,  0.0753,  0.0044,  0.9970, -0.0494,  0.0275,  0.5593,  0.0805,  0.0120,  0.6289, -0.0522,  0.0378
  0.9411,  0.0748,  0.0011,  0.9978, -0.0497,  0.0327,  0.5692,  0.0800,  0.0079,  0.6303, -0.0518,  0.0433
  0.9514,  0.0740, -0.0021,  0.9982, -0.0499,  0.0376,  0.5790,  0.0795,  0.0039,  0.6310, -0.0515,  0.0485
  0.9613,  0.0740, -0.0024,  1.0025, -0.0482,  0.0334,  0.5889,  0.0795,  0.0036,  0.6354, -0.0499,  0.0444
  0.9708,  0.0741, -0.0027,  1.0021, -0.0475,  0.0365,  0.5984,  0.0795,  0.0033,  0.6350, -0.0491,  0.0474
  0.9799,  0.0740, -0.0030,  1.0013, -0.0469,  0.0395,  0.6076,  0.0795,  0.0030,  0.6343, -0.0485,  0.0503
  0.9889,  0.0740, -0.0034,  1.0002, -0.0464,  0.0421,  0.6165,  0.0795,  0.0026,  0.6333, -0.0480,  0.0529
  0.9976,  0.0740, -0.0037,  0.9988, -0.0460,  0.0443,  0.6252,  0.0795,  0.0023,  0.6320, -0.0476,  0.0551
  1.0062,  0.0740, -0.0040,  0.9973, -0.0456,  0.0459,  0.6339,  0.0795,  0.0020,  0.6306, -0.0473,  0.0566
  1.0148,  0.0739, -0.0043,  0.9958, -0.0454,  0.0468,  0.6424,  0.0794,  0.0017,  0.6291, -0.0472,  0.0575
  1.0233,  0.0739, -0.0047,  0.9942, -0.0452,  0.0468,  0.6509,  0.0794,  0.0014,  0.6276, -0.0471,  0.0575
  1.0318,  0.0739, -0.0050,  0.9928, -0.0451,  0.0460,  0.6594,  0.0794,  0.0011,  0.6262, -0.0471,  0.0567
  1.0404,  0.0739, -0.0052,  0.9915, -0.0451,  0.0445,  0.6680,  0.0794,  0.0008,  0.6249, -0.0471,  0.0553
  1.0490,  0.0739, -0.0055,  0.9905, -0.0452,  0.0423,  0.6766,  0.0794,  0.0005,  0.6240, -0.0473,  0.0532
  1.0577,  0.0739, -0.0058,  0.9899, -0.0455,  0.0397,  0.6853,  0.0794,  0.0002,  0.6233, -0.0477,  0.0506
  1.0665,  0.0740, -0.0060,  0.9898, -0.0458,  0.0366,  0.6941,  0.0795,  0.0000,  0.6232, -0.0482,  0.0476
  1.0754,  0.0740, -0.0062,  0.9904, -0.0464,  0.0333,  0.7030,  0.0795, -0.0002,  0.6239, -0.0490,  0.0444
  1.0845,  0.0741, -0.0065,  0.9926, -0.0472,  0.0298,  0.7120,  0.0796, -0.0005,  0.6261, -0.0500,  0.0411
  1.0941,  0.0743, -0.0067,  0.9977, -0.0491,  0.0339,  0.7217,  0.0798, -0.0007,  0.6312, -0.0522,  0.0453
  1.0990,  0.0746, -0.0027,  1.0027, -0.0494,  0.0297,  0.7271,  0.0799,  0.0040,  0.6359, -0.0530,  0.0408
  1.1029,  0.0747,  0.0018,  1.0080, -0.0496,  0.0253,  0.7318,  0.0798,  0.0092,  0.6405, -0.0535,  0.0359
  1.1061,  0.0748,  0.0066,  1.0139, -0.0498,  0.0208,  0.7357,  0.0797,  0.0147,  0.6458, -0.0539,  0.0310
  1.1087,  0.0748,  0.0116,  1.0207, -0.0498,  0.0164,  0.7390,  0.0795,  0.0204,  0.6519, -0.0542,  0.0260
  1.1108,  0.0749,  0.0169,  1.0285, -0.0498,  0.0121,  0.7417,  0.0792,  0.0262,  0.6590, -0.0542,  0.0212
  1.1124,  0.0751,  0.0222,  1.0373, -0.0496,  0.0081,  0.7439,  0.0789,  0.0320,  0.6670, -0.0541,  0.0165
  1.1137,  0.0754,  0.0275,  1.0472, -0.0493,  0.0044,  0.7457,  0.0786,  0.0378,  0.6760, -0.0538,  0.0121
  1.1146,  0.0757,  0.0326,  1.0578, -0.0488,  0.0011,  0.7470,  0.0783,  0.0433,  0.6859, -0.0533,  0.0081
  1.1150,  0.0759,  0.0375,  1.0681, -0.0480, -0.0021,  0.7478,  0.0780,  0.0485,  0.6957, -0.0528,  0.0041
  1.1193,  0.0742,  0.0333,  1.0780, -0.0480, -0.0024,  0.7522,  0.0764,  0.0444,  0.7056, -0.0528,  0.0037
  1.1189,  0.0736,  0.0364,  1.0875, -0.0481, -0.0027,  0.7518,  0.0756,  0.0474,  0.7151, -0.0528,  0.0034
  1.1181,  0.0730,  0.0394,  1.0967, -0.0481, -0.0031,  0.7511,  0.0750,  0.0503,  0.7243, -0.0528,  0.0031
  1.1169,  0.0724,  0.0421,  1.1056, -0.0480, -0.0034,  0.7501,  0.0745,  0.0529,  0.7332, -0.0528,  0.0027
  1.1156,  0.0720,  0.0443,  1.1144, -0.0480, -0.0037,  0.7488,  0.0741,  0.0551,  0.7420, -0.0528,  0.0024
  1.1141,  0.0717,  0.0459,  1.1230, -0.0480, -0.0040,  0.7474,  0.0739,  0.0567,  0.7506, -0.0528,  0.0021
  1.1126,  0.0715,  0.0467,  1.1316, -0.0479, -0.0044,  0.7459,  0.0737,  0.0575,  0.7592, -0.0527,  0.0018
  1.1111,  0.0713,  0.0467,  1.1401, -0.0479, -0.0047,  0.7444,  0.0737,  0.0575,  0.7677, -0.0527,  0.0014
  1.1096,  0.0713,  0.0459,  1.1486, -0.0479, -0.0050,  0.7430,  0.0737,  0.0568,  0.7762, -0.0527,  0.0011
  1.1084,  0.0713,  0.0444,  1.1572, -0.0479, -0.0053,  0.7417,  0.0738,  0.0553,  0.7847, -0.0527,  0.0009
  1.1074,  0.0714,  0.0423,  1.1658, -0.0479, -0.0055,  0.7408,  0.0740,  0.0532,  0.7934, -0.0527,  0.0006
  1.1067,  0.0716,  0.0396,  1.1745, -0.0480, -0.0058,  0.7401,  0.0743,  0.0506,  0.8020, -0.0528,  0.0003
  1.1066,  0.0720,  0.0366,  1.1833, -0.0480, -0.0060,  0.7400,  0.0749,  0.0477,  0.8108, -0.0528,  0.0001
  1.1073,  0.0726,  0.0332,  1.1922, -0.0481, -0.0063,  0.7407,  0.0757,  0.0444,  0.8197, -0.0529, -0.0002
  1.1094,  0.0734,  0.0298,  1.2013, -0.0482, -0.0065,  0.7429,  0.0767,  0.0411,  0.8288, -0.0530, -0.0004
  1.1145,  0.0752,  0.0339,  1.2109, -0.0484, -0.0067,  0.7480,  0.0790,  0.0454,  0.8385, -0.0532, -0.0006
  1.1196,  0.0756,  0.0297,  1.2158, -0.0487, -0.0027,  0.7527,  0.0797,  0.0408,  0.8439, -0.0533,  0.0040
  1.1248,  0.0758,  0.0253,  1.2197, -0.0487,  0.0017,  0.7573,  0.0803,  0.0360,  0.8485, -0.0532,  0.0092
  1.1308,  0.0760,  0.0208,  1.2229, -0.0488,  0.0065,  0.7626,  0.0807,  0.0310,  0.8525, -0.0531,  0.0147
  1.1376,  0.0760,  0.0164,  1.2255, -0.0488,  0.0116,  0.7687,  0.0810,  0.0261,  0.8558, -0.0528,  0.0204
  1.1454,  0.0759,  0.0121,  1.2276, -0.0489,  0.0168,  0.7757,  0.0811,  0.0212,  0.8585, -0.0526,  0.0262
  1.1542,  0.0757,  0.0081,  1.2293, -0.0491,  0.0222,  0.7837,  0.0810,  0.0165,  0.8607, -0.0523,  0.0321
  1.1640,  0.0754,  0.0044,  1.2305, -0.0493,  0.0274,  0.7927,  0.0807,  0.0121,  0.8625, -0.0520,  0.0378
  1.1747,  0.0749,  0.0011,  1.2314, -0.0496,  0.0326,  0.8026,  0.0802,  0.0080,  0.8639, -0.0517,  0.0434
  1.1850,  0.0741, -0.0021,  1.2318, -0.0498,  0.0375,  0.8123,  0.0797,  0.0040,  0.8646, -0.0514,  0.0485
  1.1949,  0.0741, -0.0024,  1.2361, -0.0481,  0.0333,  0.8223,  0.0797,  0.0037,  0.8690, -0.0498,  0.0444
  1.2044,  0.0741, -0.0027,  1.2357, -0.0474,  0.0364,  0.8318,  0.0797,  0.0034,  0.8686, -0.0490,  0.0474
  1.2136,  0.0741, -0.0030,  1.2349, -0.0468,  0.0394,  0.8410,  0.0797,  0.0030,  0.8679, -0.0483,  0.0504
  1.2225,  0.0741, -0.0034,  1.2338, -0.0463,  0.0421,  0.8499,  0.0797,  0.0027,  0.8669, -0.0478,  0.0530
  1.2313,  0.0740, -0.0037,  1.2325, -0.0459,  0.0443,  0.8587,  0.0796,  0.0024,  0.8656, -0.0474,  0.0551
  1.2399,  0.0740, -0.0040,  1.2310, -0.0455,  0.0459,  0.8673,  0.0796,  0.0020,  0.8642, -0.0472,  0.0567
  1.2485,  0.0740, -0.0044,  1.2295, -0.0453,  0.0467,  0.8759,  0.0796,  0.0017,  0.8627, -0.0470,  0.0576
  1.2570,  0.0739, -0.0047,  1.2279, -0.0451,  0.0467,  0.8844,  0.0796,  0.0014,  0.8612, -0.0469,  0.0576
  1.2656,  0.0739, -0.0050,  1.2265, -0.0450,  0.0459,  0.8929,  0.0795,  0.0011,  0.8598, -0.0469,  0.0568
  1.2741,  0.0739, -0.0053,  1.2252, -0.0450,  0.0444,  0.9015,  0.0795,  0.0008,  0.8586, -0.0470,  0.0553
  1.2827,  0.0739, -0.0055,  1.2242, -0.0451,  0.0423,  0.9101,  0.0795,  0.0005,  0.8576, -0.0472,  0.0533
  1.2915,  0.0740, -0.0058,  1.2236, -0.0454,  0.0397,  0.9188,  0.0796,  0.0003,  0.8570, -0.0475,  0.0507
  1.3003,  0.0740, -0.0060,  1.2235, -0.0457,  0.0366,  0.9276,  0.0796,  0.0000,  0.8569, -0.0480,  0.0477
  1.3092,  0.0741, -0.0063,  1.2242, -0.0463,  0.0332,  0.9365,  0.0797, -0.0002,  0.8576, -0.0488,  0.0445
  1.3183,  0.0742, -0.0065,  1.2263, -0.0471,  0.0298,  0.9456,  0.0798, -0.0005,  0.8598, -0.0498,  0.0412
  1.3279,  0.0743, -0.0067,  1.2314, -0.0490,  0.0339,  0.9553,  0.0799, -0.0007,  0.8649, -0.0520,  0.0454
  1.3328,  0.0747, -0.0027,  1.2365, -0.0493,  0.0297,  0.9607,  0.0800,  0.0040,  0.8695, -0.0528,  0.0408
  1.3367,  0.0747,  0.0017,  1.2417, -0.0495,  0.0253,  0.9653,  0.0800,  0.0092,  0.8741, -0.0534,  0.0360
  1.3399,  0.0748,  0.0065,  1.2477, -0.0497,  0.0208,  0.9693,  0.0798,  0.0147,  0.8794, -0.0538,  0.0311
  1.3425,  0.0749,  0.0116,  1.2545, -0.0497,  0.0164,  0.9726,  0.0796,  0.0204,  0.8855, -0.0540,  0.0261
  1.3446,  0.0750,  0.0168,  1.2623, -0.0497,  0.0121,  0.9754,  0.0794,  0.0262,  0.8925, -0.0541,  0.0213
  1.3463,  0.0752,  0.0221,  1.2711, -0.0495,  0.0081,  0.9776,  0.0791,  0.0320,  0.9005, -0.0540,  0.0166
  1.3475,  0.0754,  0.0274,  1.2809, -0.0492,  0.0044,  0.9794,  0.0788,  0.0378,  0.9095, -0.0537,  0.0122
  1.3484,  0.0758,  0.0326,  1.2916, -0.0487,  0.0011,  0.9807,  0.0785,  0.0433,  0.9194, -0.0532,  0.0081
  1.3488,  0.0759,  0.0374,  1.3018, -0.0479, -0.0021,  0.9815,  0.0782,  0.0485,  0.9292, -0.0526,  0.0041
  1.3531,  0.0743,  0.0333,  1.3118, -0.0479, -0.0024,  0.9859,  0.0765,  0.0444,  0.9391, -0.0527,  0.0038
  1.3527,  0.0736,  0.0364,  1.3213, -0.0480, -0.0027,  0.9856,  0.0758,  0.0474,  0.9487, -0.0527,  0.0034
  1.3519,  0.0730,  0.0394,  1.3305, -0.0480, -0.0031,  0.9848,  0.0751,  0.0503,  0.9578, -0.0527,  0.0031
  1.3508,  0.0725,  0.0420,  1.3394, -0.0479, -0.0034,  0.9838,  0.0747,  0.0530,  0.9668, -0.0527,  0.0028
  1.3495,  0.0721,  0.0442,  1.3482, -0.0479, -0.0037,  0.9826,  0.0743,  0.0551,  0.9755, -0.0526,  0.0024
  1.3480,  0.0718,  0.0458,  1.3568, -0.0479, -0.0041,  0.9812,  0.0740,  0.0567,  0.9842, -0.0526,  0.0021
  1.3465,  0.0716,  0.0467,  1.3654, -0.0478, -0.0044,  0.9797,  0.0739,  0.0575,  0.9927, -0.0526,  0.0018
  1.3449,  0.0714,  0.0467,  1.3739, -0.0478, -0.0047,  0.9782,  0.0738,  0.0576,  1.0013, -0.0526,  0.0015
  1.3435,  0.0713,  0.0459,  1.3824, -0.0478, -0.0050,  0.9768,  0.0738,  0.0568,  1.0098, -0.0526,  0.0012
  1.3422,  0.0714,  0.0444,  1.3910, -0.0478, -0.0053,  0.9756,  0.0739,  0.0553,  1.0183, -0.0526,  0.0009
  1.3412,  0.0715,  0.0423,  1.3996, -0.0478, -0.0055,  0.9746,  0.0741,  0.0532,  1.0270, -0.0526,  0.0006
  1.3406,  0.0717,  0.0396,  1.4083, -0.0479, -0.0058,  0.9740,  0.0745,  0.0507,  1.0357, -0.0526,  0.0003
  1.3405,  0.0721,  0.0366,  1.4171, -0.0479, -0.0060,  0.9739,  0.0750,  0.0477,  1.0445, -0.0527,  0.0001
  1.3412,  0.0727,  0.0332,  1.4260, -0.0480, -0.0063,  0.9745,  0.0758,  0.0444,  1.0534, -0.0528, -0.0002
  1.3433,  0.0735,  0.0298,  1.4351, -0.0481, -0.0065,  0.9768,  0.0769,  0.0412,  1.0624, -0.0529, -0.0004
  1.3484,  0.0753,  0.0339,  1.4448, -0.0483, -0.0067,  0.9819,  0.0791,  0.0454,  1.0721, -0.0530, -0.0006
  1.3534,  0.0757,  0.0297,  1.4496, -0.0486, -0.0027,  0.9865,  0.0799,  0.0408,  1.0775, -0.0531,  0.0041
  1.3587,  0.0759,  0.0253,  1.4535, -0.0487,  0.0017,  0.9911,  0.0804,  0.0360,  1.0822, -0.0531,  0.0092
  1.3646,  0.0761,  0.0208,  1.4568, -0.0487,  0.0065,  0.9964,  0.0809,  0.0310,  1.0861, -0.0529,  0.0147
  1.3715,  0.0761,  0.0164,  1.4594, -0.0487,  0.0116,  1.0025,  0.0811,  0.0261,  1.0895, -0.0527,  0.0204
  1.3793,  0.0760,  0.0121,  1.4615, -0.0488,  0.0168,  1.0095,  0.0812,  0.0212,  1.0922, -0.0525,  0.0263
  1.3881,  0.0758,  0.0081,  1.4631, -0.0490,  0.0221,  1.0175,  0.0811,  0.0165,  1.0945, -0.0522,  0.0321
  1.3979,  0.0755,  0.0044,  1.4644, -0.0492,  0.0274,  1.0265,  0.0808,  0.0121,  1.0962, -0.0519,  0.0378
  1.4085,  0.0750,  0.0011,  1.4652, -0.0495,  0.0326,  1.0364,  0.0804,  0.0080,  1.0976, -0.0516,  0.0434
  1.4188,  0.0741, -0.0021,  1.4657, -0.0497,  0.0375,  1.0462,  0.0798,  0.0040,  1.0983, -0.0513,  0.0485
  1.4287,  0.0742, -0.0024,  1.4700, -0.0480,  0.0333,  1.0561,  0.0798,  0.0037,  1.1027, -0.0496,  0.0445
  1.4383,  0.0742, -0.0027,  1.4696, -0.0473,  0.0364,  1.0656,  0.0798,  0.0034,  1.1024, -0.0489,  0.0475
  1.4474,  0.0742, -0.0030,  1.4688, -0.0467,  0.0394,  1.0748,  0.0798,  0.0030,  1.1017, -0.0482,  0.0504
  1.4564,  0.0742, -0.0034,  1.4677, -0.0462,  0.0421,  1.0837,  0.0798,  0.0027,  1.1007, -0.0477,  0.0530
  1.4651,  0.0741, -0.0037,  1.4663, -0.0458,  0.0443,  1.0925,  0.0798,  0.0023,  1.0994, -0.0473,  0.0552
  1.4738,  0.0741, -0.0040,  1.4648, -0.0454,  0.0458,  1.1011,  0.0797,  0.0020,  1.0980, -0.0470,  0.0567
  1.4823,  0.0741, -0.0044,  1.4633, -0.0452,  0.0467,  1.1097,  0.0797,  0.0017,  1.0965, -0.0469,  0.0576
  1.4909,  0.0740, -0.0047,  1.4618, -0.0450,  0.0467,  1.1182,  0.0797,  0.0014,  1.0950, -0.0468,  0.0576
  1.4994,  0.0740, -0.0050,  1.4604, -0.0449,  0.0459,  1.1268,  0.0797,  0.0011,  1.0936, -0.0468,  0.0568
  1.5080,  0.0740, -0.0053,  1.4591, -0.0449,  0.0444,  1.1353,  0.0797,  0.0008,  1.0924, -0.0469,  0.0553
  1.5166,  0.0740, -0.0055,  1.4581, -0.0450,  0.0423,  1.1440,  0.0797,  0.0005,  1.0914, -0.0470,  0.0533
  1.5253,  0.0740, -0.0058,  1.4575, -0.0453,  0.0396,  1.1527,  0.0797,  0.0003,  1.0908, -0.0474,  0.0507
  1.5341,  0.0741, -0.0060,  1.4574, -0.0456,  0.0366,  1.1615,  0.0797,  0.0000,  1.0907, -0.0479,  0.0477
  1.5430,  0.0742, -0.0063,  1.4580, -0.0462,  0.0332,  1.1704,  0.0798, -0.0002,  1.0914, -0.0487,  0.0445
  1.5521,  0.0743, -0.0065,  1.4602, -0.0470,  0.0298,  1.1795,  0.0799, -0.0005,  1.0936, -0.0497,  0.0412
  1.5618,  0.0744, -0.0067,  1.4653, -0.0489,  0.0339,  1.1891,  0.0801, -0.0007,  1.0987, -0.0519,  0.0454
  1.5666,  0.0747, -0.0027,  1.4703, -0.0492,  0.0297,  1.1946,  0.0802,  0.0040,  1.1033, -0.0527,  0.0408
  1.5706,  0.0748,  0.0017,  1.4756, -0.0494,  0.0253,  1.1992,  0.0801,  0.0092,  1.1080, -0.0532,  0.0360
  1.5738,  0.0749,  0.0065,  1.4815, -0.0496,  0.0208,  1.2032,  0.0799,  0.0147,  1.1132, -0.0536,  0.0310
  1.5764,  0.0749,  0.0116,  1.4883, -0.0496,  0.0164,  1.2065,  0.0797,  0.0204,  1.1193, -0.0539,  0.0261
  1.5785,  0.0751,  0.0168,  1.4961, -0.0496,  0.0121,  1.2092,  0.0795,  0.0262,  1.1264, -0.0540,  0.0212
  1.5801,  0.0753,  0.0221,  1.5049, -0.0494,  0.0081,  1.2115,  0.0792,  0.0320,  1.1344, -0.0538,  0.0166
  1.5814,  0.0755,  0.0274,  1.5148, -0.0491,  0.0044,  1.2133,  0.0789,  0.0378,  1.1434, -0.0536,  0.0122
  1.5822,  0.0758,  0.0325,  1.5254, -0.0486,  0.0011,  1.2146,  0.0786,  0.0433,  1.1533, -0.0531,  0.0081
  1.5827,  0.0760,  0.0374,  1.5357, -0.0478, -0.0021,  1.2154,  0.0783,  0.0485,  1.1630, -0.0525,  0.0041
  1.5870,  0.0743,  0.0333,  1.5456, -0.0478, -0.0024,  1.2198,  0.0767,  0.0444,  1.1730, -0.0526,  0.0037
  1.5866,  0.0737,  0.0364,  1.5551, -0.0479, -0.0027,  1.2194,  0.0759,  0.0474,  1.1825, -0.0526,  0.0034
  1.5858,  0.0731,  0.0394,  1.5643, -0.0479, -0.0031,  1.2187,  0.0753,  0.0503,  1.1917, -0.0526,  0.0031
  1.5847,  0.0726,  0.0420,  1.5733, -0.0478, -0.0034,  1.2177,  0.0748,  0.0529,  1.2006, -0.0526,  0.0027
  1.5833,  0.0722,  0.0442,  1.5820, -0.0478, -0.0037,  1.2164,  0.0744,  0.0551,  1.2094, -0.0525,  0.0024
  1.5819,  0.0719,  0.0458,  1.5907, -0.0478, -0.0041,  1.2150,  0.0742,  0.0567,  1.2180, -0.0525,  0.0021
  1.5803,  0.0717,  0.0467,  1.5992, -0.0477, -0.0044,  1.2135,  0.0740,  0.0575,  1.2266, -0.0525,  0.0017
  1.5788,  0.0715,  0.0467,  1.6078, -0.0477, -0.0047,  1.2121,  0.0739,  0.0575,  1.2351, -0.0525,  0.0014
  1.5774,  0.0714,  0.0459,  1.6163, -0.0477, -0.0050,  1.2107,  0.0739,  0.0568,  1.2436, -0.0525,  0.0011
  1.5761,  0.0715,  0.0444,  1.6249, -0.0477, -0.0053,  1.2094,  0.0740,  0.0553,  1.2522, -0.0525,  0.0008
  1.5751,  0.0716,  0.0423,  1.6335, -0.0477, -0.0055,  1.2085,  0.0743,  0.0532,  1.2608, -0.0525,  0.0006
  1.5745,  0.0718,  0.0396,  1.6422, -0.0478, -0.0058,  1.2078,  0.0746,  0.0506,  1.2695, -0.0525,  0.0003
  1.5744,  0.0722,  0.0366,  1.6510, -0.0478, -0.0060,  1.2077,  0.0751,  0.0477,  1.2783, -0.0526,  0.0001
  1.5750,  0.0728,  0.0332,  1.6599, -0.0479, -0.0063,  1.2084,  0.0759,  0.0444,  1.2872, -0.0526, -0.0002
  1.5772,  0.0736,  0.0297,  1.6690, -0.0480, -0.0065,  1.2106,  0.0770,  0.0411,  1.2963, -0.0528, -0.0004
  1.5823,  0.0754,  0.0339,  1.6787, -0.0482, -0.0067,  1.2157,  0.0792,  0.0454,  1.3060, -0.0529, -0.0006
  1.5873,  0.0758,  0.0297,  1.6835, -0.0485, -0.0027,  1.2204,  0.0800,  0.0408,  1.3114, -0.0530,  0.0040
  1.5926,  0.0760,  0.0252,  1.6874, -0.0486,  0.0017,  1.2250,  0.0806,  0.0359,  1.3161, -0.0530,  0.0092
  1.5985,  0.0762,  0.0208,  1.6906, -0.0486,  0.0065,  1.2303,  0.0810,  0.0310,  1.3200, -0.0528,  0.0147
  1.6053,  0.0762,  0.0164,  1.6932, -0.0486,  0.0116,  1.2364,  0.0812,  0.0260,  1.3233, -0.0526,  0.0204
  1.6131,  0.0761,  0.0121,  1.6953, -0.0487,  0.0168,  1.2434,  0.0813,  0.0212,  1.3261, -0.0524,  0.0262
  1.6219,  0.0759,  0.0081,  1.6970, -0.0489,  0.0221,  1.2514,  0.0812,  0.0165,  1.3283, -0.0521,  0.0321
  1.6318,  0.0756,  0.0044,  1.6982, -0.0491,  0.0274,  1.2604,  0.0809,  0.0121,  1.3301, -0.0518,  0.0378
  1.6424,  0.0751,  0.0011,  1.6991, -0.0494,  0.0326,  1.2703,  0.0805,  0.0080,  1.3315, -0.0515,  0.0433
  1.6527,  0.0742, -0.0021,  1.6995, -0.0496,  0.0375,  1.2801,  0.0799,  0.0040,  1.3322, -0.0511,  0.0485
  1.6626,  0.0743, -0.0024,  1.7038, -0.0479,  0.0333,  1.2900,  0.0799,  0.0037,  1.3366, -0.0495,  0.0444
  1.6721,  0.0743, -0.0027,  1.7034, -0.0472,  0.0364,  1.2995,  0.0800,  0.0033,  1.3363, -0.0488,  0.0474
  1.6813,  0.0743, -0.0030,  1.7026, -0.0466,  0.0394,  1.3087,  0.0799,  0.0030,  1.3356, -0.0481,  0.0504
  1.6902,  0.0743, -0.0034,  1.7015, -0.0461,  0.0421,  1.3176,  0.0799,  0.0026,  1.3345, -0.0476,  0.0530
  1.6990,  0.0742, -0.0037,  1.7001, -0.0457,  0.0443,  1.3264,  0.0799,  0.0023,  1.3333, -0.0472,  0.0551
  1.7076,  0.0742, -0.0040,  1.6987, -0.0453,  0.0459,  1.3350,  0.0798,  0.0020,  1.3319, -0.0469,  0.0567
  1.7162,  0.0742, -0.0044,  1.6971, -0.0451,  0.0467,  1.3436,  0.0798,  0.0016,  1.3304, -0.0468,  0.0575
  1.7248,  0.0741, -0.0047,  1.6956, -0.0449,  0.0467,  1.3521,  0.0798,  0.0013,  1.3289, -0.0467,  0.0576
  1.7333,  0.0741, -0.0050,  1.6942, -0.0448,  0.0459,  1.3607,  0.0798,  0.0010,  1.3275, -0.0467,  0.0568
  1.7419,  0.0741, -0.0053,  1.6929, -0.0448,  0.0444,  1.3692,  0.0798,  0.0007,  1.3263, -0.0467,  0.0553
  1.7505,  0.0741, -0.0055,  1.6919, -0.0449,  0.0423,  1.3779,  0.0798,  0.0005,  1.3253, -0.0469,  0.0532
  1.7592,  0.0741, -0.0058,  1.6913, -0.0452,  0.0397,  1.3866,  0.0798,  0.0002,  1.3247, -0.0473,  0.0506
  1.7680,  0.0742, -0.0060,  1.6912, -0.0455,  0.0366,  1.3954,  0.0798, -0.0000,  1.3246, -0.0478,  0.0477
  1.7769,  0.0743, -0.0063,  1.6918, -0.0461,  0.0333,  1.4043,  0.0799, -0.0003,  1.3253, -0.0485,  0.0444
  1.7860,  0.0744, -0.0065,  1.6940, -0.0469,  0.0298,  1.4134,  0.0800, -0.0005,  1.3275, -0.0496,  0.0411
  1.7957,  0.0745, -0.0067,  1.6991, -0.0487,  0.0339,  1.4231,  0.0802, -0.0007,  1.3326, -0.0518,  0.0454
  1.8005,  0.0748, -0.0027,  1.7041, -0.0491,  0.0297,  1.4285,  0.0803,  0.0039,  1.3373, -0.0526,  0.0408
  1.8044,  0.0749,  0.0017,  1.7093, -0.0493,  0.0253,  1.4331,  0.0802,  0.0091,  1.3419, -0.0531,  0.0360
  1.8077,  0.0750,  0.0065,  1.7152, -0.0495,  0.0208,  1.4371,  0.0800,  0.0146,  1.3472, -0.0535,  0.0310
  1.8103,  0.0750,  0.0116,  1.7221, -0.0495,  0.0164,  1.4404,  0.0798,  0.0203,  1.3533, -0.0538,  0.0261
  1.8124,  0.0752,  0.0168,  1.7298, -0.0494,  0.0121,  1.4432,  0.0796,  0.0262,  1.3603, -0.0538,  0.0212
  1.8140,  0.0754,  0.0221,  1.7386, -0.0493,  0.0081,  1.4454,  0.0793,  0.0320,  1.3683, -0.0537,  0.0165
  1.8153,  0.0756,  0.0274,  1.7484, -0.0490,  0.0044,  1.4472,  0.0790,  0.0377,  1.3773, -0.0534,  0.0121
  1.8161,  0.0759,  0.0326,  1.7591, -0.0484,  0.0011,  1.4485,  0.0787,  0.0433,  1.3872, -0.0530,  0.0080
  1.8166,  0.0761,  0.0374,  1.7693, -0.0476, -0.0021,  1.4493,  0.0784,  0.0484,  1.3970, -0.0524,  0.0040
  1.8208,  0.0744,  0.0333,  1.7793, -0.0477, -0.0024,  1.4537,  0.0768,  0.0444,  1.4070, -0.0525,  0.0037
  1.8204,  0.0738,  0.0364,  1.7888, -0.0477, -0.0027,  1.4534,  0.0760,  0.0474,  1.4165, -0.0525,  0.0034
  1.8196,  0.0732,  0.0394,  1.7980, -0.0477, -0.0030,  1.4527,  0.0754,  0.0503,  1.4257, -0.0525,  0.0030
  1.8185,  0.0727,  0.0420,  1.8069, -0.0477, -0.0034,  1.4516,  0.0749,  0.0529,  1.4346, -0.0525,  0.0027
  1.8172,  0.0723,  0.0442,  1.8157, -0.0477, -0.0037,  1.4504,  0.0745,  0.0551,  1.4434, -0.0524,  0.0024
  1.8157,  0.0720,  0.0458,  1.8243, -0.0477, -0.0040,  1.4490,  0.0743,  0.0566,  1.4520, -0.0524,  0.0020
  1.8142,  0.0718,  0.0467,  1.8329, -0.0476, -0.0043,  1.4475,  0.0741,  0.0575,  1.4606, -0.0524,  0.0017
  1.8127,  0.0716,  0.0467,  1.8414, -0.0476, -0.0047,  1.4460,  0.0740,  0.0575,  1.4691, -0.0524,  0.0014
  1.8112,  0.0715,  0.0459,  1.8500, -0.0476, -0.0050,  1.4446,  0.0740,  0.0567,  1.4777, -0.0524,  0.0011
  1.8099,  0.0716,  0.0444,  1.8585, -0.0476, -0.0052,  1.4434,  0.0741,  0.0553,  1.4862, -0.0524,  0.0008
  1.8089,  0.0717,  0.0423,  1.8672, -0.0476, -0.0055,  1.4424,  0.0744,  0.0532,  1.4948, -0.0524,  0.0005
  1.8083,  0.0719,  0.0396,  1.8759, -0.0477, -0.0058,  1.4418,  0.0747,  0.0506,  1.5036, -0.0524,  0.0003
  1.8082,  0.0723,  0.0366,  1.8847, -0.0477, -0.0060,  1.4417,  0.0752,  0.0476,  1.5124, -0.0525,  0.0000
  1.8089,  0.0729,  0.0332,  1.8936, -0.0478, -0.0063,  1.4424,  0.0760,  0.0444,  1.5213, -0.0525, -0.0002
  1.8110,  0.0737,  0.0298,  1.9027, -0.0479, -0.0065,  1.4446,  0.0771,  0.0411,  1.5304, -0.0527, -0.0004
  1.8161,  0.0755,  0.0339,  1.9124, -0.0481, -0.0067,  1.4497,  0.0793,  0.0453,  1.5400, -0.0528, -0.0006
  1.8211,  0.0759,  0.0297,  1.9172, -0.0484, -0.0027,  1.4544,  0.0801,  0.0408,  1.5455, -0.0529,  0.0040
  1.8264,  0.0761,  0.0253,  1.9212, -0.0484,  0.0017,  1.4590,  0.0807,  0.0359,  1.5501, -0.0529,  0.0092
  1.8323,  0.0763,  0.0208,  1.9244, -0.0485,  0.0065,  1.4643,  0.0811,  0.0309,  1.5540, -0.0527,  0.0147
  1.8391,  0.0763,  0.0164,  1.9270, -0.0485,  0.0116,  1.4704,  0.0813,  0.0260,  1.5574, -0.0525,  0.0204
  1.8469,  0.0762,  0.0121,  1.9291, -0.0486,  0.0169,  1.4774,  0.0814,  0.0211,  1.5601, -0.0523,  0.0262
  1.8557,  0.0760,  0.0081,  1.9308, -0.0488,  0.0222,  1.4854,  0.0813,  0.0165,  1.5624, -0.0520,  0.0320
  1.8655,  0.0757,  0.0044,  1.9320, -0.0490,  0.0275,  1.4944,  0.0810,  0.0121,  1.5641, -0.0517,  0.0378
  1.8761,  0.0752,  0.0011,  1.9329, -0.0493,  0.0326,  1.5043,  0.0806,  0.0080,  1.5655, -0.0514,  0.0433
  1.8864,  0.0743, -0.0021,  1.9334, -0.0495,  0.0375,  1.5141,  0.0800,  0.0039,  1.5662, -0.0510,  0.0485
  1.8963,  0.0744, -0.0024,  1.9376, -0.0478,  0.0334,  1.5241,  0.0801,  0.0036,  1.5706, -0.0494,  0.0444
  1.9058,  0.0744, -0.0027,  1.9373, -0.0471,  0.0365,  1.5336,  0.0801,  0.0033,  1.5703, -0.0487,  0.0474
  1.9150,  0.0744, -0.0030,  1.9365, -0.0465,  0.0395,  1.5427,  0.0800,  0.0030,  1.5696, -0.0480,  0.0503
  1.9240,  0.0744, -0.0034,  1.9353, -0.0460,  0.0421,  1.5517,  0.0800,  0.0026,  1.5686, -0.0475,  0.0529
  1.9327,  0.0743, -0.0037,  1.9340, -0.0456,  0.0443,  1.5604,  0.0800,  0.0023,  1.5673, -0.0471,  0.0551
  1.9414,  0.0743, -0.0040,  1.9325, -0.0452,  0.0459,  1.5691,  0.0800,  0.0019,  1.5659, -0.0468,  0.0567
  1.9499,  0.0743, -0.0043,  1.9310, -0.0450,  0.0468,  1.5777,  0.0799,  0.0016,  1.5644, -0.0467,  0.0575
  1.9585,  0.0742, -0.0047,  1.9295, -0.0448,  0.0468,  1.5862,  0.0799,  0.0013,  1.5629, -0.0466,  0.0575
  1.9670,  0.0742, -0.0050,  1.9281, -0.0447,  0.0460,  1.5947,  0.0799,  0.0010,  1.5615, -0.0466,  0.0567
  1.9756,  0.0742, -0.0052,  1.9268, -0.0447,  0.0445,  1.6033,  0.0799,  0.0007,  1.5603, -0.0466,  0.0553
  1.9842,  0.0742, -0.0055,  1.9258, -0.0448,  0.0423,  1.6119,  0.0799,  0.0004,  1.5593, -0.0468,  0.0532
  1.9929,  0.0742, -0.0058,  1.9252, -0.0450,  0.0397,  1.6207,  0.0799,  0.0002,  1.5587, -0.0472,  0.0506
  2.0018,  0.0743, -0.0060,  1.9251, -0.0454,  0.0366,  1.6295,  0.0800, -0.0001,  1.5586, -0.0477,  0.0476
  2.0107,  0.0744, -0.0062,  1.9258, -0.0460,  0.0333,  1.6384,  0.0800, -0.0003,  1.5593, -0.0484,  0.0444
  2.0198,  0.0745, -0.0065,  1.9279, -0.0468,  0.0298,  1.6475,  0.0801, -0.0005,  1.5615, -0.0495,  0.0411
  2.0295,  0.0746, -0.0067,  1.9330, -0.0486,  0.0340,  1.6571,  0.0803, -0.0007,  1.5666, -0.0517,  0.0453
  2.0343,  0.0749, -0.0027,  1.9380, -0.0490,  0.0297,  1.6626,  0.0804,  0.0039,  1.5713, -0.0525,  0.0408
  2.0382,  0.0750,  0.0017,  1.9433, -0.0492,  0.0253,  1.6672,  0.0803,  0.0091,  1.5759, -0.0530,  0.0359
  2.0415,  0.0751,  0.0065,  1.9492, -0.0494,  0.0208,  1.6712,  0.0802,  0.0146,  1.5812, -0.0534,  0.0310
  2.0441,  0.0752,  0.0116,  1.9561, -0.0494,  0.0164,  1.6745,  0.0799,  0.0203,  1.5873, -0.0537,  0.0260
  2.0462,  0.0753,  0.0169,  1.9638, -0.0493,  0.0121,  1.6773,  0.0797,  0.0261,  1.5943, -0.0537,  0.0212
  2.0479,  0.0755,  0.0222,  1.9726, -0.0492,  0.0081,  1.6795,  0.0794,  0.0320,  1.6024, -0.0536,  0.0165
  2.0491,  0.0757,  0.0274,  1.9825, -0.0489,  0.0044,  1.6813,  0.0791,  0.0377,  1.6114, -0.0533,  0.0121
  2.0500,  0.0760,  0.0326,  1.9931, -0.0483,  0.0011,  1.6826,  0.0788,  0.0433,  1.6213, -0.0529,  0.0080
  2.0504,  0.0762,  0.0375,  2.0033, -0.0475, -0.0021,  1.6834,  0.0785,  0.0484,  1.6311, -0.0523,  0.0040
  2.0547,  0.0746,  0.0333,  2.0133, -0.0476, -0.0024,  1.6878,  0.0769,  0.0444,  1.6410, -0.0524,  0.0037
  2.0543,  0.0739,  0.0364,  2.0228, -0.0476, -0.0027,  1.6874,  0.0761,  0.0473,  1.6505, -0.0524,  0.0034
  2.0535,  0.0733,  0.0394,  2.0320, -0.0476, -0.0030,  1.6867,  0.0755,  0.0503,  1.6597, -0.0524,  0.0030
  2.0524,  0.0728,  0.0421,  2.0409, -0.0476, -0.0034,  1.6857,  0.0750,  0.0529,  1.6686, -0.0524,  0.0027
  2.0511,  0.0724,  0.0443,  2.0497, -0.0476, -0.0037,  1.6845,  0.0746,  0.0550,  1.6774, -0.0523,  0.0023
  2.0496,  0.0721,  0.0459,  2.0583, -0.0475, -0.0040,  1.6831,  0.0744,  0.0566,  1.6861, -0.0523,  0.0020
  2.0481,  0.0719,  0.0467,  2.0669, -0.0475, -0.0043,  1.6816,  0.0742,  0.0574,  1.6946, -0.0523,  0.0017
  2.0466,  0.0717,  0.0467,  2.0755, -0.0475, -0.0047,  1.6801,  0.0741,  0.0574,  1.7032, -0.0523,  0.0014
  2.0451,  0.0717,  0.0459,  2.0840, -0.0475, -0.0050,  1.6787,  0.0741,  0.0567,  1.7117, -0.0523,  0.0011
  2.0439,  0.0717,  0.0444,  2.0926, -0.0475, -0.0052,  1.6775,  0.0742,  0.0552,  1.7203, -0.0523,  0.0008
  2.0429,  0.0718,  0.0423,  2.1012, -0.0475, -0.0055,  1.6765,  0.0745,  0.0531,  1.7289, -0.0523,  0.0005
  2.0423,  0.0720,  0.0397,  2.1099, -0.0475, -0.0058,  1.6759,  0.0748,  0.0505,  1.7376, -0.0523,  0.0003
  2.0422,  0.0724,  0.0366,  2.1187, -0.0476, -0.0060,  1.6758,  0.0753,  0.0475,  1.7464, -0.0524,  0.0000
  2.0428,  0.0730,  0.0333,  2.1276, -0.0477, -0.0062,  1.6765,  0.0761,  0.0443,  1.7553, -0.0524, -0.0002
  2.0450,  0.0738,  0.0298,  2.1367, -0.0478, -0.0065,  1.6787,  0.0772,  0.0410,  1.7644, -0.0525, -0.0004
  2.0501,  0.0757,  0.0339,  2.1464, -0.0480, -0.0067,  1.6838,  0.0794,  0.0452,  1.7741, -0.0527, -0.0006
  2.0551,  0.0760,  0.0297,  2.1513, -0.0483, -0.0027,  1.6885,  0.0802,  0.0407,  1.7795, -0.0528,  0.0040
  2.0603,  0.0762,  0.0253,  2.1552, -0.0483,  0.0018,  1.6931,  0.0808,  0.0358,  1.7841, -0.0528,  0.0092
  2.0663,  0.0764,  0.0208,  2.1584, -0.0483,  0.0066,  1.6984,  0.0812,  0.0309,  1.7881, -0.0526,  0.0147
  2.0731,  0.0764,  0.0164,  2.1610, -0.0484,  0.0116,  1.7046,  0.0814,  0.0259,  1.7914, -0.0524,  0.0204
  2.0809,  0.0763,  0.0121,  2.1631, -0.0485,  0.0169,  1.7116,  0.0815,  0.0211,  1.7942, -0.0522,  0.0262
  2.0897,  0.0762,  0.0081,  2.1648, -0.0487,  0.0222,  1.7196,  0.0814,  0.0164,  1.7964, -0.0519,  0.0320
  2.0995,  0.0758,  0.0044,  2.1660, -0.0489,  0.0275,  1.7287,  0.0811,  0.0120,  1.7982, -0.0516,  0.0377
  2.1101,  0.0753,  0.0011,  2.1669, -0.0492,  0.0327,  1.7386,  0.0807,  0.0079,  1.7995, -0.0513,  0.0433
  2.1203,  0.0745, -0.0021,  2.1674, -0.0493,  0.0375,  1.7484,  0.0801,  0.0039,  1.8003, -0.0509,  0.0484
  2.1303,  0.0745, -0.0024,  2.1716, -0.0477,  0.0334,  1.7583,  0.0801,  0.0035,  1.8047, -0.0493,  0.0444
  2.1398,  0.0745, -0.0027,  2.1712, -0.0470,  0.0365,  1.7678,  0.0802,  0.0032,  1.8043, -0.0486,  0.0474
  2.1490,  0.0745, -0.0030,  2.1704, -0.0464,  0.0395,  1.7770,  0.0801,  0.0029,  1.8036, -0.0479,  0.0503
  2.1579,  0.0745, -0.0033,  2.1693, -0.0459,  0.0422,  1.7859,  0.0801,  0.0026,  1.8026, -0.0474,  0.0529
  2.1667,  0.0745, -0.0037,  2.1680, -0.0454,  0.0444,  1.7947,  0.0801,  0.0022,  1.8013, -0.0470,  0.0551
  2.1753,  0.0744, -0.0040,  2.1665, -0.0451,  0.0459,  1.8033,  0.0801,  0.0019,  1.7999, -0.0467,  0.0566
  2.1839,  0.0744, -0.0043,  2.1650, -0.0449,  0.0468,  1.8119,  0.0800,  0.0016,  1.7985, -0.0466,  0.0575
  2.1925,  0.0744, -0.0046,  2.1635, -0.0447,  0.0468,  1.8205,  0.0800,  0.0013,  1.7970, -0.0465,  0.0575
  2.2010,  0.0743, -0.0049,  2.1621, -0.0446,  0.0460,  1.8290,  0.0800,  0.0010,  1.7956, -0.0465,  0.0567
  2.2096,  0.0743, -0.0052,  2.1608, -0.0446,  0.0445,  1.8376,  0.0800,  0.0007,  1.7944, -0.0465,  0.0552
  2.2182,  0.0743, -0.0055,  2.1598, -0.0447,  0.0424,  1.8462,  0.0800,  0.0004,  1.7934, -0.0467,  0.0531
  2.2269,  0.0744, -0.0057,  2.1592, -0.0449,  0.0397,  1.8549,  0.0800,  0.0002,  1.7928, -0.0471,  0.0505
  2.2358,  0.0744, -0.0060,  2.1591, -0.0453,  0.0367,  1.8637,  0.0801, -0.0001,  1.7927, -0.0476,  0.0475
  2.2447,  0.0745, -0.0062,  2.1598, -0.0459,  0.0333,  1.8727,  0.0801, -0.0003,  1.7934, -0.0483,  0.0443
  2.2538,  0.0746, -0.0064,  2.1619, -0.0467,  0.0298,  1.8818,  0.0802, -0.0005,  1.7957, -0.0494,  0.0410
  2.2635,  0.0748, -0.0066,  2.1670, -0.0485,  0.0340,  1.8914,  0.0804, -0.0007,  1.8008, -0.0516,  0.0452
  2.2683,  0.0751, -0.0026,  2.1721, -0.0489,  0.0297,  1.8968,  0.0805,  0.0039,  1.8054, -0.0524,  0.0406
  2.2723,  0.0752,  0.0018,  2.1773, -0.0491,  0.0253,  1.9015,  0.0804,  0.0091,  1.8101, -0.0529,  0.0358
  2.2755,  0.0752,  0.0066,  2.1833, -0.0493,  0.0208,  1.9054,  0.0803,  0.0146,  1.8154, -0.0533,  0.0308
  2.2781,  0.0753,  0.0117,  2.1901, -0.0493,  0.0164,  1.9087,  0.0801,  0.0203,  1.8215, -0.0536,  0.0259
  2.2802,  0.0754,  0.0169,  2.1979, -0.0493,  0.0121,  1.9114,  0.0798,  0.0261,  1.8286, -0.0536,  0.0210
  2.2819,  0.0756,  0.0223,  2.2067, -0.0491,  0.0081,  1.9137,  0.0795,  0.0319,  1.8366, -0.0535,  0.0164
  2.2831,  0.0759,  0.0275,  2.2165, -0.0488,  0.0044,  1.9154,  0.0792,  0.0377,  1.8457, -0.0532,  0.0120
  2.2840,  0.0762,  0.0327,  2.2271, -0.0482,  0.0011,  1.9168,  0.0789,  0.0432,  1.8556, -0.0528,  0.0079
  2.2844,  0.0764,  0.0376,  2.2374, -0.0474, -0.0021,  1.9175,  0.0786,  0.0484,  1.8654, -0.0522,  0.0039
  2.2887,  0.0747,  0.0335,  2.2473, -0.0475, -0.0024,  1.9219,  0.0770,  0.0443,  1.8753, -0.0523,  0.0036
  2.2883,  0.0740,  0.0366,  2.2569, -0.0475, -0.0027,  1.9215,  0.0762,  0.0473,  1.8848, -0.0523,  0.0033
  2.2875,  0.0735,  0.0395,  2.2660, -0.0475, -0.0030,  1.9208,  0.0756,  0.0502,  1.8940, -0.0523,  0.0029
  2.2864,  0.0730,  0.0422,  2.2750, -0.0475, -0.0033,  1.9198,  0.0751,  0.0528,  1.9030, -0.0522,  0.0026
  2.2851,  0.0726,  0.0444,  2.2838, -0.0475, -0.0037,  1.9185,  0.0747,  0.0550,  1.9117, -0.0522,  0.0023
  2.2836,  0.0722,  0.0460,  2.2924, -0.0474, -0.0040,  1.9171,  0.0744,  0.0565,  1.9204, -0.0522,  0.0019
  2.2821,  0.0720,  0.0468,  2.3010, -0.0474, -0.0043,  1.9157,  0.0743,  0.0573,  1.9290, -0.0522,  0.0016
  2.2806,  0.0719,  0.0468,  2.3096, -0.0474, -0.0046,  1.9142,  0.0742,  0.0573,  1.9375, -0.0522,  0.0013
  2.2792,  0.0718,  0.0460,  2.3181, -0.0474, -0.0049,  1.9128,  0.0742,  0.0566,  1.9461, -0.0521,  0.0010
  2.2779,  0.0718,  0.0445,  2.3267, -0.0474, -0.0052,  1.9116,  0.0743,  0.0551,  1.9547, -0.0522,  0.0007
  2.2769,  0.0719,  0.0424,  2.3354, -0.0474, -0.0054,  1.9106,  0.0745,  0.0530,  1.9633, -0.0522,  0.0005
  2.2763,  0.0722,  0.0397,  2.3441, -0.0474, -0.0057,  1.9100,  0.0748,  0.0504,  1.9720, -0.0522,  0.0002
  2.2762,  0.0726,  0.0367,  2.3529, -0.0475, -0.0059,  1.9099,  0.0754,  0.0474,  1.9809, -0.0522,  0.0000
  2.2769,  0.0732,  0.0333,  2.3619, -0.0476, -0.0061,  1.9106,  0.0761,  0.0441,  1.9898, -0.0523, -0.0002
  2.2791,  0.0740,  0.0298,  2.3710, -0.0477, -0.0064,  1.9129,  0.0772,  0.0408,  1.9989, -0.0524, -0.0004
  2.2842,  0.0758,  0.0340,  2.3807, -0.0478, -0.0066,  1.9180,  0.0794,  0.0451,  2.0086, -0.0526, -0.0006
  2.2892,  0.0762,  0.0297,  2.3855, -0.0481, -0.0026,  1.9226,  0.0802,  0.0405,  2.0140, -0.0527,  0.0040
  2.2945,  0.0764,  0.0253,  2.3894, -0.0482,  0.0019,  1.9273,  0.0808,  0.0357,  2.0186, -0.0527,  0.0092
  2.3005,  0.0766,  0.0208,  2.3926, -0.0482,  0.0067,  1.9326,  0.0812,  0.0307,  2.0225, -0.0525,  0.0147
  2.3073,  0.0766,  0.0164,  2.3953, -0.0483,  0.0118,  1.9388,  0.0814,  0.0257,  2.0258, -0.0523,  0.0204
  2.3151,  0.0765,  0.0121,  2.3974, -0.0484,  0.0171,  1.9458,  0.0815,  0.0209,  2.0286, -0.0521,  0.0262
  2.3239,  0.0764,  0.0081,  2.3990, -0.0485,  0.0224,  1.9539,  0.0814,  0.0162,  2.0308, -0.0518,  0.0320
  2.3337,  0.0760,  0.0044,  2.4003, -0.0488,  0.0277,  1.9629,  0.0812,  0.0118,  2.0325, -0.0515,  0.0377
  2.3444,  0.0755,  0.0011,  2.4011, -0.0491,  0.0329,  1.9729,  0.0807,  0.0077,  2.0338, -0.0512,  0.0433
  2.3546,  0.0747, -0.0021,  2.4016, -0.0492,  0.0378,  1.9827,  0.0801,  0.0037,  2.0346, -0.0509,  0.0484
  2.3646,  0.0747, -0.0024,  2.4058, -0.0475,  0.0336,  1.9926,  0.0802,  0.0034,  2.0389, -0.0492,  0.0443
  2.3741,  0.0748, -0.0027,  2.4054, -0.0469,  0.0367,  2.0021,  0.0802,  0.0031,  2.0386, -0.0485,  0.0473
  2.3833,  0.0747, -0.0030,  2.4046, -0.0463,  0.0397,  2.0113,  0.0802,  0.0028,  2.0379, -0.0478,  0.0502
  2.3922,  0.0747, -0.0033,  2.4035, -0.0458,  0.0424,  2.0203,  0.0801,  0.0025,  2.0369, -0.0473,  0.0528
  2.4010,  0.0747, -0.0036,  2.4022, -0.0453,  0.0446,  2.0291,  0.0801,  0.0022,  2.0356, -0.0469,  0.0550
  2.4097,  0.0746, -0.0040,  2.4008, -0.0450,  0.0461,  2.0377,  0.0801,  0.0018,  2.0342, -0.0467,  0.0565
  2.4183,  0.0746, -0.0043,  2.3993, -0.0448,  0.0470,  2.0463,  0.0801,  0.0015,  2.0327, -0.0465,  0.0573
  2.4269,  0.0746, -0.0046,  2.3978, -0.0446,  0.0470,  2.0549,  0.0800,  0.0012,  2.0313, -0.0464,  0.0573
  2.4355,  0.0746, -0.0048,  2.3964, -0.0446,  0.0462,  2.0635,  0.0800,  0.0009,  2.0299, -0.0464,  0.0565
  2.4441,  0.0746, -0.0051,  2.3951, -0.0446,  0.0446,  2.0721,  0.0800,  0.0007,  2.0287, -0.0464,  0.0550
  2.4527,  0.0746, -0.0054,  2.3942, -0.0447,  0.0425,  2.0808,  0.0800,  0.0004,  2.0277, -0.0466,  0.0529
  2.4615,  0.0746, -0.0056,  2.3936, -0.0449,  0.0398,  2.0895,  0.0801,  0.0002,  2.0272, -0.0470,  0.0503
  2.4703,  0.0747, -0.0058,  2.3935, -0.0453,  0.0367,  2.0984,  0.0801, -0.0000,  2.0271, -0.0475,  0.0473
  2.4793,  0.0747, -0.0060,  2.3943, -0.0459,  0.0334,  2.1073,  0.0802, -0.0002,  2.0278, -0.0482,  0.0440
  2.4885,  0.0748, -0.0062,  2.3965, -0.0467,  0.0299,  2.1164,  0.0803, -0.0004,  2.0301, -0.0493,  0.0407
  2.4982,  0.0750, -0.0064,  2.4016, -0.0486,  0.0341,  2.1261,  0.0804, -0.0006,  2.0352, -0.0515,  0.0449
  2.5030,  0.0753, -0.0024,  2.4066, -0.0489,  0.0298,  2.1315,  0.0805,  0.0040,  2.0399, -0.0522,  0.0404
  2.5069,  0.0754,  0.0021,  2.4119, -0.0492,  0.0253,  2.1362,  0.0805,  0.0092,  2.0446, -0.0528,  0.0355
  2.5101,  0.0754,  0.0070,  2.4179, -0.0493,  0.0209,  2.1401,  0.0803,  0.0147,  2.0500, -0.0532,  0.0306
  2.5127,  0.0755,  0.0121,  2.4248, -0.0494,  0.0164,  2.1434,  0.0801,  0.0204,  2.0562, -0.0535,  0.0256
  2.5148,  0.0756,  0.0173,  2.4326, -0.0493,  0.0121,  2.1461,  0.0799,  0.0262,  2.0632, -0.0535,  0.0208
  2.5164,  0.0758,  0.0227,  2.4414, -0.0491,  0.0081,  2.1482,  0.0796,  0.0320,  2.0713, -0.0534,  0.0161
  2.5177,  0.0761,  0.0280,  2.4513, -0.0488,  0.0044,  2.1500,  0.0793,  0.0377,  2.0804, -0.0531,  0.0118
  2.5185,  0.0764,  0.0332,  2.4619, -0.0483,  0.0011,  2.1512,  0.0790,  0.0433,  2.0903, -0.0527,  0.0077
  2.5189,  0.0766,  0.0381,  2.4722, -0.0475, -0.0021,  2.1519,  0.0787,  0.0484,  2.1001, -0.0521,  0.0037
  2.5232,  0.0749,  0.0340,  2.4821, -0.0476, -0.0024,  2.1563,  0.0771,  0.0443,  2.1101, -0.0521,  0.0034
  2.5228,  0.0743,  0.0371,  2.4916, -0.0476, -0.0027,  2.1560,  0.0763,  0.0473,  2.1196, -0.0522,  0.0031
  2.5220,  0.0737,  0.0400,  2.5009, -0.0476, -0.0030,  2.1552,  0.0757,  0.0502,  2.1288, -0.0522,  0.0028
  2.5209,  0.0732,  0.0427,  2.5099, -0.0475, -0.0033,  2.1542,  0.0752,  0.0528,  2.1378, -0.0521,  0.0025
  2.5195,  0.0728,  0.0449,  2.5187, -0.0475, -0.0036,  2.1530,  0.0748,  0.0549,  2.1466, -0.0521,  0.0022
  2.5181,  0.0725,  0.0465,  2.5274, -0.0475, -0.0039,  2.1516,  0.0745,  0.0564,  2.1553, -0.0521,  0.0019
  2.5166,  0.0723,  0.0473,  2.5360, -0.0475, -0.0042,  2.1501,  0.0743,  0.0572,  2.1640, -0.0520,  0.0016
  2.5151,  0.0722,  0.0473,  2.5446, -0.0474, -0.0045,  2.1487,  0.0742,  0.0572,  2.1726, -0.0520,  0.0013
  2.5137,  0.0721,  0.0464,  2.5532, -0.0474, -0.0047,  2.1473,  0.0742,  0.0564,  2.1812, -0.0520,  0.0011
  2.5125,  0.0722,  0.0449,  2.5619, -0.0474, -0.0050,  2.1461,  0.0743,  0.0548,  2.1898, -0.0520,  0.0008
  2.5116,  0.0723,  0.0427,  2.5706, -0.0474, -0.0052,  2.1452,  0.0745,  0.0527,  2.1985, -0.0520,  0.0006
  2.5110,  0.0726,  0.0401,  2.5793, -0.0475, -0.0054,  2.1446,  0.0748,  0.0500,  2.2073, -0.0520,  0.0004
  2.5110,  0.0730,  0.0370,  2.5882, -0.0475, -0.0056,  2.1446,  0.0754,  0.0470,  2.2162, -0.0521,  0.0002
  2.5117,  0.0736,  0.0336,  2.5972, -0.0476, -0.0058,  2.1453,  0.0761,  0.0437,  2.2251, -0.0522,  0.0000
  2.5139,  0.0744,  0.0301,  2.6064, -0.0477, -0.0060,  2.1476,  0.0772,  0.0404,  2.2343, -0.0523, -0.0001
  2.5190,  0.0763,  0.0343,  2.6161, -0.0479, -0.0061,  2.1527,  0.0794,  0.0446,  2.2440, -0.0524, -0.0003
  2.5241,  0.0767,  0.0300,  2.6209, -0.0481, -0.0020,  2.1575,  0.0801,  0.0401,  2.2494, -0.0526,  0.0044
  2.5294,  0.0769,  0.0255,  2.6248, -0.0482,  0.0026,  2.1622,  0.0807,  0.0352,  2.2540, -0.0526,  0.0095
  2.5354,  0.0771,  0.0210,  2.6280, -0.0483,  0.0075,  2.1676,  0.0812,  0.0303,  2.2579, -0.0525,  0.0150
  2.5423,  0.0772,  0.0165,  2.6306, -0.0483,  0.0126,  2.1739,  0.0815,  0.0253,  2.2611, -0.0524,  0.0207
  2.5501,  0.0772,  0.0122,  2.6327, -0.0484,  0.0179,  2.1810,  0.0816,  0.0205,  2.2638, -0.0522,  0.0265
  2.5590,  0.0770,  0.0082,  2.6343, -0.0486,  0.0233,  2.1891,  0.0816,  0.0159,  2.2659, -0.0520,  0.0323
  2.5688,  0.0768,  0.0045,  2.6355, -0.0489,  0.0287,  2.1982,  0.0813,  0.0115,  2.2676, -0.0517,  0.0380
  2.5794,  0.0763,  0.0012,  2.6363, -0.0492,  0.0339,  2.2082,  0.0809,  0.0075,  2.2688, -0.0515,  0.0435
  2.5897,  0.0755, -0.0020,  2.6366, -0.0494,  0.0388,  2.2180,  0.0804,  0.0035,  2.2695, -0.0512,  0.0486
  2.5996,  0.0756, -0.0023,  2.6409, -0.0477,  0.0347,  2.2278,  0.0804,  0.0033,  2.2738, -0.0496,  0.0446
  2.6091,  0.0756, -0.0026,  2.6405, -0.0471,  0.0378,  2.2373,  0.0804,  0.0030,  2.2735, -0.0489,  0.0475
  2.6183,  0.0756, -0.0028,  2.6397, -0.0465,  0.0408,  2.2466,  0.0804,  0.0027,  2.2727, -0.0483,  0.0504
  2.6273,  0.0756, -0.0031,  2.6386, -0.0461,  0.0434,  2.2555,  0.0804,  0.0025,  2.2717, -0.0478,  0.0529
  2.6361,  0.0755, -0.0034,  2.6372, -0.0458,  0.0456,  2.2644,  0.0804,  0.0022,  2.2704, -0.0475,  0.0550
  2.6448,  0.0755, -0.0037,  2.6358, -0.0455,  0.0471,  2.2731,  0.0803,  0.0019,  2.2690, -0.0472,  0.0565
  2.6534,  0.0755, -0.0039,  2.6343, -0.0454,  0.0479,  2.2817,  0.0803,  0.0017,  2.2675, -0.0471,  0.0573
  2.6620,  0.0754, -0.0041,  2.6328, -0.0453,  0.0478,  2.2903,  0.0803,  0.0014,  2.2661, -0.0471,  0.0572
  2.6706,  0.0754, -0.0044,  2.6314, -0.0453,  0.0470,  2.2988,  0.0803,  0.0012,  2.2647, -0.0471,  0.0563
  2.6791,  0.0754, -0.0046,  2.6302, -0.0454,  0.0454,  2.3074,  0.0803,  0.0010,  2.2635, -0.0472,  0.0547
  2.6878,  0.0754, -0.0047,  2.6292, -0.0456,  0.0432,  2.3160,  0.0803,  0.0009,  2.2625, -0.0475,  0.0526
  2.6965,  0.0755, -0.0049,  2.6286, -0.0460,  0.0404,  2.3247,  0.0803,  0.0007,  2.2619, -0.0479,  0.0499
  2.7053,  0.0755, -0.0050,  2.6286, -0.0465,  0.0373,  2.3335,  0.0804,  0.0006,  2.2619, -0.0484,  0.0468
  2.7141,  0.0756, -0.0051,  2.6293, -0.0471,  0.0339,  2.3424,  0.0805,  0.0005,  2.2626, -0.0493,  0.0435
  2.7231,  0.0757, -0.0053,  2.6315, -0.0480,  0.0304,  2.3514,  0.0806,  0.0004,  2.2648, -0.0504,  0.0401
  2.7326,  0.0759, -0.0053,  2.6365, -0.0500,  0.0346,  2.3609,  0.0807,  0.0003,  2.2698, -0.0526,  0.0444
  2.7373,  0.0763, -0.0011,  2.6415, -0.0505,  0.0302,  2.3662,  0.0810,  0.0049,  2.2745, -0.0535,  0.0398
  2.7409,  0.0764,  0.0037,  2.6468, -0.0509,  0.0256,  2.3706,  0.0811,  0.0101,  2.2792, -0.0542,  0.0349
  2.7439,  0.0765,  0.0088,  2.6527, -0.0512,  0.0210,  2.3744,  0.0811,  0.0156,  2.2846, -0.0548,  0.0300
  2.7462,  0.0767,  0.0141,  2.6595, -0.0514,  0.0165,  2.3774,  0.0811,  0.0212,  2.2908, -0.0552,  0.0251
  2.7480,  0.0769,  0.0196,  2.6672, -0.0515,  0.0121,  2.3799,  0.0810,  0.0270,  2.2978, -0.0554,  0.0203
  2.7493,  0.0771,  0.0251,  2.6759, -0.0515,  0.0079,  2.3818,  0.0809,  0.0328,  2.3059, -0.0555,  0.0157
  2.7501,  0.0775,  0.0306,  2.6856, -0.0514,  0.0042,  2.3832,  0.0808,  0.0384,  2.3149, -0.0554,  0.0114
  2.7506,  0.0778,  0.0360,  2.6961, -0.0510,  0.0008,  2.3842,  0.0806,  0.0439,  2.3247, -0.0551,  0.0075
  2.7506,  0.0781,  0.0411,  2.7062, -0.0504, -0.0025,  2.3846,  0.0804,  0.0490,  2.3344, -0.0547,  0.0036
  2.7547,  0.0765,  0.0370,  2.7158, -0.0505, -0.0027,  2.3888,  0.0788,  0.0450,  2.3440, -0.0547,  0.0034
  2.7539,  0.0760,  0.0402,  2.7251, -0.0505, -0.0029,  2.3881,  0.0782,  0.0478,  2.3532, -0.0548,  0.0032
  2.7526,  0.0757,  0.0432,  2.7340, -0.0505, -0.0032,  2.3871,  0.0779,  0.0506,  2.3622, -0.0547,  0.0030
  2.7510,  0.0755,  0.0459,  2.7428, -0.0504, -0.0034,  2.3857,  0.0777,  0.0531,  2.3709, -0.0547,  0.0028
  2.7492,  0.0754,  0.0481,  2.7512, -0.0504, -0.0036,  2.3841,  0.0776,  0.0551,  2.3794, -0.0547,  0.0025
  2.7472,  0.0754,  0.0497,  2.7596, -0.0503, -0.0038,  2.3823,  0.0776,  0.0565,  2.3877, -0.0546,  0.0024
  2.7450,  0.0755,  0.0505,  2.7678, -0.0503, -0.0040,  2.3803,  0.0777,  0.0571,  2.3959, -0.0546,  0.0022
  2.7429,  0.0757,  0.0505,  2.7759, -0.0503, -0.0041,  2.3783,  0.0779,  0.0569,  2.4040, -0.0546,  0.0020
  2.7408,  0.0760,  0.0496,  2.7839, -0.0502, -0.0042,  2.3764,  0.0782,  0.0558,  2.4120, -0.0545,  0.0019
  2.7388,  0.0764,  0.0480,  2.7918, -0.0502, -0.0044,  2.3746,  0.0786,  0.0541,  2.4200, -0.0545,  0.0018
  2.7370,  0.0769,  0.0458,  2.7998, -0.0502, -0.0044,  2.3729,  0.0791,  0.0517,  2.4279, -0.0545,  0.0017
  2.7355,  0.0775,  0.0430,  2.8077, -0.0502, -0.0045,  2.3716,  0.0798,  0.0489,  2.4358, -0.0545,  0.0017
  2.7344,  0.0783,  0.0399,  2.8156, -0.0502, -0.0046,  2.3707,  0.0807,  0.0456,  2.4438, -0.0545,  0.0016
  2.7340,  0.0793,  0.0364,  2.8236, -0.0503, -0.0046,  2.3706,  0.0818,  0.0421,  2.4517, -0.0545,  0.0016
  2.7351,  0.0805,  0.0329,  2.8315, -0.0503, -0.0046,  2.3718,  0.0832,  0.0386,  2.4597, -0.0546,  0.0016
  2.7393,  0.0826,  0.0367,  2.8399, -0.0505, -0.0046,  2.3759,  0.0852,  0.0424,  2.4680, -0.0547,  0.0016
  2.7426,  0.0839,  0.0321,  2.8432, -0.0512, -0.0005,  2.3793,  0.0869,  0.0376,  2.4720, -0.0554,  0.0059
  2.7459,  0.0851,  0.0274,  2.8452, -0.0519,  0.0043,  2.3825,  0.0885,  0.0325,  2.4747, -0.0561,  0.0110
  2.7498,  0.0862,  0.0226,  2.8462, -0.0526,  0.0095,  2.3863,  0.0900,  0.0273,  2.4765, -0.0567,  0.0164
  2.7544,  0.0871,  0.0178,  2.8464, -0.0533,  0.0150,  2.3909,  0.0914,  0.0221,  2.4774, -0.0572,  0.0222
  2.7599,  0.0880,  0.0133,  2.8458, -0.0540,  0.0207,  2.3963,  0.0926,  0.0171,  2.4776, -0.0578,  0.0281
  2.7663,  0.0887,  0.0090,  2.8446, -0.0549,  0.0264,  2.4026,  0.0936,  0.0123,  2.4770, -0.0583,  0.0339
  2.7736,  0.0893,  0.0050,  2.8429, -0.0559,  0.0320,  2.4097,  0.0944,  0.0078,  2.4759, -0.0589,  0.0396
  2.7817,  0.0896,  0.0015,  2.8408, -0.0569,  0.0374,  2.4177,  0.0950,  0.0036,  2.4743, -0.0595,  0.0450
  2.7893,  0.0897, -0.0018,  2.8387, -0.0577,  0.0424,  2.4254,  0.0955, -0.0004,  2.4725, -0.0600,  0.0499
  2.7976,  0.0898, -0.0019,  2.8419, -0.0562,  0.0380,  2.4337,  0.0956, -0.0005,  2.4758, -0.0584,  0.0455
  2.8050,  0.0899, -0.0020,  2.8385, -0.0563,  0.0400,  2.4411,  0.0957, -0.0006,  2.4726, -0.0585,  0.0475
  2.8120,  0.0899, -0.0021,  2.8343, -0.0566,  0.0412,  2.4481,  0.0957, -0.0007,  2.4686, -0.0587,  0.0486
  2.8185,  0.0899, -0.0022,  2.8297, -0.0570,  0.0415,  2.4546,  0.0957, -0.0008,  2.4642, -0.0591,  0.0488
  2.8246,  0.0899, -0.0023,  2.8247, -0.0574,  0.0407,  2.4606,  0.0957, -0.0009,  2.4595, -0.0595,  0.0479
  2.8303,  0.0899, -0.0024,  2.8194, -0.0579,  0.0386,  2.4663,  0.0957, -0.0010,  2.4545, -0.0600,  0.0458
  2.8356,  0.0899, -0.0025,  2.8140, -0.0585,  0.0355,  2.4717,  0.0957, -0.0011,  2.4494, -0.0605,  0.0427
  2.8407,  0.0899, -0.0026,  2.8086, -0.0591,  0.0315,  2.4767,  0.0957, -0.0012,  2.4442, -0.0611,  0.0387
  2.8455,  0.0899, -0.0027,  2.8032, -0.0597,  0.0267,  2.4815,  0.0957, -0.0013,  2.4390, -0.0617,  0.0339
  2.8499,  0.0899, -0.0028,  2.7979, -0.0604,  0.0214,  2.4860,  0.0957, -0.0014,  2.4340, -0.0624,  0.0286
  2.8541,  0.0899, -0.0029,  2.7930, -0.0611,  0.0156,  2.4902,  0.0957, -0.0015,  2.4293, -0.0631,  0.0228
  2.8581,  0.0899, -0.0030,  2.7883, -0.0618,  0.0096,  2.4941,  0.0957, -0.0016,  2.4249, -0.0639,  0.0168
  2.8618,  0.0898, -0.0030,  2.7841, -0.0626,  0.0035,  2.4978,  0.0957, -0.0016,  2.4210, -0.0648,  0.0108
  2.8652,  0.0898, -0.0031,  2.7806, -0.0634, -0.0024,  2.5012,  0.0957, -0.0017,  2.4177, -0.0657,  0.0048
